grid,year,circuitRef,location,trackLength,trackTurns,driverRef,driverNationality,constructorRef,constructorNationality
11,1996,silverstone,Silverstone,5.891,18,frentzen,German,sauber,Swiss
1,1996,monza,Monza,5.793,11,damon_hill,British,williams,British
19,1996,monza,Monza,5.793,11,rosset,Brazilian,footwork,British
8,1996,monza,Monza,5.793,11,berger,Austrian,benetton,Italian
16,1996,monza,Monza,5.793,11,katayama,Japanese,tyrrell,British
18,1996,monza,Monza,5.793,11,lamy,Portuguese,minardi,Italian
9,1996,monza,Monza,5.793,11,brundle,British,jordan,Irish
20,1996,monza,Monza,5.793,11,lavaggi,Italian,minardi,Italian
20,1996,magny_cours,Magny Cours,4.411,16,badoer,Italian,forti,Italian
2,1996,magny_cours,Magny Cours,4.411,16,damon_hill,British,williams,British
19,1996,magny_cours,Magny Cours,4.411,16,rosset,Brazilian,footwork,British
4,1996,magny_cours,Magny Cours,4.411,16,berger,Austrian,benetton,Italian
14,1996,magny_cours,Magny Cours,4.411,16,katayama,Japanese,tyrrell,British
18,1996,magny_cours,Magny Cours,4.411,16,lamy,Portuguese,minardi,Italian
2,1996,silverstone,Silverstone,5.891,18,villeneuve,Canadian,williams,British
16,1996,silverstone,Silverstone,5.891,18,panis,French,ligier,French
12,1996,magny_cours,Magny Cours,4.411,16,frentzen,German,sauber,Swiss
15,1996,magny_cours,Magny Cours,4.411,16,verstappen,Dutch,footwork,British
3,1996,magny_cours,Magny Cours,4.411,16,alesi,French,benetton,Italian
22,1996,magny_cours,Magny Cours,4.411,16,irvine,British,ferrari,Italian
5,1996,magny_cours,Magny Cours,4.411,16,hakkinen,Finnish,mclaren,British
13,1996,magny_cours,Magny Cours,4.411,16,salo,Finnish,tyrrell,British
11,1996,magny_cours,Magny Cours,4.411,16,diniz,Brazilian,ligier,French
16,1996,magny_cours,Magny Cours,4.411,16,herbert,British,sauber,Swiss
19,1996,villeneuve,Montreal,4.361,14,lamy,Portuguese,minardi,Italian
9,1996,villeneuve,Montreal,4.361,14,brundle,British,jordan,Irish
22,1996,villeneuve,Montreal,4.361,14,montermini,Italian,forti,Italian
7,1996,magny_cours,Magny Cours,4.411,16,coulthard,British,mclaren,British
17,1996,magny_cours,Magny Cours,4.411,16,fisichella,Italian,minardi,Italian
10,1996,magny_cours,Magny Cours,4.411,16,barrichello,Brazilian,jordan,Irish
6,1996,magny_cours,Magny Cours,4.411,16,villeneuve,Canadian,williams,British
9,1996,magny_cours,Magny Cours,4.411,16,panis,French,ligier,French
15,1996,hockenheimring,Hockenheim,4.574,16,salo,Finnish,tyrrell,British
8,1996,magny_cours,Magny Cours,4.411,16,brundle,British,jordan,Irish
21,1996,magny_cours,Magny Cours,4.411,16,montermini,Italian,forti,Italian
9,1996,silverstone,Silverstone,5.891,18,coulthard,British,mclaren,British
18,1996,silverstone,Silverstone,5.891,18,fisichella,Italian,minardi,Italian
6,1996,silverstone,Silverstone,5.891,18,barrichello,Brazilian,jordan,Irish
3,1996,silverstone,Silverstone,5.891,18,michael_schumacher,German,ferrari,Italian
19,1996,catalunya,Montmeló,4.657,14,fisichella,Italian,minardi,Italian
9,1996,hockenheimring,Hockenheim,4.574,16,barrichello,Brazilian,jordan,Irish
3,1996,hockenheimring,Hockenheim,4.574,16,michael_schumacher,German,ferrari,Italian
6,1996,hockenheimring,Hockenheim,4.574,16,villeneuve,Canadian,williams,British
12,1996,hockenheimring,Hockenheim,4.574,16,panis,French,ligier,French
13,1996,hockenheimring,Hockenheim,4.574,16,frentzen,German,sauber,Swiss
5,1996,hockenheimring,Hockenheim,4.574,16,alesi,French,benetton,Italian
8,1996,hockenheimring,Hockenheim,4.574,16,irvine,British,ferrari,Italian
4,1996,hockenheimring,Hockenheim,4.574,16,hakkinen,Finnish,mclaren,British
13,1996,silverstone,Silverstone,5.891,18,herbert,British,sauber,Swiss
1,1996,silverstone,Silverstone,5.891,18,damon_hill,British,williams,British
20,1996,silverstone,Silverstone,5.891,18,rosset,Brazilian,footwork,British
7,1996,silverstone,Silverstone,5.891,18,berger,Austrian,benetton,Italian
12,1996,silverstone,Silverstone,5.891,18,katayama,Japanese,tyrrell,British
19,1996,silverstone,Silverstone,5.891,18,lamy,Portuguese,minardi,Italian
8,1996,silverstone,Silverstone,5.891,18,brundle,British,jordan,Irish
7,1996,hockenheimring,Hockenheim,4.574,16,coulthard,British,mclaren,British
8,1996,estoril,Estoril,4.36,13,coulthard,British,mclaren,British
6,1996,estoril,Estoril,4.36,13,irvine,British,ferrari,Italian
15,1996,silverstone,Silverstone,5.891,18,verstappen,Dutch,footwork,British
5,1996,silverstone,Silverstone,5.891,18,alesi,French,benetton,Italian
10,1996,silverstone,Silverstone,5.891,18,irvine,British,ferrari,Italian
4,1996,silverstone,Silverstone,5.891,18,hakkinen,Finnish,mclaren,British
14,1996,silverstone,Silverstone,5.891,18,salo,Finnish,tyrrell,British
17,1996,silverstone,Silverstone,5.891,18,diniz,Brazilian,ligier,French
13,1996,monaco,Monte-Carlo,3.337,19,herbert,British,sauber,Swiss
21,1996,monaco,Monte-Carlo,3.337,19,badoer,Italian,forti,Italian
2,1996,monaco,Monte-Carlo,3.337,19,damon_hill,British,williams,British
20,1996,monaco,Monte-Carlo,3.337,19,rosset,Brazilian,footwork,British
4,1996,monaco,Monte-Carlo,3.337,19,berger,Austrian,benetton,Italian
15,1996,monaco,Monte-Carlo,3.337,19,katayama,Japanese,tyrrell,British
16,1996,monaco,Monte-Carlo,3.337,19,brundle,British,jordan,Irish
1,1996,galvez,Buenos Aires,4.259,18,damon_hill,British,williams,British
10,1996,monaco,Monte-Carlo,3.337,19,villeneuve,Canadian,williams,British
14,1996,monaco,Monte-Carlo,3.337,19,panis,French,ligier,French
9,1996,monaco,Monte-Carlo,3.337,19,frentzen,German,sauber,Swiss
3,1996,monaco,Monte-Carlo,3.337,19,alesi,French,benetton,Italian
7,1996,monaco,Monte-Carlo,3.337,19,irvine,British,ferrari,Italian
8,1996,monaco,Monte-Carlo,3.337,19,hakkinen,Finnish,mclaren,British
11,1996,monaco,Monte-Carlo,3.337,19,salo,Finnish,tyrrell,British
17,1996,monaco,Monte-Carlo,3.337,19,diniz,Brazilian,ligier,French
21,1996,imola,Imola,4.909,19,badoer,Italian,forti,Italian
2,1996,imola,Imola,4.909,19,damon_hill,British,williams,British
20,1996,imola,Imola,4.909,19,rosset,Brazilian,footwork,British
7,1996,imola,Imola,4.909,19,berger,Austrian,benetton,Italian
16,1996,imola,Imola,4.909,19,katayama,Japanese,tyrrell,British
18,1996,imola,Imola,4.909,19,lamy,Portuguese,minardi,Italian
12,1996,imola,Imola,4.909,19,brundle,British,jordan,Irish
5,1996,monaco,Monte-Carlo,3.337,19,coulthard,British,mclaren,British
10,1996,imola,Imola,4.909,19,frentzen,German,sauber,Swiss
14,1996,imola,Imola,4.909,19,verstappen,Dutch,footwork,British
5,1996,imola,Imola,4.909,19,alesi,French,benetton,Italian
6,1996,imola,Imola,4.909,19,irvine,British,ferrari,Italian
11,1996,imola,Imola,4.909,19,hakkinen,Finnish,mclaren,British
8,1996,imola,Imola,4.909,19,salo,Finnish,tyrrell,British
17,1996,imola,Imola,4.909,19,diniz,Brazilian,ligier,French
15,1996,imola,Imola,4.909,19,herbert,British,sauber,Swiss
19,1996,nurburgring,Nürburg,5.148,15,lamy,Portuguese,minardi,Italian
11,1996,nurburgring,Nürburg,5.148,15,brundle,British,jordan,Irish
4,1996,imola,Imola,4.909,19,coulthard,British,mclaren,British
19,1996,imola,Imola,4.909,19,fisichella,Italian,minardi,Italian
9,1996,imola,Imola,4.909,19,barrichello,Brazilian,jordan,Irish
1,1996,imola,Imola,4.909,19,michael_schumacher,German,ferrari,Italian
3,1996,imola,Imola,4.909,19,villeneuve,Canadian,williams,British
15,1996,interlagos,São Paulo,4.309,15,panis,French,ligier,French
9,1996,nurburgring,Nürburg,5.148,15,hakkinen,Finnish,mclaren,British
14,1996,nurburgring,Nürburg,5.148,15,salo,Finnish,tyrrell,British
17,1996,nurburgring,Nürburg,5.148,15,diniz,Brazilian,ligier,French
12,1996,nurburgring,Nürburg,5.148,15,herbert,British,sauber,Swiss
1,1996,nurburgring,Nürburg,5.148,15,damon_hill,British,williams,British
20,1996,nurburgring,Nürburg,5.148,15,rosset,Brazilian,footwork,British
8,1996,nurburgring,Nürburg,5.148,15,berger,Austrian,benetton,Italian
16,1996,nurburgring,Nürburg,5.148,15,katayama,Japanese,tyrrell,British
5,1996,nurburgring,Nürburg,5.148,15,barrichello,Brazilian,jordan,Irish
3,1996,nurburgring,Nürburg,5.148,15,michael_schumacher,German,ferrari,Italian
2,1996,nurburgring,Nürburg,5.148,15,villeneuve,Canadian,williams,British
15,1996,nurburgring,Nürburg,5.148,15,panis,French,ligier,French
10,1996,nurburgring,Nürburg,5.148,15,frentzen,German,sauber,Swiss
13,1996,nurburgring,Nürburg,5.148,15,verstappen,Dutch,footwork,British
4,1996,nurburgring,Nürburg,5.148,15,alesi,French,benetton,Italian
7,1996,nurburgring,Nürburg,5.148,15,irvine,British,ferrari,Italian
20,1996,galvez,Buenos Aires,4.259,18,rosset,Brazilian,footwork,British
5,1996,galvez,Buenos Aires,4.259,18,berger,Austrian,benetton,Italian
13,1996,galvez,Buenos Aires,4.259,18,katayama,Japanese,tyrrell,British
19,1996,galvez,Buenos Aires,4.259,18,lamy,Portuguese,minardi,Italian
15,1996,galvez,Buenos Aires,4.259,18,brundle,British,jordan,Irish
22,1996,galvez,Buenos Aires,4.259,18,montermini,Italian,forti,Italian
6,1996,nurburgring,Nürburg,5.148,15,coulthard,British,mclaren,British
18,1996,nurburgring,Nürburg,5.148,15,fisichella,Italian,minardi,Italian
10,1996,galvez,Buenos Aires,4.259,18,irvine,British,ferrari,Italian
8,1996,galvez,Buenos Aires,4.259,18,hakkinen,Finnish,mclaren,British
14,1996,galvez,Buenos Aires,4.259,18,marques,Brazilian,minardi,Italian
16,1996,galvez,Buenos Aires,4.259,18,salo,Finnish,tyrrell,British
18,1996,galvez,Buenos Aires,4.259,18,diniz,Brazilian,ligier,French
17,1996,galvez,Buenos Aires,4.259,18,herbert,British,sauber,Swiss
21,1996,galvez,Buenos Aires,4.259,18,badoer,Italian,forti,Italian
13,1996,albert_park,Melbourne,5.278,16,coulthard,British,mclaren,British
9,1996,galvez,Buenos Aires,4.259,18,coulthard,British,mclaren,British
6,1996,galvez,Buenos Aires,4.259,18,barrichello,Brazilian,jordan,Irish
2,1996,galvez,Buenos Aires,4.259,18,michael_schumacher,German,ferrari,Italian
3,1996,galvez,Buenos Aires,4.259,18,villeneuve,Canadian,williams,British
12,1996,galvez,Buenos Aires,4.259,18,panis,French,ligier,French
11,1996,galvez,Buenos Aires,4.259,18,frentzen,German,sauber,Swiss
7,1996,galvez,Buenos Aires,4.259,18,verstappen,Dutch,footwork,British
4,1996,galvez,Buenos Aires,4.259,18,alesi,French,benetton,Italian
19,1996,interlagos,São Paulo,4.309,15,badoer,Italian,forti,Italian
1,1996,interlagos,São Paulo,4.309,15,damon_hill,British,williams,British
17,1996,interlagos,São Paulo,4.309,15,rosset,Brazilian,footwork,British
8,1996,interlagos,São Paulo,4.309,15,berger,Austrian,benetton,Italian
16,1996,interlagos,São Paulo,4.309,15,katayama,Japanese,tyrrell,British
18,1996,interlagos,São Paulo,4.309,15,lamy,Portuguese,minardi,Italian
6,1996,interlagos,São Paulo,4.309,15,brundle,British,jordan,Irish
20,1996,interlagos,São Paulo,4.309,15,montermini,Italian,forti,Italian
9,1996,interlagos,São Paulo,4.309,15,frentzen,German,sauber,Swiss
13,1996,interlagos,São Paulo,4.309,15,verstappen,Dutch,footwork,British
5,1996,interlagos,São Paulo,4.309,15,alesi,French,benetton,Italian
10,1996,interlagos,São Paulo,4.309,15,irvine,British,ferrari,Italian
7,1996,interlagos,São Paulo,4.309,15,hakkinen,Finnish,mclaren,British
11,1996,interlagos,São Paulo,4.309,15,salo,Finnish,tyrrell,British
22,1996,interlagos,São Paulo,4.309,15,diniz,Brazilian,ligier,French
12,1996,interlagos,São Paulo,4.309,15,herbert,British,sauber,Swiss
17,1996,estoril,Estoril,4.36,13,rosset,Brazilian,footwork,British
5,1996,estoril,Estoril,4.36,13,berger,Austrian,benetton,Italian
14,1996,estoril,Estoril,4.36,13,katayama,Japanese,tyrrell,British
19,1996,estoril,Estoril,4.36,13,lamy,Portuguese,minardi,Italian
10,1996,estoril,Estoril,4.36,13,brundle,British,jordan,Irish
20,1996,estoril,Estoril,4.36,13,lavaggi,Italian,minardi,Italian
4,1996,monza,Monza,5.793,11,hakkinen,Finnish,mclaren,British
18,1996,hungaroring,Budapest,4.381,14,rosset,Brazilian,footwork,British
8,1996,suzuka,Suzuka,5.807,18,coulthard,British,mclaren,British
11,1996,suzuka,Suzuka,5.807,18,barrichello,Brazilian,jordan,Irish
3,1996,suzuka,Suzuka,5.807,18,michael_schumacher,German,ferrari,Italian
7,1996,estoril,Estoril,4.36,13,hakkinen,Finnish,mclaren,British
13,1996,estoril,Estoril,4.36,13,salo,Finnish,tyrrell,British
18,1996,estoril,Estoril,4.36,13,diniz,Brazilian,ligier,French
12,1996,estoril,Estoril,4.36,13,herbert,British,sauber,Swiss
1,1996,estoril,Estoril,4.36,13,damon_hill,British,williams,British
3,1996,albert_park,Melbourne,5.278,16,irvine,British,ferrari,Italian
5,1996,albert_park,Melbourne,5.278,16,hakkinen,Finnish,mclaren,British
10,1996,albert_park,Melbourne,5.278,16,salo,Finnish,tyrrell,British
20,1996,albert_park,Melbourne,5.278,16,diniz,Brazilian,ligier,French
2,1996,albert_park,Melbourne,5.278,16,damon_hill,British,williams,British
18,1996,albert_park,Melbourne,5.278,16,rosset,Brazilian,footwork,British
7,1996,albert_park,Melbourne,5.278,16,berger,Austrian,benetton,Italian
15,1996,albert_park,Melbourne,5.278,16,katayama,Japanese,tyrrell,British
16,1996,albert_park,Melbourne,5.278,16,fisichella,Italian,minardi,Italian
8,1996,albert_park,Melbourne,5.278,16,barrichello,Brazilian,jordan,Irish
4,1996,albert_park,Melbourne,5.278,16,michael_schumacher,German,ferrari,Italian
1,1996,albert_park,Melbourne,5.278,16,villeneuve,Canadian,williams,British
11,1996,albert_park,Melbourne,5.278,16,panis,French,ligier,French
9,1996,albert_park,Melbourne,5.278,16,frentzen,German,sauber,Swiss
12,1996,albert_park,Melbourne,5.278,16,verstappen,Dutch,footwork,British
6,1996,albert_park,Melbourne,5.278,16,alesi,French,benetton,Italian
7,1996,monza,Monza,5.793,11,irvine,British,ferrari,Italian
17,1996,monza,Monza,5.793,11,salo,Finnish,tyrrell,British
14,1996,monza,Monza,5.793,11,diniz,Brazilian,ligier,French
12,1996,monza,Monza,5.793,11,herbert,British,sauber,Swiss
1,1996,suzuka,Suzuka,5.807,18,villeneuve,Canadian,williams,British
12,1996,suzuka,Suzuka,5.807,18,panis,French,ligier,French
7,1996,suzuka,Suzuka,5.807,18,frentzen,German,sauber,Swiss
17,1996,suzuka,Suzuka,5.807,18,verstappen,Dutch,footwork,British
17,1996,albert_park,Melbourne,5.278,16,lamy,Portuguese,minardi,Italian
19,1996,albert_park,Melbourne,5.278,16,brundle,British,jordan,Irish
14,1996,interlagos,São Paulo,4.309,15,coulthard,British,mclaren,British
2,1996,interlagos,São Paulo,4.309,15,barrichello,Brazilian,jordan,Irish
4,1996,interlagos,São Paulo,4.309,15,michael_schumacher,German,ferrari,Italian
3,1996,interlagos,São Paulo,4.309,15,villeneuve,Canadian,williams,British
15,1996,monza,Monza,5.793,11,verstappen,Dutch,footwork,British
6,1996,monza,Monza,5.793,11,alesi,French,benetton,Italian
1,1996,spa,Spa,7.004,20,villeneuve,Canadian,williams,British
16,1996,spa,Spa,7.004,20,verstappen,Dutch,footwork,British
7,1996,spa,Spa,7.004,20,alesi,French,benetton,Italian
9,1996,spa,Spa,7.004,20,irvine,British,ferrari,Italian
6,1996,spa,Spa,7.004,20,hakkinen,Finnish,mclaren,British
13,1996,spa,Spa,7.004,20,salo,Finnish,tyrrell,British
15,1996,spa,Spa,7.004,20,diniz,Brazilian,ligier,French
2,1996,spa,Spa,7.004,20,damon_hill,British,williams,British
6,1996,hungaroring,Budapest,4.381,14,berger,Austrian,benetton,Italian
14,1996,hungaroring,Budapest,4.381,14,katayama,Japanese,tyrrell,British
19,1996,hungaroring,Budapest,4.381,14,lamy,Portuguese,minardi,Italian
12,1996,hungaroring,Budapest,4.381,14,brundle,British,jordan,Irish
20,1996,hungaroring,Budapest,4.381,14,lavaggi,Italian,minardi,Italian
4,1996,spa,Spa,7.004,20,coulthard,British,mclaren,British
10,1996,spa,Spa,7.004,20,barrichello,Brazilian,jordan,Irish
3,1996,spa,Spa,7.004,20,michael_schumacher,German,ferrari,Italian
1,1996,hockenheimring,Hockenheim,4.574,16,damon_hill,British,williams,British
19,1996,hockenheimring,Hockenheim,4.574,16,rosset,Brazilian,footwork,British
2,1996,hockenheimring,Hockenheim,4.574,16,berger,Austrian,benetton,Italian
16,1996,hockenheimring,Hockenheim,4.574,16,katayama,Japanese,tyrrell,British
1,1996,villeneuve,Montreal,4.361,14,damon_hill,British,williams,British
21,1996,villeneuve,Montreal,4.361,14,rosset,Brazilian,footwork,British
7,1996,villeneuve,Montreal,4.361,14,berger,Austrian,benetton,Italian
17,1996,villeneuve,Montreal,4.361,14,katayama,Japanese,tyrrell,British
5,1996,monza,Monza,5.793,11,coulthard,British,mclaren,British
10,1996,monza,Monza,5.793,11,barrichello,Brazilian,jordan,Irish
3,1996,monza,Monza,5.793,11,michael_schumacher,German,ferrari,Italian
2,1996,monza,Monza,5.793,11,villeneuve,Canadian,williams,British
11,1996,monza,Monza,5.793,11,panis,French,ligier,French
13,1996,monza,Monza,5.793,11,frentzen,German,sauber,Swiss
11,1996,hockenheimring,Hockenheim,4.574,16,diniz,Brazilian,ligier,French
14,1996,hockenheimring,Hockenheim,4.574,16,herbert,British,sauber,Swiss
14,1996,suzuka,Suzuka,5.807,18,katayama,Japanese,tyrrell,British
18,1996,suzuka,Suzuka,5.807,18,lamy,Portuguese,minardi,Italian
10,1996,suzuka,Suzuka,5.807,18,brundle,British,jordan,Irish
18,1996,spa,Spa,7.004,20,rosset,Brazilian,footwork,British
5,1996,spa,Spa,7.004,20,berger,Austrian,benetton,Italian
17,1996,spa,Spa,7.004,20,katayama,Japanese,tyrrell,British
19,1996,spa,Spa,7.004,20,lamy,Portuguese,minardi,Italian
8,1996,spa,Spa,7.004,20,brundle,British,jordan,Irish
6,1996,suzuka,Suzuka,5.807,18,irvine,British,ferrari,Italian
5,1996,suzuka,Suzuka,5.807,18,hakkinen,Finnish,mclaren,British
15,1996,suzuka,Suzuka,5.807,18,salo,Finnish,tyrrell,British
16,1996,suzuka,Suzuka,5.807,18,diniz,Brazilian,ligier,French
13,1996,suzuka,Suzuka,5.807,18,herbert,British,sauber,Swiss
2,1996,suzuka,Suzuka,5.807,18,damon_hill,British,williams,British
19,1996,suzuka,Suzuka,5.807,18,rosset,Brazilian,footwork,British
4,1996,suzuka,Suzuka,5.807,18,berger,Austrian,benetton,Italian
4,1996,villeneuve,Montreal,4.361,14,alesi,French,benetton,Italian
5,1996,villeneuve,Montreal,4.361,14,irvine,British,ferrari,Italian
6,1996,villeneuve,Montreal,4.361,14,hakkinen,Finnish,mclaren,British
14,1996,villeneuve,Montreal,4.361,14,salo,Finnish,tyrrell,British
18,1996,villeneuve,Montreal,4.361,14,diniz,Brazilian,ligier,French
15,1996,villeneuve,Montreal,4.361,14,herbert,British,sauber,Swiss
20,1996,villeneuve,Montreal,4.361,14,badoer,Italian,forti,Italian
13,1996,imola,Imola,4.909,19,panis,French,ligier,French
10,1996,villeneuve,Montreal,4.361,14,coulthard,British,mclaren,British
16,1996,villeneuve,Montreal,4.361,14,fisichella,Italian,minardi,Italian
8,1996,villeneuve,Montreal,4.361,14,barrichello,Brazilian,jordan,Irish
3,1996,villeneuve,Montreal,4.361,14,michael_schumacher,German,ferrari,Italian
2,1996,villeneuve,Montreal,4.361,14,villeneuve,Canadian,williams,British
11,1996,villeneuve,Montreal,4.361,14,panis,French,ligier,French
12,1996,villeneuve,Montreal,4.361,14,frentzen,German,sauber,Swiss
13,1996,villeneuve,Montreal,4.361,14,verstappen,Dutch,footwork,British
10,1996,catalunya,Montmeló,4.657,14,hakkinen,Finnish,mclaren,British
12,1996,catalunya,Montmeló,4.657,14,salo,Finnish,tyrrell,British
17,1996,catalunya,Montmeló,4.657,14,diniz,Brazilian,ligier,French
9,1996,catalunya,Montmeló,4.657,14,herbert,British,sauber,Swiss
1,1996,catalunya,Montmeló,4.657,14,damon_hill,British,williams,British
5,1996,catalunya,Montmeló,4.657,14,berger,Austrian,benetton,Italian
16,1996,catalunya,Montmeló,4.657,14,katayama,Japanese,tyrrell,British
15,1996,catalunya,Montmeló,4.657,14,brundle,British,jordan,Irish
7,1996,catalunya,Montmeló,4.657,14,barrichello,Brazilian,jordan,Irish
3,1996,catalunya,Montmeló,4.657,14,michael_schumacher,German,ferrari,Italian
2,1996,catalunya,Montmeló,4.657,14,villeneuve,Canadian,williams,British
8,1996,catalunya,Montmeló,4.657,14,panis,French,ligier,French
11,1996,catalunya,Montmeló,4.657,14,frentzen,German,sauber,Swiss
13,1996,catalunya,Montmeló,4.657,14,verstappen,Dutch,footwork,British
4,1996,catalunya,Montmeló,4.657,14,alesi,French,benetton,Italian
6,1996,catalunya,Montmeló,4.657,14,irvine,British,ferrari,Italian
9,1996,estoril,Estoril,4.36,13,barrichello,Brazilian,jordan,Irish
4,1996,estoril,Estoril,4.36,13,michael_schumacher,German,ferrari,Italian
2,1996,estoril,Estoril,4.36,13,villeneuve,Canadian,williams,British
15,1996,estoril,Estoril,4.36,13,panis,French,ligier,French
11,1996,estoril,Estoril,4.36,13,frentzen,German,sauber,Swiss
16,1996,estoril,Estoril,4.36,13,verstappen,Dutch,footwork,British
18,1996,hockenheimring,Hockenheim,4.574,16,lamy,Portuguese,minardi,Italian
10,1996,hockenheimring,Hockenheim,4.574,16,brundle,British,jordan,Irish
9,1996,hungaroring,Budapest,4.381,14,coulthard,British,mclaren,British
13,1996,hungaroring,Budapest,4.381,14,barrichello,Brazilian,jordan,Irish
1,1996,hungaroring,Budapest,4.381,14,michael_schumacher,German,ferrari,Italian
3,1996,hungaroring,Budapest,4.381,14,villeneuve,Canadian,williams,British
11,1996,hungaroring,Budapest,4.381,14,panis,French,ligier,French
10,1996,hungaroring,Budapest,4.381,14,frentzen,German,sauber,Swiss
17,1996,hungaroring,Budapest,4.381,14,verstappen,Dutch,footwork,British
5,1996,hungaroring,Budapest,4.381,14,alesi,French,benetton,Italian
4,1996,hungaroring,Budapest,4.381,14,irvine,British,ferrari,Italian
7,1996,hungaroring,Budapest,4.381,14,hakkinen,Finnish,mclaren,British
15,1996,hungaroring,Budapest,4.381,14,diniz,Brazilian,ligier,French
8,1996,hungaroring,Budapest,4.381,14,herbert,British,sauber,Swiss
2,1996,hungaroring,Budapest,4.381,14,damon_hill,British,williams,British
3,1996,estoril,Estoril,4.36,13,alesi,French,benetton,Italian
7,1997,monza,Monza,5.793,11,berger,Austrian,benetton,Italian
21,1997,monza,Monza,5.793,11,katayama,Japanese,minardi,Italian
18,1997,monza,Monza,5.793,11,morbidelli,Italian,sauber,Swiss
10,1997,red_bull_ring,Spielberg,4.318,10,coulthard,British,mclaren,British
3,1997,red_bull_ring,Spielberg,4.318,10,trulli,Italian,prost,French
14,1997,red_bull_ring,Spielberg,4.318,10,fisichella,Italian,jordan,Irish
5,1997,red_bull_ring,Spielberg,4.318,10,barrichello,Brazilian,stewart,British
11,1997,red_bull_ring,Spielberg,4.318,10,ralf_schumacher,German,jordan,Irish
5,1997,monza,Monza,5.793,11,hakkinen,Finnish,mclaren,British
22,1997,monza,Monza,5.793,11,marques,Brazilian,minardi,Italian
19,1997,monza,Monza,5.793,11,salo,Finnish,tyrrell,British
17,1997,monza,Monza,5.793,11,diniz,Brazilian,arrows,British
12,1997,monza,Monza,5.793,11,herbert,British,sauber,Swiss
14,1997,monza,Monza,5.793,11,damon_hill,British,arrows,British
15,1997,monza,Monza,5.793,11,nakano,Japanese,prost,French
13,1997,monza,Monza,5.793,11,magnussen,Danish,stewart,British
11,1997,monza,Monza,5.793,11,barrichello,Brazilian,stewart,British
8,1997,monza,Monza,5.793,11,ralf_schumacher,German,jordan,Irish
9,1997,monza,Monza,5.793,11,michael_schumacher,German,ferrari,Italian
4,1997,monza,Monza,5.793,11,villeneuve,Canadian,williams,British
2,1997,monza,Monza,5.793,11,frentzen,German,williams,British
20,1997,monza,Monza,5.793,11,verstappen,Dutch,tyrrell,British
1,1997,monza,Monza,5.793,11,alesi,French,benetton,Italian
10,1997,monza,Monza,5.793,11,irvine,British,ferrari,Italian
12,1997,nurburgring,Nürburg,5.148,15,magnussen,Danish,stewart,British
7,1997,nurburgring,Nürburg,5.148,15,berger,Austrian,benetton,Italian
22,1997,nurburgring,Nürburg,5.148,15,katayama,Japanese,minardi,Italian
19,1997,nurburgring,Nürburg,5.148,15,morbidelli,Italian,sauber,Swiss
11,1997,suzuka,Suzuka,5.807,18,coulthard,British,mclaren,British
9,1997,suzuka,Suzuka,5.807,18,fisichella,Italian,jordan,Irish
16,1997,monza,Monza,5.793,11,trulli,Italian,prost,French
3,1997,monza,Monza,5.793,11,fisichella,Italian,jordan,Irish
2,1997,spa,Spa,7.004,20,alesi,French,benetton,Italian
17,1997,spa,Spa,7.004,20,irvine,British,ferrari,Italian
5,1997,spa,Spa,7.004,20,hakkinen,Finnish,mclaren,British
22,1997,spa,Spa,7.004,20,marques,Brazilian,minardi,Italian
19,1997,spa,Spa,7.004,20,salo,Finnish,tyrrell,British
8,1997,spa,Spa,7.004,20,diniz,Brazilian,arrows,British
11,1997,spa,Spa,7.004,20,herbert,British,sauber,Swiss
9,1997,spa,Spa,7.004,20,damon_hill,British,arrows,British
14,1997,spa,Spa,7.004,20,trulli,Italian,prost,French
4,1997,spa,Spa,7.004,20,fisichella,Italian,jordan,Irish
12,1997,spa,Spa,7.004,20,barrichello,Brazilian,stewart,British
6,1997,spa,Spa,7.004,20,ralf_schumacher,German,jordan,Irish
3,1997,spa,Spa,7.004,20,michael_schumacher,German,ferrari,Italian
1,1997,spa,Spa,7.004,20,villeneuve,Canadian,williams,British
7,1997,spa,Spa,7.004,20,frentzen,German,williams,British
21,1997,spa,Spa,7.004,20,verstappen,Dutch,tyrrell,British
10,1997,hungaroring,Budapest,4.381,14,herbert,British,sauber,Swiss
3,1997,hungaroring,Budapest,4.381,14,damon_hill,British,arrows,British
16,1997,hungaroring,Budapest,4.381,14,nakano,Japanese,prost,French
17,1997,hungaroring,Budapest,4.381,14,magnussen,Danish,stewart,British
7,1997,hungaroring,Budapest,4.381,14,berger,Austrian,benetton,Italian
20,1997,hungaroring,Budapest,4.381,14,katayama,Japanese,minardi,Italian
15,1997,hungaroring,Budapest,4.381,14,morbidelli,Italian,sauber,Swiss
10,1997,spa,Spa,7.004,20,coulthard,British,mclaren,British
9,1997,red_bull_ring,Spielberg,4.318,10,michael_schumacher,German,ferrari,Italian
1,1997,red_bull_ring,Spielberg,4.318,10,villeneuve,Canadian,williams,British
4,1997,red_bull_ring,Spielberg,4.318,10,frentzen,German,williams,British
20,1997,red_bull_ring,Spielberg,4.318,10,verstappen,Dutch,tyrrell,British
15,1997,red_bull_ring,Spielberg,4.318,10,alesi,French,benetton,Italian
8,1997,red_bull_ring,Spielberg,4.318,10,irvine,British,ferrari,Italian
21,1997,hungaroring,Budapest,4.381,14,salo,Finnish,tyrrell,British
19,1997,hungaroring,Budapest,4.381,14,diniz,Brazilian,arrows,British
18,1997,hockenheimring,Hockenheim,4.574,16,fontana,Argentine,sauber,Swiss
8,1997,hungaroring,Budapest,4.381,14,coulthard,British,mclaren,British
12,1997,hungaroring,Budapest,4.381,14,trulli,Italian,prost,French
13,1997,hungaroring,Budapest,4.381,14,fisichella,Italian,jordan,Irish
11,1997,hungaroring,Budapest,4.381,14,barrichello,Brazilian,stewart,British
14,1997,hungaroring,Budapest,4.381,14,ralf_schumacher,German,jordan,Irish
1,1997,hungaroring,Budapest,4.381,14,michael_schumacher,German,ferrari,Italian
2,1997,hungaroring,Budapest,4.381,14,villeneuve,Canadian,williams,British
19,1997,hockenheimring,Hockenheim,4.574,16,salo,Finnish,tyrrell,British
16,1997,hockenheimring,Hockenheim,4.574,16,diniz,Brazilian,arrows,British
14,1997,hockenheimring,Hockenheim,4.574,16,herbert,British,sauber,Swiss
13,1997,hockenheimring,Hockenheim,4.574,16,damon_hill,British,arrows,British
17,1997,hockenheimring,Hockenheim,4.574,16,nakano,Japanese,prost,French
15,1997,hockenheimring,Hockenheim,4.574,16,magnussen,Danish,stewart,British
1,1997,hockenheimring,Hockenheim,4.574,16,berger,Austrian,benetton,Italian
22,1997,hockenheimring,Hockenheim,4.574,16,katayama,Japanese,minardi,Italian
7,1997,hockenheimring,Hockenheim,4.574,16,ralf_schumacher,German,jordan,Irish
4,1997,hockenheimring,Hockenheim,4.574,16,michael_schumacher,German,ferrari,Italian
9,1997,hockenheimring,Hockenheim,4.574,16,villeneuve,Canadian,williams,British
5,1997,hockenheimring,Hockenheim,4.574,16,frentzen,German,williams,British
20,1997,hockenheimring,Hockenheim,4.574,16,verstappen,Dutch,tyrrell,British
6,1997,hockenheimring,Hockenheim,4.574,16,alesi,French,benetton,Italian
10,1997,hockenheimring,Hockenheim,4.574,16,irvine,British,ferrari,Italian
3,1997,hockenheimring,Hockenheim,4.574,16,hakkinen,Finnish,mclaren,British
16,1997,spa,Spa,7.004,20,nakano,Japanese,prost,French
18,1997,spa,Spa,7.004,20,magnussen,Danish,stewart,British
15,1997,spa,Spa,7.004,20,berger,Austrian,benetton,Italian
20,1997,spa,Spa,7.004,20,katayama,Japanese,minardi,Italian
13,1997,spa,Spa,7.004,20,morbidelli,Italian,sauber,Swiss
6,1997,monza,Monza,5.793,11,coulthard,British,mclaren,British
2,1997,hockenheimring,Hockenheim,4.574,16,fisichella,Italian,jordan,Irish
12,1997,hockenheimring,Hockenheim,4.574,16,barrichello,Brazilian,stewart,British
20,1997,silverstone,Silverstone,5.891,18,verstappen,Dutch,tyrrell,British
11,1997,silverstone,Silverstone,5.891,18,alesi,French,benetton,Italian
7,1997,silverstone,Silverstone,5.891,18,irvine,British,ferrari,Italian
3,1997,silverstone,Silverstone,5.891,18,hakkinen,Finnish,mclaren,British
21,1997,silverstone,Silverstone,5.891,18,marques,Brazilian,minardi,Italian
18,1997,silverstone,Silverstone,5.891,18,salo,Finnish,tyrrell,British
17,1997,silverstone,Silverstone,5.891,18,diniz,Brazilian,arrows,British
9,1997,silverstone,Silverstone,5.891,18,herbert,British,sauber,Swiss
6,1997,silverstone,Silverstone,5.891,18,coulthard,British,mclaren,British
13,1997,silverstone,Silverstone,5.891,18,trulli,Italian,prost,French
10,1997,silverstone,Silverstone,5.891,18,fisichella,Italian,jordan,Irish
22,1997,silverstone,Silverstone,5.891,18,barrichello,Brazilian,stewart,British
5,1997,silverstone,Silverstone,5.891,18,ralf_schumacher,German,jordan,Irish
8,1997,silverstone,Silverstone,5.891,18,wurz,Austrian,benetton,Italian
4,1997,silverstone,Silverstone,5.891,18,michael_schumacher,German,ferrari,Italian
1,1997,silverstone,Silverstone,5.891,18,villeneuve,Canadian,williams,British
19,1997,magny_cours,Magny Cours,4.411,16,salo,Finnish,tyrrell,British
16,1997,magny_cours,Magny Cours,4.411,16,diniz,Brazilian,arrows,British
14,1997,magny_cours,Magny Cours,4.411,16,herbert,British,sauber,Swiss
17,1997,magny_cours,Magny Cours,4.411,16,damon_hill,British,arrows,British
12,1997,magny_cours,Magny Cours,4.411,16,nakano,Japanese,prost,French
15,1997,magny_cours,Magny Cours,4.411,16,magnussen,Danish,stewart,British
21,1997,magny_cours,Magny Cours,4.411,16,katayama,Japanese,minardi,Italian
20,1997,magny_cours,Magny Cours,4.411,16,fontana,Argentine,sauber,Swiss
6,1997,hungaroring,Budapest,4.381,14,frentzen,German,williams,British
18,1997,hungaroring,Budapest,4.381,14,verstappen,Dutch,tyrrell,British
9,1997,hungaroring,Budapest,4.381,14,alesi,French,benetton,Italian
5,1997,hungaroring,Budapest,4.381,14,irvine,British,ferrari,Italian
4,1997,hungaroring,Budapest,4.381,14,hakkinen,Finnish,mclaren,British
22,1997,hungaroring,Budapest,4.381,14,marques,Brazilian,minardi,Italian
10,1997,magny_cours,Magny Cours,4.411,16,hakkinen,Finnish,mclaren,British
22,1997,magny_cours,Magny Cours,4.411,16,marques,Brazilian,minardi,Italian
22,1997,villeneuve,Montreal,4.361,14,katayama,Japanese,minardi,Italian
18,1997,villeneuve,Montreal,4.361,14,morbidelli,Italian,sauber,Swiss
9,1997,magny_cours,Magny Cours,4.411,16,coulthard,British,mclaren,British
6,1997,magny_cours,Magny Cours,4.411,16,trulli,Italian,prost,French
11,1997,magny_cours,Magny Cours,4.411,16,fisichella,Italian,jordan,Irish
13,1997,magny_cours,Magny Cours,4.411,16,barrichello,Brazilian,stewart,British
3,1997,magny_cours,Magny Cours,4.411,16,ralf_schumacher,German,jordan,Irish
7,1997,magny_cours,Magny Cours,4.411,16,wurz,Austrian,benetton,Italian
4,1997,villeneuve,Montreal,4.361,14,frentzen,German,williams,British
14,1997,villeneuve,Montreal,4.361,14,verstappen,Dutch,tyrrell,British
8,1997,villeneuve,Montreal,4.361,14,alesi,French,benetton,Italian
17,1997,villeneuve,Montreal,4.361,14,salo,Finnish,tyrrell,British
16,1997,villeneuve,Montreal,4.361,14,diniz,Brazilian,arrows,British
13,1997,villeneuve,Montreal,4.361,14,herbert,British,sauber,Swiss
15,1997,villeneuve,Montreal,4.361,14,damon_hill,British,arrows,British
19,1997,villeneuve,Montreal,4.361,14,nakano,Japanese,prost,French
20,1997,villeneuve,Montreal,4.361,14,trulli,Italian,minardi,Italian
6,1997,villeneuve,Montreal,4.361,14,fisichella,Italian,jordan,Irish
3,1997,villeneuve,Montreal,4.361,14,barrichello,Brazilian,stewart,British
7,1997,villeneuve,Montreal,4.361,14,ralf_schumacher,German,jordan,Irish
11,1997,villeneuve,Montreal,4.361,14,wurz,Austrian,benetton,Italian
1,1997,villeneuve,Montreal,4.361,14,michael_schumacher,German,ferrari,Italian
2,1997,villeneuve,Montreal,4.361,14,villeneuve,Canadian,williams,British
10,1997,villeneuve,Montreal,4.361,14,panis,French,prost,French
12,1997,silverstone,Silverstone,5.891,18,damon_hill,British,arrows,British
15,1997,silverstone,Silverstone,5.891,18,nakano,Japanese,prost,French
16,1997,silverstone,Silverstone,5.891,18,magnussen,Danish,stewart,British
14,1997,silverstone,Silverstone,5.891,18,fontana,Argentine,sauber,Swiss
8,1997,hockenheimring,Hockenheim,4.574,16,coulthard,British,mclaren,British
11,1997,hockenheimring,Hockenheim,4.574,16,trulli,Italian,prost,French
13,1997,catalunya,Montmeló,4.657,14,morbidelli,Italian,sauber,Swiss
5,1997,villeneuve,Montreal,4.361,14,coulthard,British,mclaren,British
12,1997,catalunya,Montmeló,4.657,14,panis,French,prost,French
2,1997,catalunya,Montmeló,4.657,14,frentzen,German,williams,British
19,1997,catalunya,Montmeló,4.657,14,verstappen,Dutch,tyrrell,British
4,1997,catalunya,Montmeló,4.657,14,alesi,French,benetton,Italian
11,1997,catalunya,Montmeló,4.657,14,irvine,British,ferrari,Italian
5,1997,catalunya,Montmeló,4.657,14,hakkinen,Finnish,mclaren,British
14,1997,catalunya,Montmeló,4.657,14,salo,Finnish,tyrrell,British
21,1997,catalunya,Montmeló,4.657,14,diniz,Brazilian,arrows,British
20,1997,monaco,Monte-Carlo,3.337,19,katayama,Japanese,minardi,Italian
3,1997,catalunya,Montmeló,4.657,14,coulthard,British,mclaren,British
18,1997,catalunya,Montmeló,4.657,14,trulli,Italian,minardi,Italian
8,1997,catalunya,Montmeló,4.657,14,fisichella,Italian,jordan,Irish
17,1997,catalunya,Montmeló,4.657,14,barrichello,Brazilian,stewart,British
9,1997,catalunya,Montmeló,4.657,14,ralf_schumacher,German,jordan,Irish
7,1997,catalunya,Montmeló,4.657,14,michael_schumacher,German,ferrari,Italian
1,1997,catalunya,Montmeló,4.657,14,villeneuve,Canadian,williams,British
8,1997,monaco,Monte-Carlo,3.337,19,hakkinen,Finnish,mclaren,British
14,1997,monaco,Monte-Carlo,3.337,19,salo,Finnish,tyrrell,British
7,1997,monaco,Monte-Carlo,3.337,19,herbert,British,sauber,Swiss
13,1997,monaco,Monte-Carlo,3.337,19,damon_hill,British,arrows,British
21,1997,monaco,Monte-Carlo,3.337,19,nakano,Japanese,prost,French
19,1997,monaco,Monte-Carlo,3.337,19,magnussen,Danish,stewart,British
17,1997,monaco,Monte-Carlo,3.337,19,berger,Austrian,benetton,Italian
11,1997,monaco,Monte-Carlo,3.337,19,larini,Italian,sauber,Swiss
1,1997,magny_cours,Magny Cours,4.411,16,michael_schumacher,German,ferrari,Italian
4,1997,magny_cours,Magny Cours,4.411,16,villeneuve,Canadian,williams,British
2,1997,magny_cours,Magny Cours,4.411,16,frentzen,German,williams,British
18,1997,magny_cours,Magny Cours,4.411,16,verstappen,Dutch,tyrrell,British
8,1997,magny_cours,Magny Cours,4.411,16,alesi,French,benetton,Italian
5,1997,magny_cours,Magny Cours,4.411,16,irvine,British,ferrari,Italian
9,1997,monaco,Monte-Carlo,3.337,19,alesi,French,benetton,Italian
15,1997,monaco,Monte-Carlo,3.337,19,irvine,British,ferrari,Italian
16,1997,imola,Imola,4.909,19,magnussen,Danish,stewart,British
11,1997,imola,Imola,4.909,19,berger,Austrian,benetton,Italian
12,1997,imola,Imola,4.909,19,larini,Italian,sauber,Swiss
22,1997,imola,Imola,4.909,19,katayama,Japanese,minardi,Italian
5,1997,monaco,Monte-Carlo,3.337,19,coulthard,British,mclaren,British
18,1997,monaco,Monte-Carlo,3.337,19,trulli,Italian,minardi,Italian
4,1997,monaco,Monte-Carlo,3.337,19,fisichella,Italian,jordan,Irish
10,1997,monaco,Monte-Carlo,3.337,19,barrichello,Brazilian,stewart,British
14,1997,imola,Imola,4.909,19,alesi,French,benetton,Italian
9,1997,imola,Imola,4.909,19,irvine,British,ferrari,Italian
8,1997,imola,Imola,4.909,19,hakkinen,Finnish,mclaren,British
19,1997,imola,Imola,4.909,19,salo,Finnish,tyrrell,British
17,1997,imola,Imola,4.909,19,diniz,Brazilian,arrows,British
7,1997,imola,Imola,4.909,19,herbert,British,sauber,Swiss
15,1997,imola,Imola,4.909,19,damon_hill,British,arrows,British
18,1997,imola,Imola,4.909,19,nakano,Japanese,prost,French
6,1997,imola,Imola,4.909,19,fisichella,Italian,jordan,Irish
13,1997,imola,Imola,4.909,19,barrichello,Brazilian,stewart,British
5,1997,imola,Imola,4.909,19,ralf_schumacher,German,jordan,Irish
3,1997,imola,Imola,4.909,19,michael_schumacher,German,ferrari,Italian
1,1997,imola,Imola,4.909,19,villeneuve,Canadian,williams,British
4,1997,imola,Imola,4.909,19,panis,French,prost,French
2,1997,imola,Imola,4.909,19,frentzen,German,williams,British
21,1997,imola,Imola,4.909,19,verstappen,Dutch,tyrrell,British
10,1997,catalunya,Montmeló,4.657,14,herbert,British,sauber,Swiss
15,1997,catalunya,Montmeló,4.657,14,damon_hill,British,arrows,British
16,1997,catalunya,Montmeló,4.657,14,nakano,Japanese,prost,French
22,1997,catalunya,Montmeló,4.657,14,magnussen,Danish,stewart,British
6,1997,catalunya,Montmeló,4.657,14,berger,Austrian,benetton,Italian
20,1997,catalunya,Montmeló,4.657,14,katayama,Japanese,minardi,Italian
21,1997,galvez,Buenos Aires,4.259,18,katayama,Japanese,minardi,Italian
10,1997,imola,Imola,4.909,19,coulthard,British,mclaren,British
3,1997,galvez,Buenos Aires,4.259,18,panis,French,prost,French
2,1997,galvez,Buenos Aires,4.259,18,frentzen,German,williams,British
16,1997,galvez,Buenos Aires,4.259,18,verstappen,Dutch,tyrrell,British
11,1997,galvez,Buenos Aires,4.259,18,alesi,French,benetton,Italian
7,1997,galvez,Buenos Aires,4.259,18,irvine,British,ferrari,Italian
17,1997,galvez,Buenos Aires,4.259,18,hakkinen,Finnish,mclaren,British
19,1997,galvez,Buenos Aires,4.259,18,salo,Finnish,tyrrell,British
22,1997,galvez,Buenos Aires,4.259,18,diniz,Brazilian,arrows,British
3,1997,interlagos,São Paulo,4.309,15,berger,Austrian,benetton,Italian
19,1997,interlagos,São Paulo,4.309,15,larini,Italian,sauber,Swiss
18,1997,interlagos,São Paulo,4.309,15,katayama,Japanese,minardi,Italian
18,1997,galvez,Buenos Aires,4.259,18,trulli,Italian,minardi,Italian
9,1997,galvez,Buenos Aires,4.259,18,fisichella,Italian,jordan,Irish
5,1997,galvez,Buenos Aires,4.259,18,barrichello,Brazilian,stewart,British
6,1997,galvez,Buenos Aires,4.259,18,ralf_schumacher,German,jordan,Irish
1,1997,galvez,Buenos Aires,4.259,18,villeneuve,Canadian,williams,British
6,1997,interlagos,São Paulo,4.309,15,alesi,French,benetton,Italian
14,1997,interlagos,São Paulo,4.309,15,irvine,British,ferrari,Italian
4,1997,interlagos,São Paulo,4.309,15,hakkinen,Finnish,mclaren,British
22,1997,interlagos,São Paulo,4.309,15,salo,Finnish,tyrrell,British
16,1997,interlagos,São Paulo,4.309,15,diniz,Brazilian,arrows,British
13,1997,interlagos,São Paulo,4.309,15,herbert,British,sauber,Swiss
9,1997,interlagos,São Paulo,4.309,15,damon_hill,British,arrows,British
15,1997,interlagos,São Paulo,4.309,15,nakano,Japanese,prost,French
6,1997,monaco,Monte-Carlo,3.337,19,ralf_schumacher,German,jordan,Irish
2,1997,monaco,Monte-Carlo,3.337,19,michael_schumacher,German,ferrari,Italian
3,1997,monaco,Monte-Carlo,3.337,19,villeneuve,Canadian,williams,British
12,1997,monaco,Monte-Carlo,3.337,19,panis,French,prost,French
1,1997,monaco,Monte-Carlo,3.337,19,frentzen,German,williams,British
22,1997,monaco,Monte-Carlo,3.337,19,verstappen,Dutch,tyrrell,British
8,1997,interlagos,São Paulo,4.309,15,frentzen,German,williams,British
21,1997,interlagos,São Paulo,4.309,15,verstappen,Dutch,tyrrell,British
8,1997,galvez,Buenos Aires,4.259,18,herbert,British,sauber,Swiss
13,1997,galvez,Buenos Aires,4.259,18,damon_hill,British,arrows,British
20,1997,galvez,Buenos Aires,4.259,18,nakano,Japanese,prost,French
15,1997,galvez,Buenos Aires,4.259,18,magnussen,Danish,stewart,British
12,1997,galvez,Buenos Aires,4.259,18,berger,Austrian,benetton,Italian
14,1997,galvez,Buenos Aires,4.259,18,larini,Italian,sauber,Swiss
14,1997,nurburgring,Nürburg,5.148,15,irvine,British,ferrari,Italian
1,1997,nurburgring,Nürburg,5.148,15,hakkinen,Finnish,mclaren,British
18,1997,nurburgring,Nürburg,5.148,15,marques,Brazilian,minardi,Italian
20,1997,nurburgring,Nürburg,5.148,15,salo,Finnish,tyrrell,British
15,1997,nurburgring,Nürburg,5.148,15,diniz,Brazilian,arrows,British
16,1997,nurburgring,Nürburg,5.148,15,herbert,British,sauber,Swiss
13,1997,nurburgring,Nürburg,5.148,15,damon_hill,British,arrows,British
17,1997,nurburgring,Nürburg,5.148,15,nakano,Japanese,prost,French
6,1997,nurburgring,Nürburg,5.148,15,coulthard,British,mclaren,British
9,1997,nurburgring,Nürburg,5.148,15,barrichello,Brazilian,stewart,British
5,1997,nurburgring,Nürburg,5.148,15,michael_schumacher,German,ferrari,Italian
2,1997,nurburgring,Nürburg,5.148,15,villeneuve,Canadian,williams,British
11,1997,nurburgring,Nürburg,5.148,15,panis,French,prost,French
3,1997,nurburgring,Nürburg,5.148,15,frentzen,German,williams,British
21,1997,nurburgring,Nürburg,5.148,15,verstappen,Dutch,tyrrell,British
10,1997,nurburgring,Nürburg,5.148,15,alesi,French,benetton,Italian
17,1997,red_bull_ring,Spielberg,4.318,10,diniz,Brazilian,arrows,British
12,1997,red_bull_ring,Spielberg,4.318,10,herbert,British,sauber,Swiss
7,1997,red_bull_ring,Spielberg,4.318,10,damon_hill,British,arrows,British
16,1997,red_bull_ring,Spielberg,4.318,10,nakano,Japanese,prost,French
6,1997,red_bull_ring,Spielberg,4.318,10,magnussen,Danish,stewart,British
18,1997,red_bull_ring,Spielberg,4.318,10,berger,Austrian,benetton,Italian
19,1997,red_bull_ring,Spielberg,4.318,10,katayama,Japanese,minardi,Italian
13,1997,red_bull_ring,Spielberg,4.318,10,morbidelli,Italian,sauber,Swiss
3,1997,jerez,Jerez de la Frontera,4.428,13,frentzen,German,williams,British
22,1997,jerez,Jerez de la Frontera,4.428,13,verstappen,Dutch,tyrrell,British
10,1997,jerez,Jerez de la Frontera,4.428,13,alesi,French,benetton,Italian
7,1997,jerez,Jerez de la Frontera,4.428,13,irvine,British,ferrari,Italian
5,1997,jerez,Jerez de la Frontera,4.428,13,hakkinen,Finnish,mclaren,British
20,1997,jerez,Jerez de la Frontera,4.428,13,marques,Brazilian,minardi,Italian
2,1997,red_bull_ring,Spielberg,4.318,10,hakkinen,Finnish,mclaren,British
21,1997,red_bull_ring,Spielberg,4.318,10,salo,Finnish,tyrrell,British
12,1997,interlagos,São Paulo,4.309,15,coulthard,British,mclaren,British
17,1997,interlagos,São Paulo,4.309,15,trulli,Italian,minardi,Italian
7,1997,interlagos,São Paulo,4.309,15,fisichella,Italian,jordan,Irish
11,1997,interlagos,São Paulo,4.309,15,barrichello,Brazilian,stewart,British
10,1997,interlagos,São Paulo,4.309,15,ralf_schumacher,German,jordan,Irish
2,1997,interlagos,São Paulo,4.309,15,michael_schumacher,German,ferrari,Italian
1,1997,interlagos,São Paulo,4.309,15,villeneuve,Canadian,williams,British
5,1997,interlagos,São Paulo,4.309,15,panis,French,prost,French
6,1997,albert_park,Melbourne,5.278,16,hakkinen,Finnish,mclaren,British
18,1997,albert_park,Melbourne,5.278,16,salo,Finnish,tyrrell,British
22,1997,albert_park,Melbourne,5.278,16,diniz,Brazilian,arrows,British
16,1997,albert_park,Melbourne,5.278,16,nakano,Japanese,prost,French
19,1997,albert_park,Melbourne,5.278,16,magnussen,Danish,stewart,British
10,1997,albert_park,Melbourne,5.278,16,berger,Austrian,benetton,Italian
13,1997,albert_park,Melbourne,5.278,16,larini,Italian,sauber,Swiss
15,1997,albert_park,Melbourne,5.278,16,katayama,Japanese,minardi,Italian
14,1997,albert_park,Melbourne,5.278,16,fisichella,Italian,jordan,Irish
11,1997,albert_park,Melbourne,5.278,16,barrichello,Brazilian,stewart,British
12,1997,albert_park,Melbourne,5.278,16,ralf_schumacher,German,jordan,Irish
3,1997,albert_park,Melbourne,5.278,16,michael_schumacher,German,ferrari,Italian
9,1997,albert_park,Melbourne,5.278,16,panis,French,prost,French
2,1997,albert_park,Melbourne,5.278,16,frentzen,German,williams,British
21,1997,albert_park,Melbourne,5.278,16,verstappen,Dutch,tyrrell,British
8,1997,albert_park,Melbourne,5.278,16,alesi,French,benetton,Italian
4,1997,albert_park,Melbourne,5.278,16,coulthard,British,mclaren,British
17,1997,albert_park,Melbourne,5.278,16,trulli,Italian,minardi,Italian
19,1997,suzuka,Suzuka,5.807,18,katayama,Japanese,minardi,Italian
6,1997,jerez,Jerez de la Frontera,4.428,13,coulthard,British,mclaren,British
17,1997,jerez,Jerez de la Frontera,4.428,13,fisichella,Italian,jordan,Irish
12,1997,jerez,Jerez de la Frontera,4.428,13,barrichello,Brazilian,stewart,British
16,1997,jerez,Jerez de la Frontera,4.428,13,ralf_schumacher,German,jordan,Irish
2,1997,jerez,Jerez de la Frontera,4.428,13,michael_schumacher,German,ferrari,Italian
1,1997,jerez,Jerez de la Frontera,4.428,13,villeneuve,Canadian,williams,British
9,1997,jerez,Jerez de la Frontera,4.428,13,panis,French,prost,French
20,1997,suzuka,Suzuka,5.807,18,marques,Brazilian,minardi,Italian
22,1997,suzuka,Suzuka,5.807,18,salo,Finnish,tyrrell,British
16,1997,suzuka,Suzuka,5.807,18,diniz,Brazilian,arrows,British
8,1997,suzuka,Suzuka,5.807,18,herbert,British,sauber,Swiss
17,1997,suzuka,Suzuka,5.807,18,damon_hill,British,arrows,British
15,1997,suzuka,Suzuka,5.807,18,nakano,Japanese,prost,French
14,1997,suzuka,Suzuka,5.807,18,magnussen,Danish,stewart,British
5,1997,suzuka,Suzuka,5.807,18,berger,Austrian,benetton,Italian
2,1997,suzuka,Suzuka,5.807,18,michael_schumacher,German,ferrari,Italian
1,1997,suzuka,Suzuka,5.807,18,villeneuve,Canadian,williams,British
10,1997,suzuka,Suzuka,5.807,18,panis,French,prost,French
6,1997,suzuka,Suzuka,5.807,18,frentzen,German,williams,British
21,1997,suzuka,Suzuka,5.807,18,verstappen,Dutch,tyrrell,British
7,1997,suzuka,Suzuka,5.807,18,alesi,French,benetton,Italian
3,1997,suzuka,Suzuka,5.807,18,irvine,British,ferrari,Italian
4,1997,suzuka,Suzuka,5.807,18,hakkinen,Finnish,mclaren,British
12,1997,suzuka,Suzuka,5.807,18,barrichello,Brazilian,stewart,British
13,1997,suzuka,Suzuka,5.807,18,ralf_schumacher,German,jordan,Irish
14,1997,jerez,Jerez de la Frontera,4.428,13,herbert,British,sauber,Swiss
4,1997,jerez,Jerez de la Frontera,4.428,13,damon_hill,British,arrows,British
15,1997,jerez,Jerez de la Frontera,4.428,13,nakano,Japanese,prost,French
11,1997,jerez,Jerez de la Frontera,4.428,13,magnussen,Danish,stewart,British
8,1997,jerez,Jerez de la Frontera,4.428,13,berger,Austrian,benetton,Italian
19,1997,jerez,Jerez de la Frontera,4.428,13,katayama,Japanese,minardi,Italian
18,1997,jerez,Jerez de la Frontera,4.428,13,fontana,Argentine,sauber,Swiss
21,1997,jerez,Jerez de la Frontera,4.428,13,salo,Finnish,tyrrell,British
13,1997,jerez,Jerez de la Frontera,4.428,13,diniz,Brazilian,arrows,British
2,1998,albert_park,Melbourne,5.278,16,coulthard,British,mclaren,British
15,1998,albert_park,Melbourne,5.278,16,trulli,Italian,prost,French
7,1998,albert_park,Melbourne,5.278,16,fisichella,Italian,benetton,Italian
5,1998,nurburgring,Nürburg,5.148,15,coulthard,British,mclaren,British
14,1998,nurburgring,Nürburg,5.148,15,trulli,Italian,prost,French
4,1998,nurburgring,Nürburg,5.148,15,fisichella,Italian,benetton,Italian
12,1998,nurburgring,Nürburg,5.148,15,barrichello,Brazilian,stewart,British
6,1998,nurburgring,Nürburg,5.148,15,ralf_schumacher,German,jordan,Irish
20,1998,hockenheimring,Hockenheim,4.574,16,nakano,Japanese,minardi,Italian
2,1998,hungaroring,Budapest,4.381,14,coulthard,British,mclaren,British
16,1998,hungaroring,Budapest,4.381,14,trulli,Italian,prost,French
16,1998,monza,Monza,5.793,11,salo,Finnish,arrows,British
20,1998,monza,Monza,5.793,11,diniz,Brazilian,arrows,British
15,1998,monza,Monza,5.793,11,herbert,British,sauber,Swiss
19,1998,monza,Monza,5.793,11,takagi,Japanese,tyrrell,British
14,1998,monza,Monza,5.793,11,damon_hill,British,jordan,Irish
18,1998,monza,Monza,5.793,11,rosset,Brazilian,tyrrell,British
22,1998,monza,Monza,5.793,11,tuero,Argentine,minardi,Italian
21,1998,monza,Monza,5.793,11,nakano,Japanese,minardi,Italian
1,1998,monza,Monza,5.793,11,michael_schumacher,German,ferrari,Italian
2,1998,monza,Monza,5.793,11,villeneuve,Canadian,williams,British
9,1998,monza,Monza,5.793,11,panis,French,prost,French
12,1998,monza,Monza,5.793,11,frentzen,German,williams,British
17,1998,monza,Monza,5.793,11,verstappen,Dutch,stewart,British
8,1998,monza,Monza,5.793,11,alesi,French,sauber,Swiss
5,1998,monza,Monza,5.793,11,irvine,British,ferrari,Italian
3,1998,monza,Monza,5.793,11,hakkinen,Finnish,mclaren,British
22,1998,spa,Spa,7.004,20,tuero,Argentine,minardi,Italian
21,1998,spa,Spa,7.004,20,nakano,Japanese,minardi,Italian
4,1998,monza,Monza,5.793,11,coulthard,British,mclaren,British
10,1998,monza,Monza,5.793,11,trulli,Italian,prost,French
11,1998,monza,Monza,5.793,11,fisichella,Italian,benetton,Italian
13,1998,monza,Monza,5.793,11,barrichello,Brazilian,stewart,British
6,1998,monza,Monza,5.793,11,ralf_schumacher,German,jordan,Irish
7,1998,monza,Monza,5.793,11,wurz,Austrian,benetton,Italian
6,1998,spa,Spa,7.004,20,villeneuve,Canadian,williams,British
9,1998,spa,Spa,7.004,20,frentzen,German,williams,British
17,1998,spa,Spa,7.004,20,verstappen,Dutch,stewart,British
10,1998,spa,Spa,7.004,20,alesi,French,sauber,Swiss
5,1998,spa,Spa,7.004,20,irvine,British,ferrari,Italian
7,1998,red_bull_ring,Spielberg,4.318,10,frentzen,German,williams,British
12,1998,red_bull_ring,Spielberg,4.318,10,verstappen,Dutch,stewart,British
2,1998,red_bull_ring,Spielberg,4.318,10,alesi,French,sauber,Swiss
4,1998,hungaroring,Budapest,4.381,14,damon_hill,British,jordan,Irish
21,1998,hungaroring,Budapest,4.381,14,tuero,Argentine,minardi,Italian
19,1998,hungaroring,Budapest,4.381,14,nakano,Japanese,minardi,Italian
2,1998,spa,Spa,7.004,20,coulthard,British,mclaren,British
13,1998,spa,Spa,7.004,20,trulli,Italian,prost,French
7,1998,spa,Spa,7.004,20,fisichella,Italian,benetton,Italian
8,1998,spa,Spa,7.004,20,ralf_schumacher,German,jordan,Irish
4,1998,spa,Spa,7.004,20,michael_schumacher,German,ferrari,Italian
17,1998,hungaroring,Budapest,4.381,14,verstappen,Dutch,stewart,British
11,1998,hungaroring,Budapest,4.381,14,alesi,French,sauber,Swiss
5,1998,hungaroring,Budapest,4.381,14,irvine,British,ferrari,Italian
1,1998,hungaroring,Budapest,4.381,14,hakkinen,Finnish,mclaren,British
13,1998,hungaroring,Budapest,4.381,14,salo,Finnish,arrows,British
12,1998,hungaroring,Budapest,4.381,14,diniz,Brazilian,arrows,British
15,1998,hungaroring,Budapest,4.381,14,herbert,British,sauber,Swiss
18,1998,hungaroring,Budapest,4.381,14,takagi,Japanese,tyrrell,British
8,1998,hungaroring,Budapest,4.381,14,fisichella,Italian,benetton,Italian
14,1998,hungaroring,Budapest,4.381,14,barrichello,Brazilian,stewart,British
10,1998,hungaroring,Budapest,4.381,14,ralf_schumacher,German,jordan,Irish
9,1998,hungaroring,Budapest,4.381,14,wurz,Austrian,benetton,Italian
3,1998,hungaroring,Budapest,4.381,14,michael_schumacher,German,ferrari,Italian
6,1998,hungaroring,Budapest,4.381,14,villeneuve,Canadian,williams,British
20,1998,hungaroring,Budapest,4.381,14,panis,French,prost,French
7,1998,hungaroring,Budapest,4.381,14,frentzen,German,williams,British
18,1998,hockenheimring,Hockenheim,4.574,16,diniz,Brazilian,arrows,British
12,1998,hockenheimring,Hockenheim,4.574,16,herbert,British,sauber,Swiss
15,1998,hockenheimring,Hockenheim,4.574,16,takagi,Japanese,tyrrell,British
5,1998,hockenheimring,Hockenheim,4.574,16,damon_hill,British,jordan,Irish
21,1998,hockenheimring,Hockenheim,4.574,16,tuero,Argentine,minardi,Italian
22,1998,magny_cours,Magny Cours,4.411,16,tuero,Argentine,minardi,Italian
21,1998,magny_cours,Magny Cours,4.411,16,nakano,Japanese,minardi,Italian
4,1998,silverstone,Silverstone,5.891,18,coulthard,British,mclaren,British
3,1998,hockenheimring,Hockenheim,4.574,16,villeneuve,Canadian,williams,British
16,1998,hockenheimring,Hockenheim,4.574,16,panis,French,prost,French
10,1998,hockenheimring,Hockenheim,4.574,16,frentzen,German,williams,British
19,1998,hockenheimring,Hockenheim,4.574,16,verstappen,Dutch,stewart,British
11,1998,hockenheimring,Hockenheim,4.574,16,alesi,French,sauber,Swiss
6,1998,hockenheimring,Hockenheim,4.574,16,irvine,British,ferrari,Italian
1,1998,hockenheimring,Hockenheim,4.574,16,hakkinen,Finnish,mclaren,British
17,1998,hockenheimring,Hockenheim,4.574,16,salo,Finnish,arrows,British
21,1998,red_bull_ring,Spielberg,4.318,10,nakano,Japanese,minardi,Italian
2,1998,hockenheimring,Hockenheim,4.574,16,coulthard,British,mclaren,British
14,1998,hockenheimring,Hockenheim,4.574,16,trulli,Italian,prost,French
8,1998,hockenheimring,Hockenheim,4.574,16,fisichella,Italian,benetton,Italian
13,1998,hockenheimring,Hockenheim,4.574,16,barrichello,Brazilian,stewart,British
4,1998,hockenheimring,Hockenheim,4.574,16,ralf_schumacher,German,jordan,Irish
7,1998,hockenheimring,Hockenheim,4.574,16,wurz,Austrian,benetton,Italian
9,1998,hockenheimring,Hockenheim,4.574,16,michael_schumacher,German,ferrari,Italian
8,1998,red_bull_ring,Spielberg,4.318,10,irvine,British,ferrari,Italian
3,1998,red_bull_ring,Spielberg,4.318,10,hakkinen,Finnish,mclaren,British
6,1998,red_bull_ring,Spielberg,4.318,10,salo,Finnish,arrows,British
13,1998,red_bull_ring,Spielberg,4.318,10,diniz,Brazilian,arrows,British
18,1998,red_bull_ring,Spielberg,4.318,10,herbert,British,sauber,Swiss
15,1998,red_bull_ring,Spielberg,4.318,10,damon_hill,British,jordan,Irish
22,1998,red_bull_ring,Spielberg,4.318,10,rosset,Brazilian,tyrrell,British
19,1998,red_bull_ring,Spielberg,4.318,10,tuero,Argentine,minardi,Italian
5,1998,red_bull_ring,Spielberg,4.318,10,barrichello,Brazilian,stewart,British
9,1998,red_bull_ring,Spielberg,4.318,10,ralf_schumacher,German,jordan,Irish
17,1998,red_bull_ring,Spielberg,4.318,10,wurz,Austrian,benetton,Italian
4,1998,red_bull_ring,Spielberg,4.318,10,michael_schumacher,German,ferrari,Italian
11,1998,red_bull_ring,Spielberg,4.318,10,villeneuve,Canadian,williams,British
6,1998,villeneuve,Montreal,4.361,14,villeneuve,Canadian,williams,British
15,1998,villeneuve,Montreal,4.361,14,panis,French,prost,French
7,1998,villeneuve,Montreal,4.361,14,frentzen,German,williams,British
17,1998,silverstone,Silverstone,5.891,18,takagi,Japanese,tyrrell,British
7,1998,silverstone,Silverstone,5.891,18,damon_hill,British,jordan,Irish
20,1998,silverstone,Silverstone,5.891,18,rosset,Brazilian,tyrrell,British
18,1998,silverstone,Silverstone,5.891,18,tuero,Argentine,minardi,Italian
19,1998,silverstone,Silverstone,5.891,18,nakano,Japanese,minardi,Italian
14,1998,red_bull_ring,Spielberg,4.318,10,coulthard,British,mclaren,British
16,1998,red_bull_ring,Spielberg,4.318,10,trulli,Italian,prost,French
1,1998,red_bull_ring,Spielberg,4.318,10,fisichella,Italian,benetton,Italian
6,1998,silverstone,Silverstone,5.891,18,frentzen,German,williams,British
15,1998,silverstone,Silverstone,5.891,18,verstappen,Dutch,stewart,British
8,1998,silverstone,Silverstone,5.891,18,alesi,French,sauber,Swiss
5,1998,silverstone,Silverstone,5.891,18,irvine,British,ferrari,Italian
1,1998,silverstone,Silverstone,5.891,18,hakkinen,Finnish,mclaren,British
13,1998,silverstone,Silverstone,5.891,18,salo,Finnish,arrows,British
12,1998,silverstone,Silverstone,5.891,18,diniz,Brazilian,arrows,British
9,1998,silverstone,Silverstone,5.891,18,herbert,British,sauber,Swiss
14,1998,silverstone,Silverstone,5.891,18,trulli,Italian,prost,French
10,1998,silverstone,Silverstone,5.891,18,fisichella,Italian,benetton,Italian
16,1998,silverstone,Silverstone,5.891,18,barrichello,Brazilian,stewart,British
21,1998,silverstone,Silverstone,5.891,18,ralf_schumacher,German,jordan,Irish
11,1998,silverstone,Silverstone,5.891,18,wurz,Austrian,benetton,Italian
2,1998,silverstone,Silverstone,5.891,18,michael_schumacher,German,ferrari,Italian
3,1998,silverstone,Silverstone,5.891,18,villeneuve,Canadian,williams,British
22,1998,silverstone,Silverstone,5.891,18,panis,French,prost,French
17,1998,magny_cours,Magny Cours,4.411,16,diniz,Brazilian,arrows,British
13,1998,magny_cours,Magny Cours,4.411,16,herbert,British,sauber,Swiss
20,1998,magny_cours,Magny Cours,4.411,16,takagi,Japanese,tyrrell,British
7,1998,magny_cours,Magny Cours,4.411,16,damon_hill,British,jordan,Irish
18,1998,magny_cours,Magny Cours,4.411,16,rosset,Brazilian,tyrrell,British
15,1998,catalunya,Montmeló,4.657,14,diniz,Brazilian,arrows,British
7,1998,catalunya,Montmeló,4.657,14,herbert,British,sauber,Swiss
21,1998,catalunya,Montmeló,4.657,14,takagi,Japanese,tyrrell,British
5,1998,magny_cours,Magny Cours,4.411,16,villeneuve,Canadian,williams,British
16,1998,magny_cours,Magny Cours,4.411,16,panis,French,prost,French
8,1998,magny_cours,Magny Cours,4.411,16,frentzen,German,williams,British
15,1998,magny_cours,Magny Cours,4.411,16,verstappen,Dutch,stewart,British
11,1998,magny_cours,Magny Cours,4.411,16,alesi,French,sauber,Swiss
4,1998,magny_cours,Magny Cours,4.411,16,irvine,British,ferrari,Italian
1,1998,magny_cours,Magny Cours,4.411,16,hakkinen,Finnish,mclaren,British
19,1998,magny_cours,Magny Cours,4.411,16,salo,Finnish,arrows,British
20,1998,villeneuve,Montreal,4.361,14,magnussen,Danish,stewart,British
3,1998,magny_cours,Magny Cours,4.411,16,coulthard,British,mclaren,British
12,1998,magny_cours,Magny Cours,4.411,16,trulli,Italian,prost,French
9,1998,magny_cours,Magny Cours,4.411,16,fisichella,Italian,benetton,Italian
14,1998,magny_cours,Magny Cours,4.411,16,barrichello,Brazilian,stewart,British
6,1998,magny_cours,Magny Cours,4.411,16,ralf_schumacher,German,jordan,Irish
10,1998,magny_cours,Magny Cours,4.411,16,wurz,Austrian,benetton,Italian
2,1998,magny_cours,Magny Cours,4.411,16,michael_schumacher,German,ferrari,Italian
8,1998,villeneuve,Montreal,4.361,14,irvine,British,ferrari,Italian
17,1998,villeneuve,Montreal,4.361,14,salo,Finnish,arrows,British
19,1998,villeneuve,Montreal,4.361,14,diniz,Brazilian,arrows,British
12,1998,villeneuve,Montreal,4.361,14,herbert,British,sauber,Swiss
10,1998,villeneuve,Montreal,4.361,14,damon_hill,British,jordan,Irish
22,1998,villeneuve,Montreal,4.361,14,rosset,Brazilian,tyrrell,British
21,1998,villeneuve,Montreal,4.361,14,tuero,Argentine,minardi,Italian
18,1998,villeneuve,Montreal,4.361,14,nakano,Japanese,minardi,Italian
1,1998,villeneuve,Montreal,4.361,14,coulthard,British,mclaren,British
4,1998,villeneuve,Montreal,4.361,14,fisichella,Italian,benetton,Italian
13,1998,villeneuve,Montreal,4.361,14,barrichello,Brazilian,stewart,British
11,1998,villeneuve,Montreal,4.361,14,wurz,Austrian,benetton,Italian
3,1998,villeneuve,Montreal,4.361,14,michael_schumacher,German,ferrari,Italian
9,1998,imola,Imola,4.909,19,ralf_schumacher,German,jordan,Irish
5,1998,imola,Imola,4.909,19,wurz,Austrian,benetton,Italian
3,1998,imola,Imola,4.909,19,michael_schumacher,German,ferrari,Italian
1,1998,monaco,Monte-Carlo,3.337,19,hakkinen,Finnish,mclaren,British
8,1998,monaco,Monte-Carlo,3.337,19,salo,Finnish,arrows,British
12,1998,monaco,Monte-Carlo,3.337,19,diniz,Brazilian,arrows,British
9,1998,monaco,Monte-Carlo,3.337,19,herbert,British,sauber,Swiss
20,1998,monaco,Monte-Carlo,3.337,19,takagi,Japanese,tyrrell,British
15,1998,monaco,Monte-Carlo,3.337,19,damon_hill,British,jordan,Irish
19,1998,monaco,Monte-Carlo,3.337,19,nakano,Japanese,minardi,Italian
17,1998,monaco,Monte-Carlo,3.337,19,magnussen,Danish,stewart,British
16,1998,monaco,Monte-Carlo,3.337,19,ralf_schumacher,German,jordan,Irish
6,1998,monaco,Monte-Carlo,3.337,19,wurz,Austrian,benetton,Italian
4,1998,monaco,Monte-Carlo,3.337,19,michael_schumacher,German,ferrari,Italian
13,1998,monaco,Monte-Carlo,3.337,19,villeneuve,Canadian,williams,British
18,1998,monaco,Monte-Carlo,3.337,19,panis,French,prost,French
5,1998,monaco,Monte-Carlo,3.337,19,frentzen,German,williams,British
11,1998,monaco,Monte-Carlo,3.337,19,alesi,French,sauber,Swiss
7,1998,monaco,Monte-Carlo,3.337,19,irvine,British,ferrari,Italian
8,1998,catalunya,Montmeló,4.657,14,damon_hill,British,jordan,Irish
19,1998,catalunya,Montmeló,4.657,14,tuero,Argentine,minardi,Italian
20,1998,catalunya,Montmeló,4.657,14,nakano,Japanese,minardi,Italian
18,1998,catalunya,Montmeló,4.657,14,magnussen,Danish,stewart,British
2,1998,monaco,Monte-Carlo,3.337,19,coulthard,British,mclaren,British
10,1998,monaco,Monte-Carlo,3.337,19,trulli,Italian,prost,French
3,1998,monaco,Monte-Carlo,3.337,19,fisichella,Italian,benetton,Italian
14,1998,monaco,Monte-Carlo,3.337,19,barrichello,Brazilian,stewart,British
13,1998,catalunya,Montmeló,4.657,14,frentzen,German,williams,British
14,1998,catalunya,Montmeló,4.657,14,alesi,French,sauber,Swiss
6,1998,catalunya,Montmeló,4.657,14,irvine,British,ferrari,Italian
1,1998,catalunya,Montmeló,4.657,14,hakkinen,Finnish,mclaren,British
17,1998,catalunya,Montmeló,4.657,14,salo,Finnish,arrows,British
14,1998,interlagos,São Paulo,4.309,15,herbert,British,sauber,Swiss
17,1998,interlagos,São Paulo,4.309,15,takagi,Japanese,tyrrell,British
11,1998,interlagos,São Paulo,4.309,15,damon_hill,British,jordan,Irish
16,1998,catalunya,Montmeló,4.657,14,trulli,Italian,prost,French
4,1998,catalunya,Montmeló,4.657,14,fisichella,Italian,benetton,Italian
9,1998,catalunya,Montmeló,4.657,14,barrichello,Brazilian,stewart,British
11,1998,catalunya,Montmeló,4.657,14,ralf_schumacher,German,jordan,Irish
5,1998,catalunya,Montmeló,4.657,14,wurz,Austrian,benetton,Italian
3,1998,catalunya,Montmeló,4.657,14,michael_schumacher,German,ferrari,Italian
10,1998,catalunya,Montmeló,4.657,14,villeneuve,Canadian,williams,British
12,1998,catalunya,Montmeló,4.657,14,panis,French,prost,French
11,1998,imola,Imola,4.909,19,herbert,British,sauber,Swiss
15,1998,imola,Imola,4.909,19,takagi,Japanese,tyrrell,British
7,1998,imola,Imola,4.909,19,damon_hill,British,jordan,Irish
22,1998,imola,Imola,4.909,19,rosset,Brazilian,tyrrell,British
19,1998,imola,Imola,4.909,19,tuero,Argentine,minardi,Italian
21,1998,imola,Imola,4.909,19,nakano,Japanese,minardi,Italian
20,1998,imola,Imola,4.909,19,magnussen,Danish,stewart,British
2,1998,catalunya,Montmeló,4.657,14,coulthard,British,mclaren,British
6,1998,imola,Imola,4.909,19,villeneuve,Canadian,williams,British
13,1998,imola,Imola,4.909,19,panis,French,prost,French
8,1998,imola,Imola,4.909,19,frentzen,German,williams,British
12,1998,imola,Imola,4.909,19,alesi,French,sauber,Swiss
4,1998,imola,Imola,4.909,19,irvine,British,ferrari,Italian
2,1998,imola,Imola,4.909,19,hakkinen,Finnish,mclaren,British
14,1998,imola,Imola,4.909,19,salo,Finnish,arrows,British
18,1998,imola,Imola,4.909,19,diniz,Brazilian,arrows,British
19,1998,galvez,Buenos Aires,4.259,18,nakano,Japanese,minardi,Italian
22,1998,galvez,Buenos Aires,4.259,18,magnussen,Danish,stewart,British
1,1998,imola,Imola,4.909,19,coulthard,British,mclaren,British
16,1998,imola,Imola,4.909,19,trulli,Italian,prost,French
10,1998,imola,Imola,4.909,19,fisichella,Italian,benetton,Italian
9,1998,albert_park,Melbourne,5.278,16,ralf_schumacher,German,jordan,Irish
11,1998,albert_park,Melbourne,5.278,16,wurz,Austrian,benetton,Italian
3,1998,albert_park,Melbourne,5.278,16,michael_schumacher,German,ferrari,Italian
3,1998,galvez,Buenos Aires,4.259,18,hakkinen,Finnish,mclaren,British
17,1998,galvez,Buenos Aires,4.259,18,salo,Finnish,arrows,British
18,1998,galvez,Buenos Aires,4.259,18,diniz,Brazilian,arrows,British
12,1998,galvez,Buenos Aires,4.259,18,herbert,British,sauber,Swiss
13,1998,galvez,Buenos Aires,4.259,18,takagi,Japanese,tyrrell,British
9,1998,galvez,Buenos Aires,4.259,18,damon_hill,British,jordan,Irish
21,1998,galvez,Buenos Aires,4.259,18,rosset,Brazilian,tyrrell,British
20,1998,galvez,Buenos Aires,4.259,18,tuero,Argentine,minardi,Italian
5,1998,galvez,Buenos Aires,4.259,18,ralf_schumacher,German,jordan,Irish
8,1998,galvez,Buenos Aires,4.259,18,wurz,Austrian,benetton,Italian
2,1998,galvez,Buenos Aires,4.259,18,michael_schumacher,German,ferrari,Italian
7,1998,galvez,Buenos Aires,4.259,18,villeneuve,Canadian,williams,British
15,1998,galvez,Buenos Aires,4.259,18,panis,French,prost,French
6,1998,galvez,Buenos Aires,4.259,18,frentzen,German,williams,British
11,1998,galvez,Buenos Aires,4.259,18,alesi,French,sauber,Swiss
4,1998,galvez,Buenos Aires,4.259,18,irvine,British,ferrari,Italian
21,1998,interlagos,São Paulo,4.309,15,rosset,Brazilian,tyrrell,British
19,1998,interlagos,São Paulo,4.309,15,tuero,Argentine,minardi,Italian
18,1998,interlagos,São Paulo,4.309,15,nakano,Japanese,minardi,Italian
16,1998,interlagos,São Paulo,4.309,15,magnussen,Danish,stewart,British
1,1998,galvez,Buenos Aires,4.259,18,coulthard,British,mclaren,British
16,1998,galvez,Buenos Aires,4.259,18,trulli,Italian,prost,French
10,1998,galvez,Buenos Aires,4.259,18,fisichella,Italian,benetton,Italian
14,1998,galvez,Buenos Aires,4.259,18,barrichello,Brazilian,stewart,British
15,1998,interlagos,São Paulo,4.309,15,alesi,French,sauber,Swiss
6,1998,interlagos,São Paulo,4.309,15,irvine,British,ferrari,Italian
1,1998,interlagos,São Paulo,4.309,15,hakkinen,Finnish,mclaren,British
20,1998,interlagos,São Paulo,4.309,15,salo,Finnish,arrows,British
22,1998,interlagos,São Paulo,4.309,15,diniz,Brazilian,arrows,British
12,1998,interlagos,São Paulo,4.309,15,trulli,Italian,prost,French
7,1998,interlagos,São Paulo,4.309,15,fisichella,Italian,benetton,Italian
13,1998,interlagos,São Paulo,4.309,15,barrichello,Brazilian,stewart,British
5,1998,interlagos,São Paulo,4.309,15,wurz,Austrian,benetton,Italian
4,1998,interlagos,São Paulo,4.309,15,michael_schumacher,German,ferrari,Italian
10,1998,interlagos,São Paulo,4.309,15,villeneuve,Canadian,williams,British
9,1998,interlagos,São Paulo,4.309,15,panis,French,prost,French
3,1998,interlagos,São Paulo,4.309,15,frentzen,German,williams,British
5,1998,albert_park,Melbourne,5.278,16,herbert,British,sauber,Swiss
13,1998,albert_park,Melbourne,5.278,16,takagi,Japanese,tyrrell,British
10,1998,albert_park,Melbourne,5.278,16,damon_hill,British,jordan,Irish
19,1998,albert_park,Melbourne,5.278,16,rosset,Brazilian,tyrrell,British
17,1998,albert_park,Melbourne,5.278,16,tuero,Argentine,minardi,Italian
22,1998,albert_park,Melbourne,5.278,16,nakano,Japanese,minardi,Italian
18,1998,albert_park,Melbourne,5.278,16,magnussen,Danish,stewart,British
2,1998,interlagos,São Paulo,4.309,15,coulthard,British,mclaren,British
4,1998,albert_park,Melbourne,5.278,16,villeneuve,Canadian,williams,British
21,1998,albert_park,Melbourne,5.278,16,panis,French,prost,French
6,1998,albert_park,Melbourne,5.278,16,frentzen,German,williams,British
12,1998,albert_park,Melbourne,5.278,16,alesi,French,sauber,Swiss
8,1998,albert_park,Melbourne,5.278,16,irvine,British,ferrari,Italian
1,1998,albert_park,Melbourne,5.278,16,hakkinen,Finnish,mclaren,British
16,1998,albert_park,Melbourne,5.278,16,salo,Finnish,arrows,British
20,1998,albert_park,Melbourne,5.278,16,diniz,Brazilian,arrows,British
19,1998,suzuka,Suzuka,5.807,18,verstappen,Dutch,stewart,British
12,1998,suzuka,Suzuka,5.807,18,alesi,French,sauber,Swiss
4,1998,suzuka,Suzuka,5.807,18,irvine,British,ferrari,Italian
2,1998,suzuka,Suzuka,5.807,18,hakkinen,Finnish,mclaren,British
15,1998,suzuka,Suzuka,5.807,18,salo,Finnish,arrows,British
16,1998,spa,Spa,7.004,20,diniz,Brazilian,arrows,British
19,1998,spa,Spa,7.004,20,takagi,Japanese,tyrrell,British
3,1998,spa,Spa,7.004,20,damon_hill,British,jordan,Irish
10,1998,suzuka,Suzuka,5.807,18,fisichella,Italian,benetton,Italian
16,1998,suzuka,Suzuka,5.807,18,barrichello,Brazilian,stewart,British
7,1998,suzuka,Suzuka,5.807,18,ralf_schumacher,German,jordan,Irish
9,1998,suzuka,Suzuka,5.807,18,wurz,Austrian,benetton,Italian
1,1998,suzuka,Suzuka,5.807,18,michael_schumacher,German,ferrari,Italian
6,1998,suzuka,Suzuka,5.807,18,villeneuve,Canadian,williams,British
13,1998,suzuka,Suzuka,5.807,18,panis,French,prost,French
5,1998,suzuka,Suzuka,5.807,18,frentzen,German,williams,British
13,1998,nurburgring,Nürburg,5.148,15,herbert,British,sauber,Swiss
19,1998,nurburgring,Nürburg,5.148,15,takagi,Japanese,tyrrell,British
10,1998,nurburgring,Nürburg,5.148,15,damon_hill,British,jordan,Irish
22,1998,nurburgring,Nürburg,5.148,15,rosset,Brazilian,tyrrell,British
21,1998,nurburgring,Nürburg,5.148,15,tuero,Argentine,minardi,Italian
20,1998,nurburgring,Nürburg,5.148,15,nakano,Japanese,minardi,Italian
3,1998,suzuka,Suzuka,5.807,18,coulthard,British,mclaren,British
14,1998,suzuka,Suzuka,5.807,18,trulli,Italian,prost,French
15,1998,nurburgring,Nürburg,5.148,15,panis,French,prost,French
7,1998,nurburgring,Nürburg,5.148,15,frentzen,German,williams,British
18,1998,nurburgring,Nürburg,5.148,15,verstappen,Dutch,stewart,British
11,1998,nurburgring,Nürburg,5.148,15,alesi,French,sauber,Swiss
2,1998,nurburgring,Nürburg,5.148,15,irvine,British,ferrari,Italian
3,1998,nurburgring,Nürburg,5.148,15,hakkinen,Finnish,mclaren,British
16,1998,nurburgring,Nürburg,5.148,15,salo,Finnish,arrows,British
17,1998,nurburgring,Nürburg,5.148,15,diniz,Brazilian,arrows,British
8,1998,nurburgring,Nürburg,5.148,15,wurz,Austrian,benetton,Italian
1,1998,nurburgring,Nürburg,5.148,15,michael_schumacher,German,ferrari,Italian
9,1998,nurburgring,Nürburg,5.148,15,villeneuve,Canadian,williams,British
8,1998,suzuka,Suzuka,5.807,18,damon_hill,British,jordan,Irish
21,1998,suzuka,Suzuka,5.807,18,tuero,Argentine,minardi,Italian
20,1998,suzuka,Suzuka,5.807,18,nakano,Japanese,minardi,Italian
18,1998,suzuka,Suzuka,5.807,18,diniz,Brazilian,arrows,British
11,1998,suzuka,Suzuka,5.807,18,herbert,British,sauber,Swiss
17,1998,suzuka,Suzuka,5.807,18,takagi,Japanese,tyrrell,British
3,1999,sepang,Kuala Lumpur,5.543,15,coulthard,British,mclaren,British
11,1999,sepang,Kuala Lumpur,5.543,15,fisichella,Italian,benetton,Italian
6,1999,sepang,Kuala Lumpur,5.543,15,barrichello,Brazilian,stewart,British
22,1999,nurburgring,Nürburg,5.148,15,rosa,Spanish,arrows,British
17,1999,nurburgring,Nürburg,5.148,15,zonta,Brazilian,bar,British
5,1999,nurburgring,Nürburg,5.148,15,panis,French,prost,French
20,1999,nurburgring,Nürburg,5.148,15,gene,Spanish,minardi,Italian
1,1999,nurburgring,Nürburg,5.148,15,frentzen,German,jordan,Irish
13,1999,sepang,Kuala Lumpur,5.543,15,zonta,Brazilian,bar,British
12,1999,sepang,Kuala Lumpur,5.543,15,panis,French,prost,French
19,1999,sepang,Kuala Lumpur,5.543,15,gene,Spanish,minardi,Italian
12,1999,nurburgring,Nürburg,5.148,15,salo,Finnish,ferrari,Italian
14,1999,nurburgring,Nürburg,5.148,15,herbert,British,stewart,British
21,1999,nurburgring,Nürburg,5.148,15,takagi,Japanese,arrows,British
19,1999,nurburgring,Nürburg,5.148,15,badoer,Italian,minardi,Italian
18,1999,nurburgring,Nürburg,5.148,15,zanardi,Italian,williams,British
8,1999,hungaroring,Budapest,4.381,14,barrichello,Brazilian,stewart,British
16,1999,hungaroring,Budapest,4.381,14,ralf_schumacher,German,williams,British
9,1999,spa,Spa,7.004,20,salo,Finnish,ferrari,Italian
8,1999,sepang,Kuala Lumpur,5.543,15,ralf_schumacher,German,williams,British
7,1999,sepang,Kuala Lumpur,5.543,15,wurz,Austrian,benetton,Italian
1,1999,sepang,Kuala Lumpur,5.543,15,michael_schumacher,German,ferrari,Italian
10,1999,sepang,Kuala Lumpur,5.543,15,villeneuve,Canadian,bar,British
20,1999,sepang,Kuala Lumpur,5.543,15,rosa,Spanish,arrows,British
5,1999,hungaroring,Budapest,4.381,14,frentzen,German,jordan,Irish
11,1999,hungaroring,Budapest,4.381,14,alesi,French,sauber,Swiss
2,1999,hungaroring,Budapest,4.381,14,irvine,British,ferrari,Italian
4,1999,monza,Monza,5.793,11,zanardi,Italian,williams,British
8,1999,hockenheimring,Hockenheim,4.574,16,damon_hill,British,jordan,Irish
3,1999,hungaroring,Budapest,4.381,14,coulthard,British,mclaren,British
13,1999,hungaroring,Budapest,4.381,14,trulli,Italian,prost,French
4,1999,hungaroring,Budapest,4.381,14,fisichella,Italian,benetton,Italian
11,1999,monza,Monza,5.793,11,villeneuve,Canadian,bar,British
21,1999,monza,Monza,5.793,11,rosa,Spanish,arrows,British
18,1999,monza,Monza,5.793,11,zonta,Brazilian,bar,British
10,1999,monza,Monza,5.793,11,panis,French,prost,French
2,1999,monza,Monza,5.793,11,frentzen,German,jordan,Irish
16,1999,red_bull_ring,Spielberg,4.318,10,diniz,Brazilian,sauber,Swiss
6,1999,red_bull_ring,Spielberg,4.318,10,herbert,British,stewart,British
20,1999,red_bull_ring,Spielberg,4.318,10,takagi,Japanese,arrows,British
6,1999,monza,Monza,5.793,11,salo,Finnish,ferrari,Italian
16,1999,monza,Monza,5.793,11,diniz,Brazilian,sauber,Swiss
15,1999,monza,Monza,5.793,11,herbert,British,stewart,British
22,1999,monza,Monza,5.793,11,takagi,Japanese,arrows,British
19,1999,monza,Monza,5.793,11,badoer,Italian,minardi,Italian
7,1999,monza,Monza,5.793,11,barrichello,Brazilian,stewart,British
5,1999,monza,Monza,5.793,11,ralf_schumacher,German,williams,British
14,1999,monza,Monza,5.793,11,wurz,Austrian,benetton,Italian
20,1999,suzuka,Suzuka,5.807,18,gene,Spanish,minardi,Italian
4,1999,suzuka,Suzuka,5.807,18,frentzen,German,jordan,Irish
10,1999,suzuka,Suzuka,5.807,18,alesi,French,sauber,Swiss
5,1999,suzuka,Suzuka,5.807,18,irvine,British,ferrari,Italian
7,1999,hungaroring,Budapest,4.381,14,wurz,Austrian,benetton,Italian
13,1999,monza,Monza,5.793,11,alesi,French,sauber,Swiss
8,1999,monza,Monza,5.793,11,irvine,British,ferrari,Italian
1,1999,monza,Monza,5.793,11,hakkinen,Finnish,mclaren,British
16,1999,nurburgring,Nürburg,5.148,15,alesi,French,sauber,Swiss
8,1999,suzuka,Suzuka,5.807,18,herbert,British,stewart,British
19,1999,suzuka,Suzuka,5.807,18,takagi,Japanese,arrows,British
22,1999,suzuka,Suzuka,5.807,18,badoer,Italian,minardi,Italian
12,1999,suzuka,Suzuka,5.807,18,damon_hill,British,jordan,Irish
21,1999,suzuka,Suzuka,5.807,18,rosa,Spanish,arrows,British
18,1999,suzuka,Suzuka,5.807,18,zonta,Brazilian,bar,British
6,1999,suzuka,Suzuka,5.807,18,panis,French,prost,French
13,1999,hockenheimring,Hockenheim,4.574,16,wurz,Austrian,benetton,Italian
20,1999,hockenheimring,Hockenheim,4.574,16,rosa,Spanish,arrows,British
18,1999,hockenheimring,Hockenheim,4.574,16,zonta,Brazilian,bar,British
7,1999,hockenheimring,Hockenheim,4.574,16,panis,French,prost,French
15,1999,hockenheimring,Hockenheim,4.574,16,gene,Spanish,minardi,Italian
18,1999,villeneuve,Montreal,4.361,14,diniz,Brazilian,sauber,Swiss
10,1999,villeneuve,Montreal,4.361,14,herbert,British,stewart,British
19,1999,villeneuve,Montreal,4.361,14,takagi,Japanese,arrows,British
1,1999,hockenheimring,Hockenheim,4.574,16,hakkinen,Finnish,mclaren,British
4,1999,hockenheimring,Hockenheim,4.574,16,salo,Finnish,ferrari,Italian
17,1999,hockenheimring,Hockenheim,4.574,16,herbert,British,stewart,British
22,1999,hockenheimring,Hockenheim,4.574,16,takagi,Japanese,arrows,British
19,1999,hockenheimring,Hockenheim,4.574,16,badoer,Italian,minardi,Italian
10,1999,hockenheimring,Hockenheim,4.574,16,fisichella,Italian,benetton,Italian
6,1999,hockenheimring,Hockenheim,4.574,16,barrichello,Brazilian,stewart,British
11,1999,hockenheimring,Hockenheim,4.574,16,ralf_schumacher,German,williams,British
18,1999,magny_cours,Magny Cours,4.411,16,damon_hill,British,jordan,Irish
3,1999,silverstone,Silverstone,5.891,18,coulthard,British,mclaren,British
14,1999,silverstone,Silverstone,5.891,18,trulli,Italian,prost,French
17,1999,silverstone,Silverstone,5.891,18,fisichella,Italian,benetton,Italian
7,1999,silverstone,Silverstone,5.891,18,barrichello,Brazilian,stewart,British
2,1999,hockenheimring,Hockenheim,4.574,16,frentzen,German,jordan,Irish
21,1999,hockenheimring,Hockenheim,4.574,16,alesi,French,sauber,Swiss
5,1999,hockenheimring,Hockenheim,4.574,16,irvine,British,ferrari,Italian
16,1999,silverstone,Silverstone,5.891,18,zonta,Brazilian,bar,British
15,1999,silverstone,Silverstone,5.891,18,panis,French,prost,French
22,1999,silverstone,Silverstone,5.891,18,gene,Spanish,minardi,Italian
5,1999,silverstone,Silverstone,5.891,18,frentzen,German,jordan,Irish
10,1999,silverstone,Silverstone,5.891,18,alesi,French,sauber,Swiss
14,1999,hockenheimring,Hockenheim,4.574,16,zanardi,Italian,williams,British
20,1999,magny_cours,Magny Cours,4.411,16,badoer,Italian,minardi,Italian
15,1999,magny_cours,Magny Cours,4.411,16,zanardi,Italian,williams,British
11,1999,silverstone,Silverstone,5.891,18,herbert,British,stewart,British
19,1999,silverstone,Silverstone,5.891,18,takagi,Japanese,arrows,British
21,1999,silverstone,Silverstone,5.891,18,badoer,Italian,minardi,Italian
13,1999,silverstone,Silverstone,5.891,18,zanardi,Italian,williams,British
6,1999,silverstone,Silverstone,5.891,18,damon_hill,British,jordan,Irish
13,1999,catalunya,Montmeló,4.657,14,fisichella,Italian,benetton,Italian
7,1999,catalunya,Montmeló,4.657,14,barrichello,Brazilian,stewart,British
10,1999,catalunya,Montmeló,4.657,14,ralf_schumacher,German,williams,British
5,1999,red_bull_ring,Spielberg,4.318,10,barrichello,Brazilian,stewart,British
8,1999,red_bull_ring,Spielberg,4.318,10,ralf_schumacher,German,williams,British
10,1999,red_bull_ring,Spielberg,4.318,10,wurz,Austrian,benetton,Italian
9,1999,red_bull_ring,Spielberg,4.318,10,villeneuve,Canadian,bar,British
21,1999,red_bull_ring,Spielberg,4.318,10,rosa,Spanish,arrows,British
4,1999,silverstone,Silverstone,5.891,18,irvine,British,ferrari,Italian
1,1999,silverstone,Silverstone,5.891,18,hakkinen,Finnish,mclaren,British
12,1999,silverstone,Silverstone,5.891,18,diniz,Brazilian,sauber,Swiss
15,1999,villeneuve,Montreal,4.361,14,panis,French,prost,French
22,1999,villeneuve,Montreal,4.361,14,gene,Spanish,minardi,Italian
6,1999,villeneuve,Montreal,4.361,14,frentzen,German,jordan,Irish
3,1999,villeneuve,Montreal,4.361,14,irvine,British,ferrari,Italian
2,1999,villeneuve,Montreal,4.361,14,hakkinen,Finnish,mclaren,British
2,1999,red_bull_ring,Spielberg,4.318,10,coulthard,British,mclaren,British
13,1999,red_bull_ring,Spielberg,4.318,10,trulli,Italian,prost,French
12,1999,red_bull_ring,Spielberg,4.318,10,fisichella,Italian,benetton,Italian
21,1999,villeneuve,Montreal,4.361,14,badoer,Italian,minardi,Italian
12,1999,villeneuve,Montreal,4.361,14,zanardi,Italian,williams,British
14,1999,villeneuve,Montreal,4.361,14,damon_hill,British,jordan,Irish
4,1999,magny_cours,Magny Cours,4.411,16,coulthard,British,mclaren,British
8,1999,magny_cours,Magny Cours,4.411,16,trulli,Italian,prost,French
15,1999,red_bull_ring,Spielberg,4.318,10,zonta,Brazilian,bar,British
20,1999,villeneuve,Montreal,4.361,14,rosa,Spanish,arrows,British
17,1999,villeneuve,Montreal,4.361,14,zonta,Brazilian,bar,British
13,1999,magny_cours,Magny Cours,4.411,16,wurz,Austrian,benetton,Italian
6,1999,magny_cours,Magny Cours,4.411,16,michael_schumacher,German,ferrari,Italian
12,1999,magny_cours,Magny Cours,4.411,16,villeneuve,Canadian,bar,British
21,1999,magny_cours,Magny Cours,4.411,16,rosa,Spanish,arrows,British
10,1999,magny_cours,Magny Cours,4.411,16,zonta,Brazilian,bar,British
1,1999,imola,Imola,4.909,19,hakkinen,Finnish,mclaren,British
19,1999,imola,Imola,4.909,19,salo,Finnish,bar,British
15,1999,imola,Imola,4.909,19,diniz,Brazilian,sauber,Swiss
2,1999,magny_cours,Magny Cours,4.411,16,alesi,French,sauber,Swiss
17,1999,magny_cours,Magny Cours,4.411,16,irvine,British,ferrari,Italian
14,1999,magny_cours,Magny Cours,4.411,16,hakkinen,Finnish,mclaren,British
11,1999,magny_cours,Magny Cours,4.411,16,diniz,Brazilian,sauber,Swiss
9,1999,magny_cours,Magny Cours,4.411,16,herbert,British,stewart,British
7,1999,magny_cours,Magny Cours,4.411,16,fisichella,Italian,benetton,Italian
1,1999,magny_cours,Magny Cours,4.411,16,barrichello,Brazilian,stewart,British
16,1999,magny_cours,Magny Cours,4.411,16,ralf_schumacher,German,williams,British
20,1999,monaco,Monte-Carlo,3.337,19,badoer,Italian,minardi,Italian
11,1999,monaco,Monte-Carlo,3.337,19,zanardi,Italian,williams,British
17,1999,monaco,Monte-Carlo,3.337,19,damon_hill,British,jordan,Irish
3,1999,catalunya,Montmeló,4.657,14,coulthard,British,mclaren,British
9,1999,catalunya,Montmeló,4.657,14,trulli,Italian,prost,French
3,1999,magny_cours,Magny Cours,4.411,16,panis,French,prost,French
19,1999,magny_cours,Magny Cours,4.411,16,gene,Spanish,minardi,Italian
5,1999,magny_cours,Magny Cours,4.411,16,frentzen,German,jordan,Irish
18,1999,catalunya,Montmeló,4.657,14,wurz,Austrian,benetton,Italian
4,1999,catalunya,Montmeló,4.657,14,michael_schumacher,German,ferrari,Italian
6,1999,catalunya,Montmeló,4.657,14,villeneuve,Canadian,bar,British
19,1999,catalunya,Montmeló,4.657,14,rosa,Spanish,arrows,British
15,1999,catalunya,Montmeló,4.657,14,panis,French,prost,French
22,1999,magny_cours,Magny Cours,4.411,16,takagi,Japanese,arrows,British
13,1999,monaco,Monte-Carlo,3.337,19,herbert,British,stewart,British
19,1999,monaco,Monte-Carlo,3.337,19,takagi,Japanese,arrows,British
1,1999,catalunya,Montmeló,4.657,14,hakkinen,Finnish,mclaren,British
16,1999,catalunya,Montmeló,4.657,14,salo,Finnish,bar,British
12,1999,catalunya,Montmeló,4.657,14,diniz,Brazilian,sauber,Swiss
14,1999,catalunya,Montmeló,4.657,14,herbert,British,stewart,British
20,1999,catalunya,Montmeló,4.657,14,takagi,Japanese,arrows,British
13,1999,interlagos,São Paulo,4.309,15,trulli,Italian,prost,French
5,1999,interlagos,São Paulo,4.309,15,fisichella,Italian,benetton,Italian
3,1999,interlagos,São Paulo,4.309,15,barrichello,Brazilian,stewart,British
4,1999,villeneuve,Montreal,4.361,14,coulthard,British,mclaren,British
7,1999,villeneuve,Montreal,4.361,14,fisichella,Italian,benetton,Italian
5,1999,villeneuve,Montreal,4.361,14,barrichello,Brazilian,stewart,British
13,1999,villeneuve,Montreal,4.361,14,ralf_schumacher,German,williams,British
1,1999,villeneuve,Montreal,4.361,14,michael_schumacher,German,ferrari,Italian
8,1999,catalunya,Montmeló,4.657,14,frentzen,German,jordan,Irish
5,1999,catalunya,Montmeló,4.657,14,alesi,French,sauber,Swiss
2,1999,catalunya,Montmeló,4.657,14,irvine,British,ferrari,Italian
11,1999,imola,Imola,4.909,19,panis,French,prost,French
21,1999,imola,Imola,4.909,19,gene,Spanish,minardi,Italian
7,1999,imola,Imola,4.909,19,frentzen,German,jordan,Irish
13,1999,imola,Imola,4.909,19,alesi,French,sauber,Swiss
4,1999,imola,Imola,4.909,19,irvine,British,ferrari,Italian
22,1999,catalunya,Montmeló,4.657,14,badoer,Italian,minardi,Italian
17,1999,catalunya,Montmeló,4.657,14,zanardi,Italian,williams,British
11,1999,catalunya,Montmeló,4.657,14,damon_hill,British,jordan,Irish
12,1999,imola,Imola,4.909,19,herbert,British,stewart,British
20,1999,imola,Imola,4.909,19,takagi,Japanese,arrows,British
22,1999,imola,Imola,4.909,19,badoer,Italian,minardi,Italian
10,1999,imola,Imola,4.909,19,zanardi,Italian,williams,British
8,1999,imola,Imola,4.909,19,damon_hill,British,jordan,Irish
16,1999,villeneuve,Montreal,4.361,14,villeneuve,Canadian,bar,British
3,1999,imola,Imola,4.909,19,michael_schumacher,German,ferrari,Italian
18,1999,imola,Imola,4.909,19,rosa,Spanish,arrows,British
5,1999,monaco,Monte-Carlo,3.337,19,barrichello,Brazilian,stewart,British
16,1999,monaco,Monte-Carlo,3.337,19,ralf_schumacher,German,williams,British
10,1999,monaco,Monte-Carlo,3.337,19,wurz,Austrian,benetton,Italian
2,1999,monaco,Monte-Carlo,3.337,19,michael_schumacher,German,ferrari,Italian
8,1999,monaco,Monte-Carlo,3.337,19,villeneuve,Canadian,bar,British
17,1999,imola,Imola,4.909,19,wurz,Austrian,benetton,Italian
18,1999,spa,Spa,7.004,20,diniz,Brazilian,sauber,Swiss
10,1999,spa,Spa,7.004,20,herbert,British,stewart,British
6,1999,monaco,Monte-Carlo,3.337,19,frentzen,German,jordan,Irish
14,1999,monaco,Monte-Carlo,3.337,19,alesi,French,sauber,Swiss
4,1999,monaco,Monte-Carlo,3.337,19,irvine,British,ferrari,Italian
1,1999,monaco,Monte-Carlo,3.337,19,hakkinen,Finnish,mclaren,British
12,1999,monaco,Monte-Carlo,3.337,19,salo,Finnish,bar,British
3,1999,monaco,Monte-Carlo,3.337,19,coulthard,British,mclaren,British
7,1999,monaco,Monte-Carlo,3.337,19,trulli,Italian,prost,French
9,1999,monaco,Monte-Carlo,3.337,19,fisichella,Italian,benetton,Italian
14,1999,albert_park,Melbourne,5.278,16,diniz,Brazilian,sauber,Swiss
17,1999,albert_park,Melbourne,5.278,16,takagi,Japanese,arrows,British
21,1999,albert_park,Melbourne,5.278,16,badoer,Italian,minardi,Italian
15,1999,albert_park,Melbourne,5.278,16,zanardi,Italian,williams,British
2,1999,interlagos,São Paulo,4.309,15,coulthard,British,mclaren,British
21,1999,monaco,Monte-Carlo,3.337,19,rosa,Spanish,arrows,British
18,1999,monaco,Monte-Carlo,3.337,19,panis,French,prost,French
22,1999,monaco,Monte-Carlo,3.337,19,gene,Spanish,minardi,Italian
11,1999,interlagos,São Paulo,4.309,15,ralf_schumacher,German,williams,British
9,1999,interlagos,São Paulo,4.309,15,wurz,Austrian,benetton,Italian
4,1999,interlagos,São Paulo,4.309,15,michael_schumacher,German,ferrari,Italian
21,1999,interlagos,São Paulo,4.309,15,villeneuve,Canadian,bar,British
17,1999,interlagos,São Paulo,4.309,15,rosa,Spanish,arrows,British
15,1999,monaco,Monte-Carlo,3.337,19,diniz,Brazilian,sauber,Swiss
6,1999,albert_park,Melbourne,5.278,16,irvine,British,ferrari,Italian
1,1999,albert_park,Melbourne,5.278,16,hakkinen,Finnish,mclaren,British
14,1999,interlagos,São Paulo,4.309,15,alesi,French,sauber,Swiss
6,1999,interlagos,São Paulo,4.309,15,irvine,British,ferrari,Italian
1,1999,interlagos,São Paulo,4.309,15,hakkinen,Finnish,mclaren,British
15,1999,interlagos,São Paulo,4.309,15,diniz,Brazilian,sauber,Swiss
10,1999,interlagos,São Paulo,4.309,15,herbert,British,stewart,British
5,1999,albert_park,Melbourne,5.278,16,frentzen,German,jordan,Irish
8,1999,albert_park,Melbourne,5.278,16,ralf_schumacher,German,williams,British
10,1999,albert_park,Melbourne,5.278,16,wurz,Austrian,benetton,Italian
18,1999,interlagos,São Paulo,4.309,15,sarrazin,French,minardi,Italian
2,1999,imola,Imola,4.909,19,coulthard,British,mclaren,British
16,1999,imola,Imola,4.909,19,fisichella,Italian,benetton,Italian
6,1999,imola,Imola,4.909,19,barrichello,Brazilian,stewart,British
9,1999,imola,Imola,4.909,19,ralf_schumacher,German,williams,British
12,1999,interlagos,São Paulo,4.309,15,panis,French,prost,French
20,1999,interlagos,São Paulo,4.309,15,gene,Spanish,minardi,Italian
8,1999,interlagos,São Paulo,4.309,15,frentzen,German,jordan,Irish
21,1999,spa,Spa,7.004,20,gene,Spanish,minardi,Italian
3,1999,spa,Spa,7.004,20,frentzen,German,jordan,Irish
16,1999,spa,Spa,7.004,20,alesi,French,sauber,Swiss
6,1999,spa,Spa,7.004,20,irvine,British,ferrari,Italian
1,1999,spa,Spa,7.004,20,hakkinen,Finnish,mclaren,British
19,1999,interlagos,São Paulo,4.309,15,takagi,Japanese,arrows,British
16,1999,interlagos,São Paulo,4.309,15,zanardi,Italian,williams,British
7,1999,interlagos,São Paulo,4.309,15,damon_hill,British,jordan,Irish
20,1999,spa,Spa,7.004,20,badoer,Italian,minardi,Italian
8,1999,spa,Spa,7.004,20,zanardi,Italian,williams,British
4,1999,spa,Spa,7.004,20,damon_hill,British,jordan,Irish
3,1999,monza,Monza,5.793,11,coulthard,British,mclaren,British
12,1999,monza,Monza,5.793,11,trulli,Italian,prost,French
17,1999,monza,Monza,5.793,11,fisichella,Italian,benetton,Italian
14,1999,sepang,Kuala Lumpur,5.543,15,frentzen,German,jordan,Irish
17,1999,spa,Spa,7.004,20,panis,French,prost,French
22,1999,sepang,Kuala Lumpur,5.543,15,takagi,Japanese,arrows,British
21,1999,sepang,Kuala Lumpur,5.543,15,badoer,Italian,minardi,Italian
16,1999,sepang,Kuala Lumpur,5.543,15,zanardi,Italian,williams,British
9,1999,hungaroring,Budapest,4.381,14,villeneuve,Canadian,bar,British
20,1999,hungaroring,Budapest,4.381,14,rosa,Spanish,arrows,British
17,1999,hungaroring,Budapest,4.381,14,zonta,Brazilian,bar,British
14,1999,hungaroring,Budapest,4.381,14,panis,French,prost,French
22,1999,hungaroring,Budapest,4.381,14,gene,Spanish,minardi,Italian
15,1999,suzuka,Suzuka,5.807,18,wurz,Austrian,benetton,Italian
1,1999,suzuka,Suzuka,5.807,18,michael_schumacher,German,ferrari,Italian
11,1999,suzuka,Suzuka,5.807,18,villeneuve,Canadian,bar,British
15,1999,sepang,Kuala Lumpur,5.543,15,alesi,French,sauber,Swiss
2,1999,sepang,Kuala Lumpur,5.543,15,irvine,British,ferrari,Italian
4,1999,sepang,Kuala Lumpur,5.543,15,hakkinen,Finnish,mclaren,British
17,1999,sepang,Kuala Lumpur,5.543,15,diniz,Brazilian,sauber,Swiss
5,1999,sepang,Kuala Lumpur,5.543,15,herbert,British,stewart,British
7,1999,albert_park,Melbourne,5.278,16,fisichella,Italian,benetton,Italian
4,1999,albert_park,Melbourne,5.278,16,barrichello,Brazilian,stewart,British
2,1999,suzuka,Suzuka,5.807,18,hakkinen,Finnish,mclaren,British
3,1999,suzuka,Suzuka,5.807,18,coulthard,British,mclaren,British
7,1999,suzuka,Suzuka,5.807,18,trulli,Italian,prost,French
14,1999,suzuka,Suzuka,5.807,18,fisichella,Italian,benetton,Italian
13,1999,suzuka,Suzuka,5.807,18,barrichello,Brazilian,stewart,British
9,1999,suzuka,Suzuka,5.807,18,ralf_schumacher,German,williams,British
3,1999,albert_park,Melbourne,5.278,16,michael_schumacher,German,ferrari,Italian
11,1999,albert_park,Melbourne,5.278,16,villeneuve,Canadian,bar,British
18,1999,albert_park,Melbourne,5.278,16,rosa,Spanish,arrows,British
19,1999,albert_park,Melbourne,5.278,16,zonta,Brazilian,bar,British
20,1999,albert_park,Melbourne,5.278,16,panis,French,prost,French
22,1999,albert_park,Melbourne,5.278,16,gene,Spanish,minardi,Italian
2,1999,albert_park,Melbourne,5.278,16,coulthard,British,mclaren,British
12,1999,albert_park,Melbourne,5.278,16,trulli,Italian,prost,French
10,1999,hungaroring,Budapest,4.381,14,herbert,British,stewart,British
21,1999,hungaroring,Budapest,4.381,14,takagi,Japanese,arrows,British
19,1999,hungaroring,Budapest,4.381,14,badoer,Italian,minardi,Italian
15,1999,hungaroring,Budapest,4.381,14,zanardi,Italian,williams,British
6,1999,hungaroring,Budapest,4.381,14,damon_hill,British,jordan,Irish
8,1999,silverstone,Silverstone,5.891,18,ralf_schumacher,German,williams,British
18,1999,silverstone,Silverstone,5.891,18,wurz,Austrian,benetton,Italian
9,1999,silverstone,Silverstone,5.891,18,villeneuve,Canadian,bar,British
7,1999,spa,Spa,7.004,20,barrichello,Brazilian,stewart,British
5,1999,spa,Spa,7.004,20,ralf_schumacher,German,williams,British
15,1999,spa,Spa,7.004,20,wurz,Austrian,benetton,Italian
11,1999,spa,Spa,7.004,20,villeneuve,Canadian,bar,British
22,1999,spa,Spa,7.004,20,rosa,Spanish,arrows,British
1,1999,hungaroring,Budapest,4.381,14,hakkinen,Finnish,mclaren,British
18,1999,hungaroring,Budapest,4.381,14,salo,Finnish,ferrari,Italian
12,1999,hungaroring,Budapest,4.381,14,diniz,Brazilian,sauber,Swiss
4,1999,red_bull_ring,Spielberg,4.318,10,frentzen,German,jordan,Irish
17,1999,red_bull_ring,Spielberg,4.318,10,alesi,French,sauber,Swiss
3,1999,red_bull_ring,Spielberg,4.318,10,irvine,British,ferrari,Italian
1,1999,red_bull_ring,Spielberg,4.318,10,hakkinen,Finnish,mclaren,British
7,1999,red_bull_ring,Spielberg,4.318,10,salo,Finnish,ferrari,Italian
2,1999,spa,Spa,7.004,20,coulthard,British,mclaren,British
12,1999,spa,Spa,7.004,20,trulli,Italian,prost,French
13,1999,spa,Spa,7.004,20,fisichella,Italian,benetton,Italian
19,1999,red_bull_ring,Spielberg,4.318,10,badoer,Italian,minardi,Italian
14,1999,red_bull_ring,Spielberg,4.318,10,zanardi,Italian,williams,British
11,1999,red_bull_ring,Spielberg,4.318,10,damon_hill,British,jordan,Irish
3,1999,hockenheimring,Hockenheim,4.574,16,coulthard,British,mclaren,British
9,1999,hockenheimring,Hockenheim,4.574,16,trulli,Italian,prost,French
14,1999,spa,Spa,7.004,20,zonta,Brazilian,bar,British
18,1999,red_bull_ring,Spielberg,4.318,10,panis,French,prost,French
22,1999,red_bull_ring,Spielberg,4.318,10,gene,Spanish,minardi,Italian
9,1999,nurburgring,Nürburg,5.148,15,irvine,British,ferrari,Italian
3,1999,nurburgring,Nürburg,5.148,15,hakkinen,Finnish,mclaren,British
9,1999,monza,Monza,5.793,11,damon_hill,British,jordan,Irish
2,1999,nurburgring,Nürburg,5.148,15,coulthard,British,mclaren,British
10,1999,nurburgring,Nürburg,5.148,15,trulli,Italian,prost,French
6,1999,nurburgring,Nürburg,5.148,15,fisichella,Italian,benetton,Italian
15,1999,nurburgring,Nürburg,5.148,15,barrichello,Brazilian,stewart,British
4,1999,nurburgring,Nürburg,5.148,15,ralf_schumacher,German,williams,British
8,1999,nurburgring,Nürburg,5.148,15,villeneuve,Canadian,bar,British
17,1999,suzuka,Suzuka,5.807,18,diniz,Brazilian,sauber,Swiss
19,2000,monza,Monza,5.793,11,alesi,French,prost,French
10,2000,suzuka,Suzuka,5.807,18,herbert,British,jaguar,British
22,2000,spa,Spa,7.004,20,mazzacane,Argentine,minardi,Italian
18,2000,spa,Spa,7.004,20,salo,Finnish,sauber,Swiss
15,2000,spa,Spa,7.004,20,diniz,Brazilian,sauber,Swiss
9,2000,spa,Spa,7.004,20,herbert,British,jaguar,British
20,2000,monza,Monza,5.793,11,heidfeld,German,prost,French
12,2000,monza,Monza,5.793,11,button,British,williams,British
7,2000,monza,Monza,5.793,11,ralf_schumacher,German,williams,British
13,2000,monza,Monza,5.793,11,wurz,Austrian,benetton,Italian
1,2000,monza,Monza,5.793,11,michael_schumacher,German,ferrari,Italian
4,2000,monza,Monza,5.793,11,villeneuve,Canadian,bar,British
17,2000,monza,Monza,5.793,11,zonta,Brazilian,bar,British
21,2000,monza,Monza,5.793,11,gene,Spanish,minardi,Italian
11,2000,monza,Monza,5.793,11,verstappen,Dutch,arrows,British
2,2000,sepang,Kuala Lumpur,5.543,15,hakkinen,Finnish,mclaren,British
22,2000,sepang,Kuala Lumpur,5.543,15,mazzacane,Argentine,minardi,Italian
17,2000,sepang,Kuala Lumpur,5.543,15,salo,Finnish,sauber,Swiss
12,2000,sepang,Kuala Lumpur,5.543,15,herbert,British,jaguar,British
21,2000,indianapolis,Indianapolis,4.192,13,mazzacane,Argentine,minardi,Italian
14,2000,spa,Spa,7.004,20,heidfeld,German,prost,French
12,2000,indianapolis,Indianapolis,4.192,13,zonta,Brazilian,bar,British
1,2000,hungaroring,Budapest,4.381,14,michael_schumacher,German,ferrari,Italian
16,2000,hungaroring,Budapest,4.381,14,villeneuve,Canadian,bar,British
15,2000,hungaroring,Budapest,4.381,14,rosa,Spanish,arrows,British
18,2000,hungaroring,Budapest,4.381,14,zonta,Brazilian,bar,British
21,2000,hungaroring,Budapest,4.381,14,gene,Spanish,minardi,Italian
6,2000,hungaroring,Budapest,4.381,14,frentzen,German,jordan,Irish
21,2000,suzuka,Suzuka,5.807,18,gene,Spanish,minardi,Italian
14,2000,hungaroring,Budapest,4.381,14,alesi,French,prost,French
10,2000,hungaroring,Budapest,4.381,14,irvine,British,jaguar,British
3,2000,hungaroring,Budapest,4.381,14,hakkinen,Finnish,mclaren,British
22,2000,hungaroring,Budapest,4.381,14,mazzacane,Argentine,minardi,Italian
9,2000,hungaroring,Budapest,4.381,14,salo,Finnish,sauber,Swiss
13,2000,hungaroring,Budapest,4.381,14,diniz,Brazilian,sauber,Swiss
17,2000,hungaroring,Budapest,4.381,14,herbert,British,jaguar,British
20,2000,suzuka,Suzuka,5.807,18,diniz,Brazilian,sauber,Swiss
4,2000,suzuka,Suzuka,5.807,18,barrichello,Brazilian,ferrari,Italian
6,2000,suzuka,Suzuka,5.807,18,ralf_schumacher,German,williams,British
11,2000,suzuka,Suzuka,5.807,18,wurz,Austrian,benetton,Italian
1,2000,suzuka,Suzuka,5.807,18,michael_schumacher,German,ferrari,Italian
9,2000,suzuka,Suzuka,5.807,18,villeneuve,Canadian,bar,British
13,2000,suzuka,Suzuka,5.807,18,rosa,Spanish,arrows,British
18,2000,suzuka,Suzuka,5.807,18,zonta,Brazilian,bar,British
9,2000,monza,Monza,5.793,11,fisichella,Italian,benetton,Italian
8,2000,suzuka,Suzuka,5.807,18,frentzen,German,jordan,Irish
14,2000,suzuka,Suzuka,5.807,18,verstappen,Dutch,arrows,British
17,2000,suzuka,Suzuka,5.807,18,alesi,French,prost,French
7,2000,suzuka,Suzuka,5.807,18,irvine,British,jaguar,British
2,2000,suzuka,Suzuka,5.807,18,hakkinen,Finnish,mclaren,British
22,2000,suzuka,Suzuka,5.807,18,mazzacane,Argentine,minardi,Italian
19,2000,suzuka,Suzuka,5.807,18,salo,Finnish,sauber,Swiss
22,2000,hockenheimring,Hockenheim,4.574,16,gene,Spanish,minardi,Italian
1,2000,spa,Spa,7.004,20,hakkinen,Finnish,mclaren,British
22,2000,red_bull_ring,Spielberg,4.318,10,mazzacane,Argentine,minardi,Italian
9,2000,red_bull_ring,Spielberg,4.318,10,salo,Finnish,sauber,Swiss
11,2000,red_bull_ring,Spielberg,4.318,10,diniz,Brazilian,sauber,Swiss
16,2000,red_bull_ring,Spielberg,4.318,10,herbert,British,jaguar,British
13,2000,hockenheimring,Hockenheim,4.574,16,heidfeld,German,prost,French
1,2000,hockenheimring,Hockenheim,4.574,16,coulthard,British,mclaren,British
5,2000,indianapolis,Indianapolis,4.192,13,trulli,Italian,jordan,Irish
16,2000,hockenheimring,Hockenheim,4.574,16,button,British,williams,British
18,2000,hockenheimring,Hockenheim,4.574,16,barrichello,Brazilian,ferrari,Italian
14,2000,hockenheimring,Hockenheim,4.574,16,ralf_schumacher,German,williams,British
7,2000,hockenheimring,Hockenheim,4.574,16,wurz,Austrian,benetton,Italian
9,2000,hockenheimring,Hockenheim,4.574,16,villeneuve,Canadian,bar,British
5,2000,hockenheimring,Hockenheim,4.574,16,rosa,Spanish,arrows,British
12,2000,hockenheimring,Hockenheim,4.574,16,zonta,Brazilian,bar,British
18,2000,indianapolis,Indianapolis,4.192,13,rosa,Spanish,arrows,British
3,2000,monza,Monza,5.793,11,hakkinen,Finnish,mclaren,British
22,2000,monza,Monza,5.793,11,mazzacane,Argentine,minardi,Italian
15,2000,monza,Monza,5.793,11,salo,Finnish,sauber,Swiss
16,2000,monza,Monza,5.793,11,diniz,Brazilian,sauber,Swiss
18,2000,monza,Monza,5.793,11,herbert,British,jaguar,British
16,2000,indianapolis,Indianapolis,4.192,13,heidfeld,German,prost,French
2,2000,indianapolis,Indianapolis,4.192,13,coulthard,British,mclaren,British
20,2000,hungaroring,Budapest,4.381,14,verstappen,Dutch,arrows,British
6,2000,indianapolis,Indianapolis,4.192,13,button,British,williams,British
15,2000,indianapolis,Indianapolis,4.192,13,fisichella,Italian,benetton,Italian
4,2000,indianapolis,Indianapolis,4.192,13,barrichello,Brazilian,ferrari,Italian
10,2000,indianapolis,Indianapolis,4.192,13,ralf_schumacher,German,williams,British
11,2000,indianapolis,Indianapolis,4.192,13,wurz,Austrian,benetton,Italian
1,2000,indianapolis,Indianapolis,4.192,13,michael_schumacher,German,ferrari,Italian
8,2000,indianapolis,Indianapolis,4.192,13,villeneuve,Canadian,bar,British
12,2000,magny_cours,Magny Cours,4.411,16,salo,Finnish,sauber,Swiss
11,2000,hungaroring,Budapest,4.381,14,wurz,Austrian,benetton,Italian
3,2000,magny_cours,Magny Cours,4.411,16,barrichello,Brazilian,ferrari,Italian
5,2000,magny_cours,Magny Cours,4.411,16,ralf_schumacher,German,williams,British
17,2000,magny_cours,Magny Cours,4.411,16,wurz,Austrian,benetton,Italian
1,2000,magny_cours,Magny Cours,4.411,16,michael_schumacher,German,ferrari,Italian
7,2000,magny_cours,Magny Cours,4.411,16,villeneuve,Canadian,bar,British
13,2000,magny_cours,Magny Cours,4.411,16,rosa,Spanish,arrows,British
4,2000,spa,Spa,7.004,20,michael_schumacher,German,ferrari,Italian
21,2000,magny_cours,Magny Cours,4.411,16,gene,Spanish,minardi,Italian
8,2000,magny_cours,Magny Cours,4.411,16,frentzen,German,jordan,Irish
20,2000,magny_cours,Magny Cours,4.411,16,verstappen,Dutch,arrows,British
18,2000,magny_cours,Magny Cours,4.411,16,alesi,French,prost,French
6,2000,magny_cours,Magny Cours,4.411,16,irvine,British,jaguar,British
4,2000,magny_cours,Magny Cours,4.411,16,hakkinen,Finnish,mclaren,British
22,2000,magny_cours,Magny Cours,4.411,16,mazzacane,Argentine,minardi,Italian
12,2000,spa,Spa,7.004,20,irvine,British,jaguar,British
5,2000,spa,Spa,7.004,20,coulthard,British,mclaren,British
2,2000,spa,Spa,7.004,20,trulli,Italian,jordan,Irish
3,2000,spa,Spa,7.004,20,button,British,williams,British
11,2000,spa,Spa,7.004,20,fisichella,Italian,benetton,Italian
10,2000,spa,Spa,7.004,20,barrichello,Brazilian,ferrari,Italian
6,2000,spa,Spa,7.004,20,ralf_schumacher,German,williams,British
19,2000,spa,Spa,7.004,20,wurz,Austrian,benetton,Italian
6,2000,hockenheimring,Hockenheim,4.574,16,trulli,Italian,jordan,Irish
7,2000,spa,Spa,7.004,20,villeneuve,Canadian,bar,British
16,2000,spa,Spa,7.004,20,rosa,Spanish,arrows,British
13,2000,spa,Spa,7.004,20,zonta,Brazilian,bar,British
21,2000,spa,Spa,7.004,20,gene,Spanish,minardi,Italian
8,2000,spa,Spa,7.004,20,frentzen,German,jordan,Irish
20,2000,spa,Spa,7.004,20,verstappen,Dutch,arrows,British
17,2000,spa,Spa,7.004,20,alesi,French,prost,French
6,2000,villeneuve,Montreal,4.361,14,villeneuve,Canadian,bar,British
1,2000,red_bull_ring,Spielberg,4.318,10,hakkinen,Finnish,mclaren,British
5,2000,monaco,Monte-Carlo,3.337,19,hakkinen,Finnish,mclaren,British
22,2000,monaco,Monte-Carlo,3.337,19,mazzacane,Argentine,minardi,Italian
13,2000,monaco,Monte-Carlo,3.337,19,salo,Finnish,sauber,Swiss
19,2000,monaco,Monte-Carlo,3.337,19,diniz,Brazilian,sauber,Swiss
11,2000,monaco,Monte-Carlo,3.337,19,herbert,British,jaguar,British
21,2000,villeneuve,Montreal,4.361,14,heidfeld,German,prost,French
19,2000,hockenheimring,Hockenheim,4.574,16,diniz,Brazilian,sauber,Swiss
7,2000,villeneuve,Montreal,4.361,14,trulli,Italian,jordan,Irish
18,2000,villeneuve,Montreal,4.361,14,button,British,williams,British
10,2000,villeneuve,Montreal,4.361,14,fisichella,Italian,benetton,Italian
3,2000,villeneuve,Montreal,4.361,14,barrichello,Brazilian,ferrari,Italian
12,2000,villeneuve,Montreal,4.361,14,ralf_schumacher,German,williams,British
14,2000,villeneuve,Montreal,4.361,14,wurz,Austrian,benetton,Italian
1,2000,villeneuve,Montreal,4.361,14,michael_schumacher,German,ferrari,Italian
4,2000,hungaroring,Budapest,4.381,14,ralf_schumacher,German,williams,British
17,2000,hockenheimring,Hockenheim,4.574,16,frentzen,German,jordan,Irish
11,2000,hockenheimring,Hockenheim,4.574,16,verstappen,Dutch,arrows,British
20,2000,hockenheimring,Hockenheim,4.574,16,alesi,French,prost,French
10,2000,hockenheimring,Hockenheim,4.574,16,irvine,British,jaguar,British
4,2000,hockenheimring,Hockenheim,4.574,16,hakkinen,Finnish,mclaren,British
21,2000,hockenheimring,Hockenheim,4.574,16,mazzacane,Argentine,minardi,Italian
15,2000,hockenheimring,Hockenheim,4.574,16,salo,Finnish,sauber,Swiss
19,2000,magny_cours,Magny Cours,4.411,16,zonta,Brazilian,bar,British
8,2000,hockenheimring,Hockenheim,4.574,16,herbert,British,jaguar,British
19,2000,hungaroring,Budapest,4.381,14,heidfeld,German,prost,French
2,2000,hungaroring,Budapest,4.381,14,coulthard,British,mclaren,British
12,2000,hungaroring,Budapest,4.381,14,trulli,Italian,jordan,Irish
8,2000,hungaroring,Budapest,4.381,14,button,British,williams,British
7,2000,hungaroring,Budapest,4.381,14,fisichella,Italian,benetton,Italian
5,2000,hungaroring,Budapest,4.381,14,barrichello,Brazilian,ferrari,Italian
15,2000,nurburgring,Nürburg,5.148,15,diniz,Brazilian,sauber,Swiss
14,2000,magny_cours,Magny Cours,4.411,16,fisichella,Italian,benetton,Italian
5,2000,nurburgring,Nürburg,5.148,15,ralf_schumacher,German,williams,British
14,2000,nurburgring,Nürburg,5.148,15,wurz,Austrian,benetton,Italian
2,2000,nurburgring,Nürburg,5.148,15,michael_schumacher,German,ferrari,Italian
9,2000,nurburgring,Nürburg,5.148,15,villeneuve,Canadian,bar,British
12,2000,nurburgring,Nürburg,5.148,15,rosa,Spanish,arrows,British
18,2000,nurburgring,Nürburg,5.148,15,zonta,Brazilian,bar,British
14,2000,red_bull_ring,Spielberg,4.318,10,wurz,Austrian,benetton,Italian
10,2000,nurburgring,Nürburg,5.148,15,frentzen,German,jordan,Irish
13,2000,nurburgring,Nürburg,5.148,15,verstappen,Dutch,arrows,British
17,2000,nurburgring,Nürburg,5.148,15,alesi,French,prost,French
8,2000,nurburgring,Nürburg,5.148,15,irvine,British,jaguar,British
3,2000,nurburgring,Nürburg,5.148,15,hakkinen,Finnish,mclaren,British
21,2000,nurburgring,Nürburg,5.148,15,mazzacane,Argentine,minardi,Italian
19,2000,nurburgring,Nürburg,5.148,15,salo,Finnish,sauber,Swiss
17,2000,red_bull_ring,Spielberg,4.318,10,alesi,French,prost,French
15,2000,magny_cours,Magny Cours,4.411,16,diniz,Brazilian,sauber,Swiss
11,2000,magny_cours,Magny Cours,4.411,16,herbert,British,jaguar,British
13,2000,red_bull_ring,Spielberg,4.318,10,heidfeld,German,prost,French
2,2000,red_bull_ring,Spielberg,4.318,10,coulthard,British,mclaren,British
18,2000,red_bull_ring,Spielberg,4.318,10,button,British,williams,British
3,2000,red_bull_ring,Spielberg,4.318,10,barrichello,Brazilian,ferrari,Italian
19,2000,red_bull_ring,Spielberg,4.318,10,ralf_schumacher,German,williams,British
2,2000,villeneuve,Montreal,4.361,14,coulthard,British,mclaren,British
7,2000,red_bull_ring,Spielberg,4.318,10,villeneuve,Canadian,bar,British
12,2000,red_bull_ring,Spielberg,4.318,10,rosa,Spanish,arrows,British
6,2000,red_bull_ring,Spielberg,4.318,10,zonta,Brazilian,bar,British
20,2000,red_bull_ring,Spielberg,4.318,10,gene,Spanish,minardi,Italian
15,2000,red_bull_ring,Spielberg,4.318,10,frentzen,German,jordan,Irish
10,2000,red_bull_ring,Spielberg,4.318,10,verstappen,Dutch,arrows,British
21,2000,red_bull_ring,Spielberg,4.318,10,burti,Brazilian,jaguar,British
18,2000,catalunya,Montmeló,4.657,14,wurz,Austrian,benetton,Italian
10,2000,monaco,Monte-Carlo,3.337,19,irvine,British,jaguar,British
15,2000,silverstone,Silverstone,5.891,18,alesi,French,prost,French
9,2000,silverstone,Silverstone,5.891,18,irvine,British,jaguar,British
3,2000,silverstone,Silverstone,5.891,18,hakkinen,Finnish,mclaren,British
22,2000,silverstone,Silverstone,5.891,18,mazzacane,Argentine,minardi,Italian
18,2000,silverstone,Silverstone,5.891,18,salo,Finnish,sauber,Swiss
13,2000,silverstone,Silverstone,5.891,18,diniz,Brazilian,sauber,Swiss
4,2000,villeneuve,Montreal,4.361,14,hakkinen,Finnish,mclaren,British
19,2000,catalunya,Montmeló,4.657,14,heidfeld,German,prost,French
4,2000,catalunya,Montmeló,4.657,14,coulthard,British,mclaren,British
7,2000,catalunya,Montmeló,4.657,14,trulli,Italian,jordan,Irish
10,2000,catalunya,Montmeló,4.657,14,button,British,williams,British
13,2000,catalunya,Montmeló,4.657,14,fisichella,Italian,benetton,Italian
3,2000,catalunya,Montmeló,4.657,14,barrichello,Brazilian,ferrari,Italian
5,2000,catalunya,Montmeló,4.657,14,ralf_schumacher,German,williams,British
10,2000,magny_cours,Magny Cours,4.411,16,button,British,williams,British
9,2000,villeneuve,Montreal,4.361,14,rosa,Spanish,arrows,British
8,2000,villeneuve,Montreal,4.361,14,zonta,Brazilian,bar,British
20,2000,villeneuve,Montreal,4.361,14,gene,Spanish,minardi,Italian
5,2000,villeneuve,Montreal,4.361,14,frentzen,German,jordan,Irish
13,2000,villeneuve,Montreal,4.361,14,verstappen,Dutch,arrows,British
17,2000,villeneuve,Montreal,4.361,14,alesi,French,prost,French
16,2000,villeneuve,Montreal,4.361,14,irvine,British,jaguar,British
20,2000,nurburgring,Nürburg,5.148,15,gene,Spanish,minardi,Italian
22,2000,villeneuve,Montreal,4.361,14,mazzacane,Argentine,minardi,Italian
15,2000,villeneuve,Montreal,4.361,14,salo,Finnish,sauber,Swiss
19,2000,villeneuve,Montreal,4.361,14,diniz,Brazilian,sauber,Swiss
11,2000,villeneuve,Montreal,4.361,14,herbert,British,jaguar,British
16,2000,magny_cours,Magny Cours,4.411,16,heidfeld,German,prost,French
2,2000,magny_cours,Magny Cours,4.411,16,coulthard,British,mclaren,British
9,2000,magny_cours,Magny Cours,4.411,16,trulli,Italian,jordan,Irish
12,2000,imola,Imola,4.909,19,salo,Finnish,sauber,Swiss
4,2000,nurburgring,Nürburg,5.148,15,barrichello,Brazilian,ferrari,Italian
4,2000,imola,Imola,4.909,19,barrichello,Brazilian,ferrari,Italian
5,2000,imola,Imola,4.909,19,ralf_schumacher,German,williams,British
11,2000,imola,Imola,4.909,19,wurz,Austrian,benetton,Italian
2,2000,imola,Imola,4.909,19,michael_schumacher,German,ferrari,Italian
9,2000,imola,Imola,4.909,19,villeneuve,Canadian,bar,British
13,2000,imola,Imola,4.909,19,rosa,Spanish,arrows,British
9,2000,monaco,Monte-Carlo,3.337,19,ralf_schumacher,German,williams,British
21,2000,imola,Imola,4.909,19,gene,Spanish,minardi,Italian
6,2000,imola,Imola,4.909,19,frentzen,German,jordan,Irish
16,2000,imola,Imola,4.909,19,verstappen,Dutch,arrows,British
15,2000,imola,Imola,4.909,19,alesi,French,prost,French
7,2000,imola,Imola,4.909,19,irvine,British,jaguar,British
1,2000,imola,Imola,4.909,19,hakkinen,Finnish,mclaren,British
20,2000,imola,Imola,4.909,19,mazzacane,Argentine,minardi,Italian
7,2000,monaco,Monte-Carlo,3.337,19,alesi,French,prost,French
16,2000,nurburgring,Nürburg,5.148,15,herbert,British,jaguar,British
18,2000,monaco,Monte-Carlo,3.337,19,heidfeld,German,prost,French
3,2000,monaco,Monte-Carlo,3.337,19,coulthard,British,mclaren,British
2,2000,monaco,Monte-Carlo,3.337,19,trulli,Italian,jordan,Irish
14,2000,monaco,Monte-Carlo,3.337,19,button,British,williams,British
8,2000,monaco,Monte-Carlo,3.337,19,fisichella,Italian,benetton,Italian
6,2000,monaco,Monte-Carlo,3.337,19,barrichello,Brazilian,ferrari,Italian
14,2000,silverstone,Silverstone,5.891,18,herbert,British,jaguar,British
12,2000,monaco,Monte-Carlo,3.337,19,wurz,Austrian,benetton,Italian
1,2000,monaco,Monte-Carlo,3.337,19,michael_schumacher,German,ferrari,Italian
17,2000,monaco,Monte-Carlo,3.337,19,villeneuve,Canadian,bar,British
20,2000,monaco,Monte-Carlo,3.337,19,zonta,Brazilian,bar,British
21,2000,monaco,Monte-Carlo,3.337,19,gene,Spanish,minardi,Italian
4,2000,monaco,Monte-Carlo,3.337,19,frentzen,German,jordan,Irish
15,2000,monaco,Monte-Carlo,3.337,19,verstappen,Dutch,arrows,British
13,2000,interlagos,São Paulo,4.309,15,wurz,Austrian,benetton,Italian
8,2000,silverstone,Silverstone,5.891,18,verstappen,Dutch,arrows,British
17,2000,albert_park,Melbourne,5.278,16,alesi,French,prost,French
7,2000,albert_park,Melbourne,5.278,16,irvine,British,jaguar,British
1,2000,albert_park,Melbourne,5.278,16,hakkinen,Finnish,mclaren,British
22,2000,albert_park,Melbourne,5.278,16,mazzacane,Argentine,minardi,Italian
10,2000,albert_park,Melbourne,5.278,16,salo,Finnish,sauber,Swiss
19,2000,albert_park,Melbourne,5.278,16,diniz,Brazilian,sauber,Swiss
17,2000,catalunya,Montmeló,4.657,14,alesi,French,prost,French
19,2000,interlagos,São Paulo,4.309,15,heidfeld,German,prost,French
2,2000,interlagos,São Paulo,4.309,15,coulthard,British,mclaren,British
12,2000,interlagos,São Paulo,4.309,15,trulli,Italian,jordan,Irish
9,2000,interlagos,São Paulo,4.309,15,button,British,williams,British
5,2000,interlagos,São Paulo,4.309,15,fisichella,Italian,benetton,Italian
4,2000,interlagos,São Paulo,4.309,15,barrichello,Brazilian,ferrari,Italian
11,2000,interlagos,São Paulo,4.309,15,ralf_schumacher,German,williams,British
7,2000,nurburgring,Nürburg,5.148,15,fisichella,Italian,benetton,Italian
1,2000,catalunya,Montmeló,4.657,14,michael_schumacher,German,ferrari,Italian
6,2000,catalunya,Montmeló,4.657,14,villeneuve,Canadian,bar,British
22,2000,catalunya,Montmeló,4.657,14,rosa,Spanish,arrows,British
16,2000,catalunya,Montmeló,4.657,14,zonta,Brazilian,bar,British
20,2000,catalunya,Montmeló,4.657,14,gene,Spanish,minardi,Italian
8,2000,catalunya,Montmeló,4.657,14,frentzen,German,jordan,Irish
11,2000,catalunya,Montmeló,4.657,14,verstappen,Dutch,arrows,British
14,2000,imola,Imola,4.909,19,zonta,Brazilian,bar,British
9,2000,catalunya,Montmeló,4.657,14,irvine,British,jaguar,British
2,2000,catalunya,Montmeló,4.657,14,hakkinen,Finnish,mclaren,British
21,2000,catalunya,Montmeló,4.657,14,mazzacane,Argentine,minardi,Italian
12,2000,catalunya,Montmeló,4.657,14,salo,Finnish,sauber,Swiss
14,2000,catalunya,Montmeló,4.657,14,herbert,British,jaguar,British
1,2000,nurburgring,Nürburg,5.148,15,coulthard,British,mclaren,British
11,2000,nurburgring,Nürburg,5.148,15,button,British,williams,British
13,2000,albert_park,Melbourne,5.278,16,verstappen,Dutch,arrows,British
19,2000,imola,Imola,4.909,19,fisichella,Italian,benetton,Italian
15,2000,albert_park,Melbourne,5.278,16,heidfeld,German,prost,French
2,2000,albert_park,Melbourne,5.278,16,coulthard,British,mclaren,British
6,2000,albert_park,Melbourne,5.278,16,trulli,Italian,jordan,Irish
21,2000,albert_park,Melbourne,5.278,16,button,British,williams,British
9,2000,albert_park,Melbourne,5.278,16,fisichella,Italian,benetton,Italian
4,2000,albert_park,Melbourne,5.278,16,barrichello,Brazilian,ferrari,Italian
1,2000,silverstone,Silverstone,5.891,18,barrichello,Brazilian,ferrari,Italian
14,2000,albert_park,Melbourne,5.278,16,wurz,Austrian,benetton,Italian
3,2000,albert_park,Melbourne,5.278,16,michael_schumacher,German,ferrari,Italian
8,2000,albert_park,Melbourne,5.278,16,villeneuve,Canadian,bar,British
12,2000,albert_park,Melbourne,5.278,16,rosa,Spanish,arrows,British
16,2000,albert_park,Melbourne,5.278,16,zonta,Brazilian,bar,British
18,2000,albert_park,Melbourne,5.278,16,gene,Spanish,minardi,Italian
5,2000,albert_park,Melbourne,5.278,16,frentzen,German,jordan,Irish
2,2000,silverstone,Silverstone,5.891,18,frentzen,German,jordan,Irish
10,2000,imola,Imola,4.909,19,diniz,Brazilian,sauber,Swiss
17,2000,imola,Imola,4.909,19,herbert,British,jaguar,British
17,2000,silverstone,Silverstone,5.891,18,heidfeld,German,prost,French
4,2000,silverstone,Silverstone,5.891,18,coulthard,British,mclaren,British
11,2000,silverstone,Silverstone,5.891,18,trulli,Italian,jordan,Irish
6,2000,silverstone,Silverstone,5.891,18,button,British,williams,British
12,2000,silverstone,Silverstone,5.891,18,fisichella,Italian,benetton,Italian
20,2000,albert_park,Melbourne,5.278,16,herbert,British,jaguar,British
7,2000,silverstone,Silverstone,5.891,18,ralf_schumacher,German,williams,British
20,2000,silverstone,Silverstone,5.891,18,wurz,Austrian,benetton,Italian
5,2000,silverstone,Silverstone,5.891,18,michael_schumacher,German,ferrari,Italian
10,2000,silverstone,Silverstone,5.891,18,villeneuve,Canadian,bar,British
19,2000,silverstone,Silverstone,5.891,18,rosa,Spanish,arrows,British
16,2000,silverstone,Silverstone,5.891,18,zonta,Brazilian,bar,British
21,2000,silverstone,Silverstone,5.891,18,gene,Spanish,minardi,Italian
12,2000,suzuka,Suzuka,5.807,18,fisichella,Italian,benetton,Italian
22,2000,indianapolis,Indianapolis,4.192,13,gene,Spanish,minardi,Italian
7,2000,indianapolis,Indianapolis,4.192,13,frentzen,German,jordan,Irish
13,2000,indianapolis,Indianapolis,4.192,13,verstappen,Dutch,arrows,British
20,2000,indianapolis,Indianapolis,4.192,13,alesi,French,prost,French
17,2000,indianapolis,Indianapolis,4.192,13,irvine,British,jaguar,British
3,2000,indianapolis,Indianapolis,4.192,13,hakkinen,Finnish,mclaren,British
14,2000,indianapolis,Indianapolis,4.192,13,salo,Finnish,sauber,Swiss
9,2000,indianapolis,Indianapolis,4.192,13,diniz,Brazilian,sauber,Swiss
19,2000,indianapolis,Indianapolis,4.192,13,herbert,British,jaguar,British
16,2000,suzuka,Suzuka,5.807,18,heidfeld,German,prost,French
3,2000,suzuka,Suzuka,5.807,18,coulthard,British,mclaren,British
15,2000,suzuka,Suzuka,5.807,18,trulli,Italian,jordan,Irish
5,2000,suzuka,Suzuka,5.807,18,button,British,williams,British
5,2000,sepang,Kuala Lumpur,5.543,15,wurz,Austrian,benetton,Italian
15,2000,interlagos,São Paulo,4.309,15,alesi,French,prost,French
18,2000,imola,Imola,4.909,19,button,British,williams,British
3,2000,interlagos,São Paulo,4.309,15,michael_schumacher,German,ferrari,Italian
10,2000,interlagos,São Paulo,4.309,15,villeneuve,Canadian,bar,British
16,2000,interlagos,São Paulo,4.309,15,rosa,Spanish,arrows,British
8,2000,interlagos,São Paulo,4.309,15,zonta,Brazilian,bar,British
18,2000,interlagos,São Paulo,4.309,15,gene,Spanish,minardi,Italian
7,2000,interlagos,São Paulo,4.309,15,frentzen,German,jordan,Irish
14,2000,interlagos,São Paulo,4.309,15,verstappen,Dutch,arrows,British
11,2000,albert_park,Melbourne,5.278,16,ralf_schumacher,German,williams,British
6,2000,interlagos,São Paulo,4.309,15,irvine,British,jaguar,British
1,2000,interlagos,São Paulo,4.309,15,hakkinen,Finnish,mclaren,British
20,2000,interlagos,São Paulo,4.309,15,mazzacane,Argentine,minardi,Italian
17,2000,interlagos,São Paulo,4.309,15,herbert,British,jaguar,British
22,2000,imola,Imola,4.909,19,heidfeld,German,prost,French
3,2000,imola,Imola,4.909,19,coulthard,British,mclaren,British
8,2000,imola,Imola,4.909,19,trulli,Italian,jordan,Irish
7,2000,sepang,Kuala Lumpur,5.543,15,irvine,British,jaguar,British
3,2000,sepang,Kuala Lumpur,5.543,15,coulthard,British,mclaren,British
9,2000,sepang,Kuala Lumpur,5.543,15,trulli,Italian,jordan,Irish
16,2000,sepang,Kuala Lumpur,5.543,15,button,British,williams,British
13,2000,sepang,Kuala Lumpur,5.543,15,fisichella,Italian,benetton,Italian
4,2000,sepang,Kuala Lumpur,5.543,15,barrichello,Brazilian,ferrari,Italian
8,2000,sepang,Kuala Lumpur,5.543,15,ralf_schumacher,German,williams,British
1,2000,sepang,Kuala Lumpur,5.543,15,michael_schumacher,German,ferrari,Italian
6,2000,sepang,Kuala Lumpur,5.543,15,villeneuve,Canadian,bar,British
11,2000,sepang,Kuala Lumpur,5.543,15,zonta,Brazilian,bar,British
21,2000,sepang,Kuala Lumpur,5.543,15,gene,Spanish,minardi,Italian
10,2000,sepang,Kuala Lumpur,5.543,15,frentzen,German,jordan,Irish
15,2000,sepang,Kuala Lumpur,5.543,15,verstappen,Dutch,arrows,British
18,2000,sepang,Kuala Lumpur,5.543,15,alesi,French,prost,French
4,2001,indianapolis,Indianapolis,4.192,13,hakkinen,Finnish,mclaren,British
7,2001,indianapolis,Indianapolis,4.192,13,coulthard,British,mclaren,British
8,2001,indianapolis,Indianapolis,4.192,13,trulli,Italian,jordan,Irish
10,2001,indianapolis,Indianapolis,4.192,13,button,British,benetton,Italian
12,2001,indianapolis,Indianapolis,4.192,13,fisichella,Italian,benetton,Italian
5,2001,indianapolis,Indianapolis,4.192,13,barrichello,Brazilian,ferrari,Italian
2,2001,indianapolis,Indianapolis,4.192,13,ralf_schumacher,German,williams,British
1,2001,indianapolis,Indianapolis,4.192,13,michael_schumacher,German,ferrari,Italian
8,2001,suzuka,Suzuka,5.807,18,trulli,Italian,jordan,Irish
18,2001,indianapolis,Indianapolis,4.192,13,villeneuve,Canadian,bar,British
16,2001,indianapolis,Indianapolis,4.192,13,rosa,Spanish,jaguar,British
13,2001,indianapolis,Indianapolis,4.192,13,panis,French,bar,British
15,2001,indianapolis,Indianapolis,4.192,13,frentzen,German,prost,French
20,2001,indianapolis,Indianapolis,4.192,13,verstappen,Dutch,arrows,British
9,2001,indianapolis,Indianapolis,4.192,13,alesi,French,jordan,Irish
14,2001,indianapolis,Indianapolis,4.192,13,irvine,British,jaguar,British
16,2001,suzuka,Suzuka,5.807,18,rosa,Spanish,jaguar,British
19,2001,indianapolis,Indianapolis,4.192,13,bernoldi,Brazilian,arrows,British
21,2001,indianapolis,Indianapolis,4.192,13,enge,Czech,prost,French
22,2001,indianapolis,Indianapolis,4.192,13,yoong,Malaysian,minardi,Italian
10,2001,suzuka,Suzuka,5.807,18,heidfeld,German,sauber,Swiss
18,2001,suzuka,Suzuka,5.807,18,alonso,Spanish,minardi,Italian
12,2001,suzuka,Suzuka,5.807,18,raikkonen,Finnish,sauber,Swiss
7,2001,suzuka,Suzuka,5.807,18,coulthard,British,mclaren,British
1,2001,albert_park,Melbourne,5.278,16,michael_schumacher,German,ferrari,Italian
10,2001,albert_park,Melbourne,5.278,16,heidfeld,German,sauber,Swiss
19,2001,albert_park,Melbourne,5.278,16,alonso,Spanish,minardi,Italian
4,2001,suzuka,Suzuka,5.807,18,barrichello,Brazilian,ferrari,Italian
3,2001,suzuka,Suzuka,5.807,18,ralf_schumacher,German,williams,British
1,2001,suzuka,Suzuka,5.807,18,michael_schumacher,German,ferrari,Italian
2,2001,suzuka,Suzuka,5.807,18,montoya,Colombian,williams,British
14,2001,suzuka,Suzuka,5.807,18,villeneuve,Canadian,bar,British
19,2001,monza,Monza,5.793,11,verstappen,Dutch,arrows,British
8,2001,monza,Monza,5.793,11,heidfeld,German,sauber,Swiss
21,2001,monza,Monza,5.793,11,alonso,Spanish,minardi,Italian
9,2001,monza,Monza,5.793,11,raikkonen,Finnish,sauber,Swiss
6,2001,monza,Monza,5.793,11,coulthard,British,mclaren,British
5,2001,monza,Monza,5.793,11,trulli,Italian,jordan,Irish
11,2001,monza,Monza,5.793,11,button,British,benetton,Italian
14,2001,monza,Monza,5.793,11,fisichella,Italian,benetton,Italian
11,2001,indianapolis,Indianapolis,4.192,13,raikkonen,Finnish,sauber,Swiss
4,2001,monza,Monza,5.793,11,ralf_schumacher,German,williams,British
3,2001,monza,Monza,5.793,11,michael_schumacher,German,ferrari,Italian
1,2001,monza,Monza,5.793,11,montoya,Colombian,williams,British
15,2001,monza,Monza,5.793,11,villeneuve,Canadian,bar,British
10,2001,monza,Monza,5.793,11,rosa,Spanish,jaguar,British
17,2001,monza,Monza,5.793,11,panis,French,bar,British
12,2001,monza,Monza,5.793,11,frentzen,German,prost,French
19,2001,suzuka,Suzuka,5.807,18,enge,Czech,prost,French
9,2001,suzuka,Suzuka,5.807,18,button,British,benetton,Italian
6,2001,suzuka,Suzuka,5.807,18,fisichella,Italian,benetton,Italian
18,2001,monza,Monza,5.793,11,bernoldi,Brazilian,arrows,British
20,2001,monza,Monza,5.793,11,enge,Czech,prost,French
22,2001,monza,Monza,5.793,11,yoong,Malaysian,minardi,Italian
6,2001,indianapolis,Indianapolis,4.192,13,heidfeld,German,sauber,Swiss
17,2001,indianapolis,Indianapolis,4.192,13,alonso,Spanish,minardi,Italian
3,2001,indianapolis,Indianapolis,4.192,13,montoya,Colombian,williams,British
17,2001,suzuka,Suzuka,5.807,18,panis,French,bar,British
15,2001,suzuka,Suzuka,5.807,18,frentzen,German,prost,French
21,2001,suzuka,Suzuka,5.807,18,verstappen,Dutch,arrows,British
11,2001,suzuka,Suzuka,5.807,18,alesi,French,jordan,Irish
13,2001,suzuka,Suzuka,5.807,18,irvine,British,jaguar,British
5,2001,suzuka,Suzuka,5.807,18,hakkinen,Finnish,mclaren,British
20,2001,suzuka,Suzuka,5.807,18,bernoldi,Brazilian,arrows,British
1,2001,hockenheimring,Hockenheim,4.574,16,montoya,Colombian,williams,British
17,2001,silverstone,Silverstone,5.891,18,verstappen,Dutch,arrows,British
16,2001,silverstone,Silverstone,5.891,18,burti,Brazilian,prost,French
14,2001,silverstone,Silverstone,5.891,18,alesi,French,prost,French
15,2001,silverstone,Silverstone,5.891,18,irvine,British,jaguar,British
2,2001,silverstone,Silverstone,5.891,18,hakkinen,Finnish,mclaren,British
20,2001,silverstone,Silverstone,5.891,18,bernoldi,Brazilian,arrows,British
21,2001,hockenheimring,Hockenheim,4.574,16,alonso,Spanish,minardi,Italian
3,2001,hockenheimring,Hockenheim,4.574,16,hakkinen,Finnish,mclaren,British
5,2001,hockenheimring,Hockenheim,4.574,16,coulthard,British,mclaren,British
10,2001,hockenheimring,Hockenheim,4.574,16,trulli,Italian,jordan,Irish
18,2001,hockenheimring,Hockenheim,4.574,16,button,British,benetton,Italian
17,2001,hockenheimring,Hockenheim,4.574,16,fisichella,Italian,benetton,Italian
6,2001,hockenheimring,Hockenheim,4.574,16,barrichello,Brazilian,ferrari,Italian
2,2001,hockenheimring,Hockenheim,4.574,16,ralf_schumacher,German,williams,British
4,2001,hockenheimring,Hockenheim,4.574,16,michael_schumacher,German,ferrari,Italian
17,2001,hungaroring,Budapest,4.381,14,button,British,benetton,Italian
12,2001,hockenheimring,Hockenheim,4.574,16,villeneuve,Canadian,bar,British
15,2001,hockenheimring,Hockenheim,4.574,16,zonta,Brazilian,jordan,Irish
13,2001,hockenheimring,Hockenheim,4.574,16,panis,French,bar,British
20,2001,hockenheimring,Hockenheim,4.574,16,verstappen,Dutch,arrows,British
16,2001,hockenheimring,Hockenheim,4.574,16,burti,Brazilian,prost,French
14,2001,hockenheimring,Hockenheim,4.574,16,alesi,French,prost,French
11,2001,hockenheimring,Hockenheim,4.574,16,irvine,British,jaguar,British
11,2001,hungaroring,Budapest,4.381,14,panis,French,bar,British
22,2001,hockenheimring,Hockenheim,4.574,16,marques,Brazilian,minardi,Italian
19,2001,hockenheimring,Hockenheim,4.574,16,bernoldi,Brazilian,arrows,British
7,2001,hungaroring,Budapest,4.381,14,heidfeld,German,sauber,Swiss
18,2001,hungaroring,Budapest,4.381,14,alonso,Spanish,minardi,Italian
9,2001,hungaroring,Budapest,4.381,14,raikkonen,Finnish,sauber,Swiss
2,2001,hungaroring,Budapest,4.381,14,coulthard,British,mclaren,British
5,2001,hungaroring,Budapest,4.381,14,trulli,Italian,jordan,Irish
19,2001,magny_cours,Magny Cours,4.411,16,alesi,French,prost,French
13,2001,magny_cours,Magny Cours,4.411,16,raikkonen,Finnish,sauber,Swiss
3,2001,magny_cours,Magny Cours,4.411,16,coulthard,British,mclaren,British
5,2001,magny_cours,Magny Cours,4.411,16,trulli,Italian,jordan,Irish
17,2001,magny_cours,Magny Cours,4.411,16,button,British,benetton,Italian
16,2001,magny_cours,Magny Cours,4.411,16,fisichella,Italian,benetton,Italian
8,2001,magny_cours,Magny Cours,4.411,16,barrichello,Brazilian,ferrari,Italian
1,2001,magny_cours,Magny Cours,4.411,16,ralf_schumacher,German,williams,British
18,2001,silverstone,Silverstone,5.891,18,button,British,benetton,Italian
6,2001,magny_cours,Magny Cours,4.411,16,montoya,Colombian,williams,British
10,2001,magny_cours,Magny Cours,4.411,16,villeneuve,Canadian,bar,British
14,2001,magny_cours,Magny Cours,4.411,16,rosa,Spanish,jaguar,British
11,2001,magny_cours,Magny Cours,4.411,16,panis,French,bar,British
7,2001,magny_cours,Magny Cours,4.411,16,frentzen,German,jordan,Irish
18,2001,magny_cours,Magny Cours,4.411,16,verstappen,Dutch,arrows,British
15,2001,magny_cours,Magny Cours,4.411,16,burti,Brazilian,prost,French
5,2001,silverstone,Silverstone,5.891,18,frentzen,German,jordan,Irish
12,2001,magny_cours,Magny Cours,4.411,16,irvine,British,jaguar,British
22,2001,magny_cours,Magny Cours,4.411,16,marques,Brazilian,minardi,Italian
20,2001,magny_cours,Magny Cours,4.411,16,bernoldi,Brazilian,arrows,British
9,2001,silverstone,Silverstone,5.891,18,heidfeld,German,sauber,Swiss
21,2001,silverstone,Silverstone,5.891,18,alonso,Spanish,minardi,Italian
7,2001,silverstone,Silverstone,5.891,18,raikkonen,Finnish,sauber,Swiss
3,2001,silverstone,Silverstone,5.891,18,coulthard,British,mclaren,British
8,2001,hockenheimring,Hockenheim,4.574,16,raikkonen,Finnish,sauber,Swiss
19,2001,silverstone,Silverstone,5.891,18,fisichella,Italian,benetton,Italian
6,2001,silverstone,Silverstone,5.891,18,barrichello,Brazilian,ferrari,Italian
10,2001,silverstone,Silverstone,5.891,18,ralf_schumacher,German,williams,British
1,2001,silverstone,Silverstone,5.891,18,michael_schumacher,German,ferrari,Italian
8,2001,silverstone,Silverstone,5.891,18,montoya,Colombian,williams,British
12,2001,silverstone,Silverstone,5.891,18,villeneuve,Canadian,bar,British
13,2001,silverstone,Silverstone,5.891,18,rosa,Spanish,jaguar,British
4,2001,nurburgring,Nürburg,5.148,15,barrichello,Brazilian,ferrari,Italian
6,2001,villeneuve,Montreal,4.361,14,panis,French,bar,British
13,2001,villeneuve,Montreal,4.361,14,verstappen,Dutch,arrows,British
19,2001,villeneuve,Montreal,4.361,14,burti,Brazilian,prost,French
16,2001,villeneuve,Montreal,4.361,14,alesi,French,prost,French
15,2001,villeneuve,Montreal,4.361,14,irvine,British,jaguar,British
8,2001,villeneuve,Montreal,4.361,14,hakkinen,Finnish,mclaren,British
21,2001,villeneuve,Montreal,4.361,14,marques,Brazilian,minardi,Italian
19,2001,nurburgring,Nürburg,5.148,15,verstappen,Dutch,arrows,British
10,2001,nurburgring,Nürburg,5.148,15,heidfeld,German,sauber,Swiss
21,2001,nurburgring,Nürburg,5.148,15,alonso,Spanish,minardi,Italian
9,2001,nurburgring,Nürburg,5.148,15,raikkonen,Finnish,sauber,Swiss
5,2001,nurburgring,Nürburg,5.148,15,coulthard,British,mclaren,British
7,2001,nurburgring,Nürburg,5.148,15,trulli,Italian,jordan,Irish
20,2001,nurburgring,Nürburg,5.148,15,button,British,benetton,Italian
15,2001,nurburgring,Nürburg,5.148,15,fisichella,Italian,benetton,Italian
21,2001,magny_cours,Magny Cours,4.411,16,alonso,Spanish,minardi,Italian
2,2001,nurburgring,Nürburg,5.148,15,ralf_schumacher,German,williams,British
1,2001,nurburgring,Nürburg,5.148,15,michael_schumacher,German,ferrari,Italian
3,2001,nurburgring,Nürburg,5.148,15,montoya,Colombian,williams,British
11,2001,nurburgring,Nürburg,5.148,15,villeneuve,Canadian,bar,British
16,2001,nurburgring,Nürburg,5.148,15,rosa,Spanish,jaguar,British
13,2001,nurburgring,Nürburg,5.148,15,panis,French,bar,British
8,2001,nurburgring,Nürburg,5.148,15,frentzen,German,jordan,Irish
2,2001,magny_cours,Magny Cours,4.411,16,michael_schumacher,German,ferrari,Italian
17,2001,nurburgring,Nürburg,5.148,15,burti,Brazilian,prost,French
14,2001,nurburgring,Nürburg,5.148,15,alesi,French,prost,French
12,2001,nurburgring,Nürburg,5.148,15,irvine,British,jaguar,British
6,2001,nurburgring,Nürburg,5.148,15,hakkinen,Finnish,mclaren,British
22,2001,nurburgring,Nürburg,5.148,15,marques,Brazilian,minardi,Italian
18,2001,nurburgring,Nürburg,5.148,15,bernoldi,Brazilian,arrows,British
9,2001,magny_cours,Magny Cours,4.411,16,heidfeld,German,sauber,Swiss
6,2001,monaco,Monte-Carlo,3.337,19,irvine,British,jaguar,British
1,2001,monaco,Monte-Carlo,3.337,19,coulthard,British,mclaren,British
8,2001,monaco,Monte-Carlo,3.337,19,trulli,Italian,jordan,Irish
17,2001,monaco,Monte-Carlo,3.337,19,button,British,benetton,Italian
10,2001,monaco,Monte-Carlo,3.337,19,fisichella,Italian,benetton,Italian
4,2001,monaco,Monte-Carlo,3.337,19,barrichello,Brazilian,ferrari,Italian
5,2001,monaco,Monte-Carlo,3.337,19,ralf_schumacher,German,williams,British
2,2001,monaco,Monte-Carlo,3.337,19,michael_schumacher,German,ferrari,Italian
4,2001,villeneuve,Montreal,4.361,14,trulli,Italian,jordan,Irish
9,2001,monaco,Monte-Carlo,3.337,19,villeneuve,Canadian,bar,British
14,2001,monaco,Monte-Carlo,3.337,19,rosa,Spanish,jaguar,British
12,2001,monaco,Monte-Carlo,3.337,19,panis,French,bar,British
13,2001,monaco,Monte-Carlo,3.337,19,frentzen,German,jordan,Irish
19,2001,monaco,Monte-Carlo,3.337,19,verstappen,Dutch,arrows,British
21,2001,monaco,Monte-Carlo,3.337,19,burti,Brazilian,prost,French
11,2001,monaco,Monte-Carlo,3.337,19,alesi,French,prost,French
12,2001,villeneuve,Montreal,4.361,14,zonta,Brazilian,jordan,Irish
3,2001,monaco,Monte-Carlo,3.337,19,hakkinen,Finnish,mclaren,British
22,2001,monaco,Monte-Carlo,3.337,19,marques,Brazilian,minardi,Italian
20,2001,monaco,Monte-Carlo,3.337,19,bernoldi,Brazilian,arrows,British
11,2001,villeneuve,Montreal,4.361,14,heidfeld,German,sauber,Swiss
22,2001,villeneuve,Montreal,4.361,14,alonso,Spanish,minardi,Italian
7,2001,villeneuve,Montreal,4.361,14,raikkonen,Finnish,sauber,Swiss
3,2001,villeneuve,Montreal,4.361,14,coulthard,British,mclaren,British
17,2001,villeneuve,Montreal,4.361,14,bernoldi,Brazilian,arrows,British
20,2001,villeneuve,Montreal,4.361,14,button,British,benetton,Italian
5,2001,villeneuve,Montreal,4.361,14,barrichello,Brazilian,ferrari,Italian
2,2001,villeneuve,Montreal,4.361,14,ralf_schumacher,German,williams,British
1,2001,villeneuve,Montreal,4.361,14,michael_schumacher,German,ferrari,Italian
10,2001,villeneuve,Montreal,4.361,14,montoya,Colombian,williams,British
9,2001,villeneuve,Montreal,4.361,14,villeneuve,Canadian,bar,British
14,2001,villeneuve,Montreal,4.361,14,rosa,Spanish,jaguar,British
19,2001,red_bull_ring,Spielberg,4.318,10,fisichella,Italian,benetton,Italian
11,2001,catalunya,Montmeló,4.657,14,panis,French,bar,British
8,2001,catalunya,Montmeló,4.657,14,frentzen,German,jordan,Irish
17,2001,catalunya,Montmeló,4.657,14,verstappen,Dutch,arrows,British
14,2001,catalunya,Montmeló,4.657,14,burti,Brazilian,prost,French
15,2001,catalunya,Montmeló,4.657,14,alesi,French,prost,French
13,2001,catalunya,Montmeló,4.657,14,irvine,British,jaguar,British
2,2001,catalunya,Montmeló,4.657,14,hakkinen,Finnish,mclaren,British
16,2001,red_bull_ring,Spielberg,4.318,10,verstappen,Dutch,arrows,British
16,2001,catalunya,Montmeló,4.657,14,bernoldi,Brazilian,arrows,British
6,2001,red_bull_ring,Spielberg,4.318,10,heidfeld,German,sauber,Swiss
18,2001,red_bull_ring,Spielberg,4.318,10,alonso,Spanish,minardi,Italian
9,2001,red_bull_ring,Spielberg,4.318,10,raikkonen,Finnish,sauber,Swiss
7,2001,red_bull_ring,Spielberg,4.318,10,coulthard,British,mclaren,British
5,2001,red_bull_ring,Spielberg,4.318,10,trulli,Italian,jordan,Irish
21,2001,red_bull_ring,Spielberg,4.318,10,button,British,benetton,Italian
15,2001,monaco,Monte-Carlo,3.337,19,raikkonen,Finnish,sauber,Swiss
4,2001,red_bull_ring,Spielberg,4.318,10,barrichello,Brazilian,ferrari,Italian
3,2001,red_bull_ring,Spielberg,4.318,10,ralf_schumacher,German,williams,British
1,2001,red_bull_ring,Spielberg,4.318,10,michael_schumacher,German,ferrari,Italian
2,2001,red_bull_ring,Spielberg,4.318,10,montoya,Colombian,williams,British
12,2001,red_bull_ring,Spielberg,4.318,10,villeneuve,Canadian,bar,British
14,2001,red_bull_ring,Spielberg,4.318,10,rosa,Spanish,jaguar,British
10,2001,red_bull_ring,Spielberg,4.318,10,panis,French,bar,British
7,2001,monaco,Monte-Carlo,3.337,19,montoya,Colombian,williams,British
17,2001,red_bull_ring,Spielberg,4.318,10,burti,Brazilian,prost,French
20,2001,red_bull_ring,Spielberg,4.318,10,alesi,French,prost,French
13,2001,red_bull_ring,Spielberg,4.318,10,irvine,British,jaguar,British
8,2001,red_bull_ring,Spielberg,4.318,10,hakkinen,Finnish,mclaren,British
22,2001,red_bull_ring,Spielberg,4.318,10,marques,Brazilian,minardi,Italian
15,2001,red_bull_ring,Spielberg,4.318,10,bernoldi,Brazilian,arrows,British
18,2001,monaco,Monte-Carlo,3.337,19,alonso,Spanish,minardi,Italian
2,2001,imola,Imola,4.909,19,hakkinen,Finnish,mclaren,British
1,2001,imola,Imola,4.909,19,coulthard,British,mclaren,British
5,2001,imola,Imola,4.909,19,trulli,Italian,jordan,Irish
21,2001,imola,Imola,4.909,19,button,British,benetton,Italian
19,2001,imola,Imola,4.909,19,fisichella,Italian,benetton,Italian
6,2001,imola,Imola,4.909,19,barrichello,Brazilian,ferrari,Italian
3,2001,imola,Imola,4.909,19,ralf_schumacher,German,williams,British
4,2001,imola,Imola,4.909,19,michael_schumacher,German,ferrari,Italian
6,2001,catalunya,Montmeló,4.657,14,trulli,Italian,jordan,Irish
11,2001,imola,Imola,4.909,19,villeneuve,Canadian,bar,British
8,2001,imola,Imola,4.909,19,panis,French,bar,British
9,2001,imola,Imola,4.909,19,frentzen,German,jordan,Irish
17,2001,imola,Imola,4.909,19,verstappen,Dutch,arrows,British
15,2001,imola,Imola,4.909,19,burti,Brazilian,jaguar,British
14,2001,imola,Imola,4.909,19,alesi,French,prost,French
13,2001,imola,Imola,4.909,19,irvine,British,jaguar,British
20,2001,catalunya,Montmeló,4.657,14,rosa,Spanish,jaguar,British
22,2001,imola,Imola,4.909,19,marques,Brazilian,minardi,Italian
16,2001,imola,Imola,4.909,19,bernoldi,Brazilian,arrows,British
20,2001,imola,Imola,4.909,19,mazzacane,Argentine,prost,French
10,2001,catalunya,Montmeló,4.657,14,heidfeld,German,sauber,Swiss
18,2001,catalunya,Montmeló,4.657,14,alonso,Spanish,minardi,Italian
9,2001,catalunya,Montmeló,4.657,14,raikkonen,Finnish,sauber,Swiss
3,2001,catalunya,Montmeló,4.657,14,coulthard,British,mclaren,British
22,2001,catalunya,Montmeló,4.657,14,marques,Brazilian,minardi,Italian
21,2001,catalunya,Montmeló,4.657,14,button,British,benetton,Italian
19,2001,catalunya,Montmeló,4.657,14,fisichella,Italian,benetton,Italian
4,2001,catalunya,Montmeló,4.657,14,barrichello,Brazilian,ferrari,Italian
5,2001,catalunya,Montmeló,4.657,14,ralf_schumacher,German,williams,British
1,2001,catalunya,Montmeló,4.657,14,michael_schumacher,German,ferrari,Italian
12,2001,catalunya,Montmeló,4.657,14,montoya,Colombian,williams,British
7,2001,catalunya,Montmeló,4.657,14,villeneuve,Canadian,bar,British
6,2001,interlagos,São Paulo,4.309,15,barrichello,Brazilian,ferrari,Italian
18,2001,sepang,Kuala Lumpur,5.543,15,verstappen,Dutch,arrows,British
15,2001,sepang,Kuala Lumpur,5.543,15,burti,Brazilian,jaguar,British
13,2001,sepang,Kuala Lumpur,5.543,15,alesi,French,prost,French
12,2001,sepang,Kuala Lumpur,5.543,15,irvine,British,jaguar,British
4,2001,sepang,Kuala Lumpur,5.543,15,hakkinen,Finnish,mclaren,British
20,2001,sepang,Kuala Lumpur,5.543,15,marques,Brazilian,minardi,Italian
22,2001,sepang,Kuala Lumpur,5.543,15,bernoldi,Brazilian,arrows,British
14,2001,interlagos,São Paulo,4.309,15,burti,Brazilian,jaguar,British
9,2001,interlagos,São Paulo,4.309,15,heidfeld,German,sauber,Swiss
19,2001,interlagos,São Paulo,4.309,15,alonso,Spanish,minardi,Italian
10,2001,interlagos,São Paulo,4.309,15,raikkonen,Finnish,sauber,Swiss
5,2001,interlagos,São Paulo,4.309,15,coulthard,British,mclaren,British
7,2001,interlagos,São Paulo,4.309,15,trulli,Italian,jordan,Irish
20,2001,interlagos,São Paulo,4.309,15,button,British,benetton,Italian
18,2001,interlagos,São Paulo,4.309,15,fisichella,Italian,benetton,Italian
10,2001,imola,Imola,4.909,19,raikkonen,Finnish,sauber,Swiss
2,2001,interlagos,São Paulo,4.309,15,ralf_schumacher,German,williams,British
1,2001,interlagos,São Paulo,4.309,15,michael_schumacher,German,ferrari,Italian
4,2001,interlagos,São Paulo,4.309,15,montoya,Colombian,williams,British
12,2001,interlagos,São Paulo,4.309,15,villeneuve,Canadian,bar,British
11,2001,interlagos,São Paulo,4.309,15,panis,French,bar,British
8,2001,interlagos,São Paulo,4.309,15,frentzen,German,jordan,Irish
17,2001,interlagos,São Paulo,4.309,15,verstappen,Dutch,arrows,British
7,2001,imola,Imola,4.909,19,montoya,Colombian,williams,British
15,2001,interlagos,São Paulo,4.309,15,alesi,French,prost,French
13,2001,interlagos,São Paulo,4.309,15,irvine,British,jaguar,British
22,2001,interlagos,São Paulo,4.309,15,marques,Brazilian,minardi,Italian
16,2001,interlagos,São Paulo,4.309,15,bernoldi,Brazilian,arrows,British
21,2001,interlagos,São Paulo,4.309,15,mazzacane,Argentine,prost,French
12,2001,imola,Imola,4.909,19,heidfeld,German,sauber,Swiss
18,2001,imola,Imola,4.909,19,alonso,Spanish,minardi,Italian
12,2001,albert_park,Melbourne,5.278,16,irvine,British,jaguar,British
13,2001,albert_park,Melbourne,5.278,16,raikkonen,Finnish,sauber,Swiss
6,2001,albert_park,Melbourne,5.278,16,coulthard,British,mclaren,British
7,2001,albert_park,Melbourne,5.278,16,trulli,Italian,jordan,Irish
16,2001,albert_park,Melbourne,5.278,16,button,British,benetton,Italian
17,2001,albert_park,Melbourne,5.278,16,fisichella,Italian,benetton,Italian
2,2001,albert_park,Melbourne,5.278,16,barrichello,Brazilian,ferrari,Italian
5,2001,albert_park,Melbourne,5.278,16,ralf_schumacher,German,williams,British
17,2001,sepang,Kuala Lumpur,5.543,15,button,British,benetton,Italian
11,2001,albert_park,Melbourne,5.278,16,montoya,Colombian,williams,British
8,2001,albert_park,Melbourne,5.278,16,villeneuve,Canadian,bar,British
9,2001,albert_park,Melbourne,5.278,16,panis,French,bar,British
4,2001,albert_park,Melbourne,5.278,16,frentzen,German,jordan,Irish
15,2001,albert_park,Melbourne,5.278,16,verstappen,Dutch,arrows,British
21,2001,albert_park,Melbourne,5.278,16,burti,Brazilian,jaguar,British
14,2001,albert_park,Melbourne,5.278,16,alesi,French,prost,French
9,2001,sepang,Kuala Lumpur,5.543,15,frentzen,German,jordan,Irish
3,2001,albert_park,Melbourne,5.278,16,hakkinen,Finnish,mclaren,British
22,2001,albert_park,Melbourne,5.278,16,marques,Brazilian,minardi,Italian
18,2001,albert_park,Melbourne,5.278,16,bernoldi,Brazilian,arrows,British
11,2001,sepang,Kuala Lumpur,5.543,15,heidfeld,German,sauber,Swiss
21,2001,sepang,Kuala Lumpur,5.543,15,alonso,Spanish,minardi,Italian
8,2001,sepang,Kuala Lumpur,5.543,15,coulthard,British,mclaren,British
5,2001,sepang,Kuala Lumpur,5.543,15,trulli,Italian,jordan,Irish
19,2001,sepang,Kuala Lumpur,5.543,15,mazzacane,Argentine,prost,French
16,2001,sepang,Kuala Lumpur,5.543,15,fisichella,Italian,benetton,Italian
2,2001,sepang,Kuala Lumpur,5.543,15,barrichello,Brazilian,ferrari,Italian
3,2001,sepang,Kuala Lumpur,5.543,15,ralf_schumacher,German,williams,British
1,2001,sepang,Kuala Lumpur,5.543,15,michael_schumacher,German,ferrari,Italian
6,2001,sepang,Kuala Lumpur,5.543,15,montoya,Colombian,williams,British
7,2001,sepang,Kuala Lumpur,5.543,15,villeneuve,Canadian,bar,British
10,2001,sepang,Kuala Lumpur,5.543,15,panis,French,bar,British
9,2001,spa,Spa,7.004,20,coulthard,British,mclaren,British
15,2001,hungaroring,Budapest,4.381,14,fisichella,Italian,benetton,Italian
3,2001,hungaroring,Budapest,4.381,14,barrichello,Brazilian,ferrari,Italian
4,2001,hungaroring,Budapest,4.381,14,ralf_schumacher,German,williams,British
1,2001,hungaroring,Budapest,4.381,14,michael_schumacher,German,ferrari,Italian
8,2001,hungaroring,Budapest,4.381,14,montoya,Colombian,williams,British
10,2001,hungaroring,Budapest,4.381,14,villeneuve,Canadian,bar,British
13,2001,hungaroring,Budapest,4.381,14,rosa,Spanish,jaguar,British
6,2001,spa,Spa,7.004,20,villeneuve,Canadian,bar,British
16,2001,hungaroring,Budapest,4.381,14,frentzen,German,prost,French
21,2001,hungaroring,Budapest,4.381,14,verstappen,Dutch,arrows,British
19,2001,hungaroring,Budapest,4.381,14,burti,Brazilian,prost,French
12,2001,hungaroring,Budapest,4.381,14,alesi,French,jordan,Irish
6,2001,hungaroring,Budapest,4.381,14,hakkinen,Finnish,mclaren,British
22,2001,hungaroring,Budapest,4.381,14,marques,Brazilian,minardi,Italian
20,2001,hungaroring,Budapest,4.381,14,bernoldi,Brazilian,arrows,British
21,2001,spa,Spa,7.004,20,bernoldi,Brazilian,arrows,British
16,2001,spa,Spa,7.004,20,trulli,Italian,jordan,Irish
15,2001,spa,Spa,7.004,20,button,British,benetton,Italian
8,2001,spa,Spa,7.004,20,fisichella,Italian,benetton,Italian
5,2001,spa,Spa,7.004,20,barrichello,Brazilian,ferrari,Italian
2,2001,spa,Spa,7.004,20,ralf_schumacher,German,williams,British
3,2001,spa,Spa,7.004,20,michael_schumacher,German,ferrari,Italian
1,2001,spa,Spa,7.004,20,montoya,Colombian,williams,British
2,2001,monza,Monza,5.793,11,barrichello,Brazilian,ferrari,Italian
10,2001,spa,Spa,7.004,20,rosa,Spanish,jaguar,British
11,2001,spa,Spa,7.004,20,panis,French,bar,British
4,2001,spa,Spa,7.004,20,frentzen,German,prost,French
19,2001,spa,Spa,7.004,20,verstappen,Dutch,arrows,British
13,2001,spa,Spa,7.004,20,alesi,French,jordan,Irish
7,2001,spa,Spa,7.004,20,hakkinen,Finnish,mclaren,British
22,2001,spa,Spa,7.004,20,marques,Brazilian,minardi,Italian
13,2001,monza,Monza,5.793,11,irvine,British,jaguar,British
7,2001,monza,Monza,5.793,11,hakkinen,Finnish,mclaren,British
22,2001,suzuka,Suzuka,5.807,18,yoong,Malaysian,minardi,Italian
1,2002,spa,Spa,7.004,20,michael_schumacher,German,ferrari,Italian
5,2002,spa,Spa,7.004,20,montoya,Colombian,williams,British
12,2002,spa,Spa,7.004,20,villeneuve,Canadian,bar,British
11,2002,spa,Spa,7.004,20,rosa,Spanish,jaguar,British
15,2002,spa,Spa,7.004,20,panis,French,bar,British
8,2002,spa,Spa,7.004,20,irvine,British,jaguar,British
9,2002,spa,Spa,7.004,20,salo,Finnish,toyota,Japanese
13,2002,spa,Spa,7.004,20,mcnish,British,toyota,Japanese
12,2002,suzuka,Suzuka,5.807,18,heidfeld,German,sauber,Swiss
4,2002,suzuka,Suzuka,5.807,18,raikkonen,Finnish,mclaren,British
7,2002,suzuka,Suzuka,5.807,18,sato,Japanese,jordan,Irish
15,2002,suzuka,Suzuka,5.807,18,massa,Brazilian,sauber,Swiss
3,2002,suzuka,Suzuka,5.807,18,coulthard,British,mclaren,British
14,2002,spa,Spa,7.004,20,fisichella,Italian,jordan,Irish
3,2002,spa,Spa,7.004,20,barrichello,Brazilian,ferrari,Italian
4,2002,spa,Spa,7.004,20,ralf_schumacher,German,williams,British
7,2002,indianapolis,Indianapolis,4.192,13,villeneuve,Canadian,bar,British
17,2002,indianapolis,Indianapolis,4.192,13,rosa,Spanish,jaguar,British
12,2002,indianapolis,Indianapolis,4.192,13,panis,French,bar,British
11,2002,indianapolis,Indianapolis,4.192,13,frentzen,German,sauber,Swiss
13,2002,indianapolis,Indianapolis,4.192,13,irvine,British,jaguar,British
20,2002,indianapolis,Indianapolis,4.192,13,yoong,Malaysian,minardi,Italian
19,2002,indianapolis,Indianapolis,4.192,13,salo,Finnish,toyota,Japanese
16,2002,indianapolis,Indianapolis,4.192,13,mcnish,British,toyota,Japanese
8,2002,indianapolis,Indianapolis,4.192,13,trulli,Italian,renault,French
18,2002,indianapolis,Indianapolis,4.192,13,webber,Australian,minardi,Italian
14,2002,indianapolis,Indianapolis,4.192,13,button,British,renault,French
9,2002,indianapolis,Indianapolis,4.192,13,fisichella,Italian,jordan,Irish
2,2002,indianapolis,Indianapolis,4.192,13,barrichello,Brazilian,ferrari,Italian
5,2002,indianapolis,Indianapolis,4.192,13,ralf_schumacher,German,williams,British
1,2002,indianapolis,Indianapolis,4.192,13,michael_schumacher,German,ferrari,Italian
4,2002,indianapolis,Indianapolis,4.192,13,montoya,Colombian,williams,British
9,2002,hungaroring,Budapest,4.381,14,button,British,renault,French
20,2002,hungaroring,Budapest,4.381,14,davidson,British,minardi,Italian
5,2002,hungaroring,Budapest,4.381,14,fisichella,Italian,jordan,Irish
1,2002,hungaroring,Budapest,4.381,14,barrichello,Brazilian,ferrari,Italian
3,2002,hungaroring,Budapest,4.381,14,ralf_schumacher,German,williams,British
2,2002,hungaroring,Budapest,4.381,14,michael_schumacher,German,ferrari,Italian
4,2002,hungaroring,Budapest,4.381,14,montoya,Colombian,williams,British
13,2002,hungaroring,Budapest,4.381,14,villeneuve,Canadian,bar,British
17,2002,hockenheimring,Hockenheim,4.574,16,mcnish,British,toyota,Japanese
8,2002,hungaroring,Budapest,4.381,14,heidfeld,German,sauber,Swiss
11,2002,hungaroring,Budapest,4.381,14,raikkonen,Finnish,mclaren,British
14,2002,hungaroring,Budapest,4.381,14,sato,Japanese,jordan,Irish
7,2002,hungaroring,Budapest,4.381,14,massa,Brazilian,sauber,Swiss
10,2002,hungaroring,Budapest,4.381,14,coulthard,British,mclaren,British
6,2002,hungaroring,Budapest,4.381,14,trulli,Italian,renault,French
19,2002,hungaroring,Budapest,4.381,14,webber,Australian,minardi,Italian
10,2002,suzuka,Suzuka,5.807,18,button,British,renault,French
8,2002,suzuka,Suzuka,5.807,18,fisichella,Italian,jordan,Irish
2,2002,suzuka,Suzuka,5.807,18,barrichello,Brazilian,ferrari,Italian
5,2002,suzuka,Suzuka,5.807,18,ralf_schumacher,German,williams,British
1,2002,suzuka,Suzuka,5.807,18,michael_schumacher,German,ferrari,Italian
6,2002,suzuka,Suzuka,5.807,18,montoya,Colombian,williams,British
18,2002,hockenheimring,Hockenheim,4.574,16,bernoldi,Brazilian,arrows,British
19,2002,hockenheimring,Hockenheim,4.574,16,salo,Finnish,toyota,Japanese
15,2002,monza,Monza,5.793,11,heidfeld,German,sauber,Swiss
8,2002,monza,Monza,5.793,11,rosa,Spanish,jaguar,British
16,2002,monza,Monza,5.793,11,panis,French,bar,British
5,2002,monza,Monza,5.793,11,irvine,British,jaguar,British
20,2002,monza,Monza,5.793,11,yoong,Malaysian,minardi,Italian
10,2002,monza,Monza,5.793,11,salo,Finnish,toyota,Japanese
13,2002,monza,Monza,5.793,11,mcnish,British,toyota,Japanese
10,2002,indianapolis,Indianapolis,4.192,13,heidfeld,German,sauber,Swiss
5,2002,silverstone,Silverstone,5.891,18,raikkonen,Finnish,mclaren,British
14,2002,silverstone,Silverstone,5.891,18,sato,Japanese,jordan,Irish
11,2002,silverstone,Silverstone,5.891,18,massa,Brazilian,sauber,Swiss
6,2002,silverstone,Silverstone,5.891,18,coulthard,British,mclaren,British
7,2002,silverstone,Silverstone,5.891,18,trulli,Italian,renault,French
20,2002,silverstone,Silverstone,5.891,18,webber,Australian,minardi,Italian
12,2002,silverstone,Silverstone,5.891,18,button,British,renault,French
17,2002,silverstone,Silverstone,5.891,18,fisichella,Italian,jordan,Irish
12,2002,nurburgring,Nürburg,5.148,15,panis,French,bar,British
15,2002,nurburgring,Nürburg,5.148,15,frentzen,German,arrows,British
17,2002,nurburgring,Nürburg,5.148,15,irvine,British,jaguar,British
21,2002,nurburgring,Nürburg,5.148,15,bernoldi,Brazilian,arrows,British
22,2002,nurburgring,Nürburg,5.148,15,yoong,Malaysian,minardi,Italian
10,2002,nurburgring,Nürburg,5.148,15,salo,Finnish,toyota,Japanese
13,2002,nurburgring,Nürburg,5.148,15,mcnish,British,toyota,Japanese
10,2002,silverstone,Silverstone,5.891,18,heidfeld,German,sauber,Swiss
1,2002,hockenheimring,Hockenheim,4.574,16,michael_schumacher,German,ferrari,Italian
4,2002,hockenheimring,Hockenheim,4.574,16,montoya,Colombian,williams,British
11,2002,hockenheimring,Hockenheim,4.574,16,villeneuve,Canadian,bar,British
7,2002,hockenheimring,Hockenheim,4.574,16,panis,French,bar,British
15,2002,hockenheimring,Hockenheim,4.574,16,frentzen,German,arrows,British
16,2002,hockenheimring,Hockenheim,4.574,16,irvine,British,jaguar,British
19,2002,nurburgring,Nürburg,5.148,15,villeneuve,Canadian,bar,British
16,2002,nurburgring,Nürburg,5.148,15,rosa,Spanish,jaguar,British
14,2002,hockenheimring,Hockenheim,4.574,16,massa,Brazilian,sauber,Swiss
9,2002,hockenheimring,Hockenheim,4.574,16,coulthard,British,mclaren,British
8,2002,hockenheimring,Hockenheim,4.574,16,trulli,Italian,renault,French
21,2002,hockenheimring,Hockenheim,4.574,16,webber,Australian,minardi,Italian
13,2002,hockenheimring,Hockenheim,4.574,16,button,British,renault,French
6,2002,hockenheimring,Hockenheim,4.574,16,fisichella,Italian,jordan,Irish
3,2002,hockenheimring,Hockenheim,4.574,16,barrichello,Brazilian,ferrari,Italian
2,2002,hockenheimring,Hockenheim,4.574,16,ralf_schumacher,German,williams,British
9,2002,villeneuve,Montreal,4.361,14,villeneuve,Canadian,bar,British
16,2002,villeneuve,Montreal,4.361,14,rosa,Spanish,jaguar,British
11,2002,villeneuve,Montreal,4.361,14,panis,French,bar,British
19,2002,villeneuve,Montreal,4.361,14,frentzen,German,arrows,British
14,2002,villeneuve,Montreal,4.361,14,irvine,British,jaguar,British
17,2002,villeneuve,Montreal,4.361,14,bernoldi,Brazilian,arrows,British
22,2002,villeneuve,Montreal,4.361,14,yoong,Malaysian,minardi,Italian
18,2002,villeneuve,Montreal,4.361,14,salo,Finnish,toyota,Japanese
10,2002,villeneuve,Montreal,4.361,14,trulli,Italian,renault,French
21,2002,villeneuve,Montreal,4.361,14,webber,Australian,minardi,Italian
13,2002,villeneuve,Montreal,4.361,14,button,British,renault,French
6,2002,villeneuve,Montreal,4.361,14,fisichella,Italian,jordan,Irish
3,2002,villeneuve,Montreal,4.361,14,barrichello,Brazilian,ferrari,Italian
4,2002,villeneuve,Montreal,4.361,14,ralf_schumacher,German,williams,British
2,2002,villeneuve,Montreal,4.361,14,michael_schumacher,German,ferrari,Italian
1,2002,villeneuve,Montreal,4.361,14,montoya,Colombian,williams,British
19,2002,silverstone,Silverstone,5.891,18,irvine,British,jaguar,British
18,2002,silverstone,Silverstone,5.891,18,bernoldi,Brazilian,arrows,British
8,2002,silverstone,Silverstone,5.891,18,salo,Finnish,toyota,Japanese
10,2002,magny_cours,Magny Cours,4.411,16,heidfeld,German,sauber,Swiss
4,2002,magny_cours,Magny Cours,4.411,16,raikkonen,Finnish,mclaren,British
14,2002,magny_cours,Magny Cours,4.411,16,sato,Japanese,jordan,Irish
12,2002,villeneuve,Montreal,4.361,14,massa,Brazilian,sauber,Swiss
8,2002,villeneuve,Montreal,4.361,14,coulthard,British,mclaren,British
2,2002,silverstone,Silverstone,5.891,18,barrichello,Brazilian,ferrari,Italian
4,2002,silverstone,Silverstone,5.891,18,ralf_schumacher,German,williams,British
3,2002,silverstone,Silverstone,5.891,18,michael_schumacher,German,ferrari,Italian
1,2002,silverstone,Silverstone,5.891,18,montoya,Colombian,williams,British
9,2002,silverstone,Silverstone,5.891,18,villeneuve,Canadian,bar,British
21,2002,silverstone,Silverstone,5.891,18,rosa,Spanish,jaguar,British
13,2002,silverstone,Silverstone,5.891,18,panis,French,bar,British
16,2002,silverstone,Silverstone,5.891,18,frentzen,German,arrows,British
13,2002,monaco,Monte-Carlo,3.337,19,massa,Brazilian,sauber,Swiss
2,2002,monaco,Monte-Carlo,3.337,19,coulthard,British,mclaren,British
7,2002,monaco,Monte-Carlo,3.337,19,trulli,Italian,renault,French
20,2002,monaco,Monte-Carlo,3.337,19,webber,Australian,minardi,Italian
8,2002,monaco,Monte-Carlo,3.337,19,button,British,renault,French
11,2002,monaco,Monte-Carlo,3.337,19,fisichella,Italian,jordan,Irish
5,2002,monaco,Monte-Carlo,3.337,19,barrichello,Brazilian,ferrari,Italian
4,2002,monaco,Monte-Carlo,3.337,19,ralf_schumacher,German,williams,British
20,2002,red_bull_ring,Spielberg,4.318,10,irvine,British,jaguar,British
12,2002,red_bull_ring,Spielberg,4.318,10,bernoldi,Brazilian,arrows,British
22,2002,red_bull_ring,Spielberg,4.318,10,yoong,Malaysian,minardi,Italian
10,2002,red_bull_ring,Spielberg,4.318,10,salo,Finnish,toyota,Japanese
14,2002,red_bull_ring,Spielberg,4.318,10,mcnish,British,toyota,Japanese
15,2002,monaco,Monte-Carlo,3.337,19,heidfeld,German,sauber,Swiss
6,2002,monaco,Monte-Carlo,3.337,19,raikkonen,Finnish,mclaren,British
16,2002,monaco,Monte-Carlo,3.337,19,sato,Japanese,jordan,Irish
8,2002,nurburgring,Nürburg,5.148,15,button,British,renault,French
18,2002,nurburgring,Nürburg,5.148,15,fisichella,Italian,jordan,Irish
4,2002,nurburgring,Nürburg,5.148,15,barrichello,Brazilian,ferrari,Italian
2,2002,nurburgring,Nürburg,5.148,15,ralf_schumacher,German,williams,British
3,2002,nurburgring,Nürburg,5.148,15,michael_schumacher,German,ferrari,Italian
1,2002,nurburgring,Nürburg,5.148,15,montoya,Colombian,williams,British
9,2002,red_bull_ring,Spielberg,4.318,10,panis,French,bar,British
11,2002,red_bull_ring,Spielberg,4.318,10,frentzen,German,arrows,British
20,2002,villeneuve,Montreal,4.361,14,mcnish,British,toyota,Japanese
9,2002,nurburgring,Nürburg,5.148,15,heidfeld,German,sauber,Swiss
6,2002,nurburgring,Nürburg,5.148,15,raikkonen,Finnish,mclaren,British
14,2002,nurburgring,Nürburg,5.148,15,sato,Japanese,jordan,Irish
11,2002,nurburgring,Nürburg,5.148,15,massa,Brazilian,sauber,Swiss
5,2002,nurburgring,Nürburg,5.148,15,coulthard,British,mclaren,British
7,2002,nurburgring,Nürburg,5.148,15,trulli,Italian,renault,French
20,2002,nurburgring,Nürburg,5.148,15,webber,Australian,minardi,Italian
15,2002,catalunya,Montmeló,4.657,14,villeneuve,Canadian,bar,British
16,2002,catalunya,Montmeló,4.657,14,rosa,Spanish,jaguar,British
13,2002,catalunya,Montmeló,4.657,14,panis,French,bar,British
10,2002,catalunya,Montmeló,4.657,14,frentzen,German,arrows,British
22,2002,catalunya,Montmeló,4.657,14,irvine,British,jaguar,British
14,2002,catalunya,Montmeló,4.657,14,bernoldi,Brazilian,arrows,British
17,2002,catalunya,Montmeló,4.657,14,salo,Finnish,toyota,Japanese
19,2002,catalunya,Montmeló,4.657,14,mcnish,British,toyota,Japanese
11,2002,catalunya,Montmeló,4.657,14,massa,Brazilian,sauber,Swiss
7,2002,catalunya,Montmeló,4.657,14,coulthard,British,mclaren,British
9,2002,catalunya,Montmeló,4.657,14,trulli,Italian,renault,French
6,2002,catalunya,Montmeló,4.657,14,button,British,renault,French
12,2002,catalunya,Montmeló,4.657,14,fisichella,Italian,jordan,Irish
3,2002,catalunya,Montmeló,4.657,14,ralf_schumacher,German,williams,British
1,2002,catalunya,Montmeló,4.657,14,michael_schumacher,German,ferrari,Italian
4,2002,catalunya,Montmeló,4.657,14,montoya,Colombian,williams,British
22,2002,monaco,Monte-Carlo,3.337,19,yoong,Malaysian,minardi,Italian
9,2002,monaco,Monte-Carlo,3.337,19,salo,Finnish,toyota,Japanese
10,2002,monaco,Monte-Carlo,3.337,19,mcnish,British,toyota,Japanese
7,2002,villeneuve,Montreal,4.361,14,heidfeld,German,sauber,Swiss
5,2002,villeneuve,Montreal,4.361,14,raikkonen,Finnish,mclaren,British
15,2002,villeneuve,Montreal,4.361,14,sato,Japanese,jordan,Irish
5,2002,catalunya,Montmeló,4.657,14,raikkonen,Finnish,mclaren,British
18,2002,catalunya,Montmeló,4.657,14,sato,Japanese,jordan,Irish
3,2002,monaco,Monte-Carlo,3.337,19,michael_schumacher,German,ferrari,Italian
1,2002,monaco,Monte-Carlo,3.337,19,montoya,Colombian,williams,British
14,2002,monaco,Monte-Carlo,3.337,19,villeneuve,Canadian,bar,British
17,2002,monaco,Monte-Carlo,3.337,19,rosa,Spanish,jaguar,British
18,2002,monaco,Monte-Carlo,3.337,19,panis,French,bar,British
12,2002,monaco,Monte-Carlo,3.337,19,frentzen,German,arrows,British
19,2002,monaco,Monte-Carlo,3.337,19,irvine,British,jaguar,British
21,2002,monaco,Monte-Carlo,3.337,19,bernoldi,Brazilian,arrows,British
16,2002,interlagos,São Paulo,4.309,15,mcnish,British,toyota,Japanese
7,2002,imola,Imola,4.909,19,heidfeld,German,sauber,Swiss
5,2002,imola,Imola,4.909,19,raikkonen,Finnish,mclaren,British
14,2002,imola,Imola,4.909,19,sato,Japanese,jordan,Irish
11,2002,imola,Imola,4.909,19,massa,Brazilian,sauber,Swiss
6,2002,imola,Imola,4.909,19,coulthard,British,mclaren,British
8,2002,imola,Imola,4.909,19,trulli,Italian,renault,French
19,2002,imola,Imola,4.909,19,webber,Australian,minardi,Italian
15,2002,interlagos,São Paulo,4.309,15,villeneuve,Canadian,bar,British
11,2002,interlagos,São Paulo,4.309,15,rosa,Spanish,jaguar,British
17,2002,interlagos,São Paulo,4.309,15,panis,French,bar,British
18,2002,interlagos,São Paulo,4.309,15,frentzen,German,arrows,British
13,2002,interlagos,São Paulo,4.309,15,irvine,British,jaguar,British
21,2002,interlagos,São Paulo,4.309,15,bernoldi,Brazilian,arrows,British
22,2002,interlagos,São Paulo,4.309,15,yoong,Malaysian,minardi,Italian
10,2002,interlagos,São Paulo,4.309,15,salo,Finnish,toyota,Japanese
15,2002,red_bull_ring,Spielberg,4.318,10,fisichella,Italian,jordan,Irish
1,2002,red_bull_ring,Spielberg,4.318,10,barrichello,Brazilian,ferrari,Italian
2,2002,red_bull_ring,Spielberg,4.318,10,ralf_schumacher,German,williams,British
3,2002,red_bull_ring,Spielberg,4.318,10,michael_schumacher,German,ferrari,Italian
4,2002,red_bull_ring,Spielberg,4.318,10,montoya,Colombian,williams,British
17,2002,red_bull_ring,Spielberg,4.318,10,villeneuve,Canadian,bar,British
2,2002,interlagos,São Paulo,4.309,15,michael_schumacher,German,ferrari,Italian
1,2002,interlagos,São Paulo,4.309,15,montoya,Colombian,williams,British
5,2002,red_bull_ring,Spielberg,4.318,10,heidfeld,German,sauber,Swiss
6,2002,red_bull_ring,Spielberg,4.318,10,raikkonen,Finnish,mclaren,British
18,2002,red_bull_ring,Spielberg,4.318,10,sato,Japanese,jordan,Irish
7,2002,red_bull_ring,Spielberg,4.318,10,massa,Brazilian,sauber,Swiss
8,2002,red_bull_ring,Spielberg,4.318,10,coulthard,British,mclaren,British
16,2002,red_bull_ring,Spielberg,4.318,10,trulli,Italian,renault,French
21,2002,red_bull_ring,Spielberg,4.318,10,webber,Australian,minardi,Italian
13,2002,red_bull_ring,Spielberg,4.318,10,button,British,renault,French
1,2002,sepang,Kuala Lumpur,5.543,15,michael_schumacher,German,ferrari,Italian
2,2002,sepang,Kuala Lumpur,5.543,15,montoya,Colombian,williams,British
13,2002,sepang,Kuala Lumpur,5.543,15,villeneuve,Canadian,bar,British
17,2002,sepang,Kuala Lumpur,5.543,15,rosa,Spanish,jaguar,British
18,2002,sepang,Kuala Lumpur,5.543,15,panis,French,bar,British
11,2002,sepang,Kuala Lumpur,5.543,15,frentzen,German,arrows,British
20,2002,sepang,Kuala Lumpur,5.543,15,irvine,British,jaguar,British
16,2002,sepang,Kuala Lumpur,5.543,15,bernoldi,Brazilian,arrows,British
14,2002,sepang,Kuala Lumpur,5.543,15,massa,Brazilian,sauber,Swiss
6,2002,sepang,Kuala Lumpur,5.543,15,coulthard,British,mclaren,British
12,2002,sepang,Kuala Lumpur,5.543,15,trulli,Italian,renault,French
21,2002,sepang,Kuala Lumpur,5.543,15,webber,Australian,minardi,Italian
8,2002,sepang,Kuala Lumpur,5.543,15,button,British,renault,French
9,2002,sepang,Kuala Lumpur,5.543,15,fisichella,Italian,jordan,Irish
3,2002,sepang,Kuala Lumpur,5.543,15,barrichello,Brazilian,ferrari,Italian
4,2002,sepang,Kuala Lumpur,5.543,15,ralf_schumacher,German,williams,British
12,2002,imola,Imola,4.909,19,panis,French,bar,British
13,2002,imola,Imola,4.909,19,frentzen,German,arrows,British
18,2002,imola,Imola,4.909,19,irvine,British,jaguar,British
20,2002,imola,Imola,4.909,19,bernoldi,Brazilian,arrows,British
16,2002,imola,Imola,4.909,19,salo,Finnish,toyota,Japanese
8,2002,catalunya,Montmeló,4.657,14,heidfeld,German,sauber,Swiss
5,2002,sepang,Kuala Lumpur,5.543,15,raikkonen,Finnish,mclaren,British
15,2002,sepang,Kuala Lumpur,5.543,15,sato,Japanese,jordan,Irish
9,2002,imola,Imola,4.909,19,button,British,renault,French
15,2002,imola,Imola,4.909,19,fisichella,Italian,jordan,Irish
2,2002,imola,Imola,4.909,19,barrichello,Brazilian,ferrari,Italian
3,2002,imola,Imola,4.909,19,ralf_schumacher,German,williams,British
1,2002,imola,Imola,4.909,19,michael_schumacher,German,ferrari,Italian
4,2002,imola,Imola,4.909,19,montoya,Colombian,williams,British
10,2002,imola,Imola,4.909,19,villeneuve,Canadian,bar,British
22,2002,imola,Imola,4.909,19,rosa,Spanish,jaguar,British
19,2002,albert_park,Melbourne,5.278,16,irvine,British,jaguar,British
17,2002,albert_park,Melbourne,5.278,16,bernoldi,Brazilian,arrows,British
21,2002,albert_park,Melbourne,5.278,16,yoong,Malaysian,minardi,Italian
14,2002,albert_park,Melbourne,5.278,16,salo,Finnish,toyota,Japanese
7,2002,sepang,Kuala Lumpur,5.543,15,heidfeld,German,sauber,Swiss
6,2002,indianapolis,Indianapolis,4.192,13,raikkonen,Finnish,mclaren,British
15,2002,indianapolis,Indianapolis,4.192,13,sato,Japanese,jordan,Irish
3,2002,indianapolis,Indianapolis,4.192,13,coulthard,British,mclaren,British
4,2002,albert_park,Melbourne,5.278,16,coulthard,British,mclaren,British
7,2002,albert_park,Melbourne,5.278,16,trulli,Italian,renault,French
18,2002,albert_park,Melbourne,5.278,16,webber,Australian,minardi,Italian
2,2002,albert_park,Melbourne,5.278,16,michael_schumacher,German,ferrari,Italian
6,2002,albert_park,Melbourne,5.278,16,montoya,Colombian,williams,British
13,2002,albert_park,Melbourne,5.278,16,villeneuve,Canadian,bar,British
20,2002,albert_park,Melbourne,5.278,16,rosa,Spanish,jaguar,British
15,2002,albert_park,Melbourne,5.278,16,frentzen,German,arrows,British
6,2002,interlagos,São Paulo,4.309,15,trulli,Italian,renault,French
20,2002,interlagos,São Paulo,4.309,15,webber,Australian,minardi,Italian
7,2002,interlagos,São Paulo,4.309,15,button,British,renault,French
14,2002,interlagos,São Paulo,4.309,15,fisichella,Italian,jordan,Irish
8,2002,interlagos,São Paulo,4.309,15,barrichello,Brazilian,ferrari,Italian
3,2002,interlagos,São Paulo,4.309,15,ralf_schumacher,German,williams,British
5,2002,albert_park,Melbourne,5.278,16,raikkonen,Finnish,mclaren,British
22,2002,albert_park,Melbourne,5.278,16,sato,Japanese,jordan,Irish
22,2002,sepang,Kuala Lumpur,5.543,15,yoong,Malaysian,minardi,Italian
10,2002,sepang,Kuala Lumpur,5.543,15,salo,Finnish,toyota,Japanese
19,2002,sepang,Kuala Lumpur,5.543,15,mcnish,British,toyota,Japanese
9,2002,interlagos,São Paulo,4.309,15,heidfeld,German,sauber,Swiss
5,2002,interlagos,São Paulo,4.309,15,raikkonen,Finnish,mclaren,British
19,2002,interlagos,São Paulo,4.309,15,sato,Japanese,jordan,Irish
12,2002,interlagos,São Paulo,4.309,15,massa,Brazilian,sauber,Swiss
4,2002,interlagos,São Paulo,4.309,15,coulthard,British,mclaren,British
11,2002,magny_cours,Magny Cours,4.411,16,panis,French,bar,British
9,2002,magny_cours,Magny Cours,4.411,16,irvine,British,jaguar,British
19,2002,magny_cours,Magny Cours,4.411,16,yoong,Malaysian,minardi,Italian
16,2002,magny_cours,Magny Cours,4.411,16,salo,Finnish,toyota,Japanese
17,2002,magny_cours,Magny Cours,4.411,16,mcnish,British,toyota,Japanese
10,2002,hockenheimring,Hockenheim,4.574,16,heidfeld,German,sauber,Swiss
5,2002,hockenheimring,Hockenheim,4.574,16,raikkonen,Finnish,mclaren,British
12,2002,hockenheimring,Hockenheim,4.574,16,sato,Japanese,jordan,Irish
8,2002,magny_cours,Magny Cours,4.411,16,trulli,Italian,renault,French
18,2002,magny_cours,Magny Cours,4.411,16,webber,Australian,minardi,Italian
7,2002,magny_cours,Magny Cours,4.411,16,button,British,renault,French
5,2002,magny_cours,Magny Cours,4.411,16,ralf_schumacher,German,williams,British
2,2002,magny_cours,Magny Cours,4.411,16,michael_schumacher,German,ferrari,Italian
1,2002,magny_cours,Magny Cours,4.411,16,montoya,Colombian,williams,British
13,2002,magny_cours,Magny Cours,4.411,16,villeneuve,Canadian,bar,British
15,2002,magny_cours,Magny Cours,4.411,16,rosa,Spanish,jaguar,British
17,2002,spa,Spa,7.004,20,massa,Brazilian,sauber,Swiss
6,2002,spa,Spa,7.004,20,coulthard,British,mclaren,British
7,2002,spa,Spa,7.004,20,trulli,Italian,renault,French
19,2002,spa,Spa,7.004,20,webber,Australian,minardi,Italian
10,2002,spa,Spa,7.004,20,button,British,renault,French
20,2002,spa,Spa,7.004,20,davidson,British,minardi,Italian
12,2002,magny_cours,Magny Cours,4.411,16,massa,Brazilian,sauber,Swiss
6,2002,magny_cours,Magny Cours,4.411,16,coulthard,British,mclaren,British
15,2002,hungaroring,Budapest,4.381,14,rosa,Spanish,jaguar,British
12,2002,hungaroring,Budapest,4.381,14,panis,French,bar,British
16,2002,hungaroring,Budapest,4.381,14,irvine,British,jaguar,British
17,2002,hungaroring,Budapest,4.381,14,salo,Finnish,toyota,Japanese
18,2002,hungaroring,Budapest,4.381,14,mcnish,British,toyota,Japanese
18,2002,spa,Spa,7.004,20,heidfeld,German,sauber,Swiss
2,2002,spa,Spa,7.004,20,raikkonen,Finnish,mclaren,British
16,2002,spa,Spa,7.004,20,sato,Japanese,jordan,Irish
6,2002,monza,Monza,5.793,11,raikkonen,Finnish,mclaren,British
18,2002,monza,Monza,5.793,11,sato,Japanese,jordan,Irish
14,2002,monza,Monza,5.793,11,massa,Brazilian,sauber,Swiss
7,2002,monza,Monza,5.793,11,coulthard,British,mclaren,British
11,2002,monza,Monza,5.793,11,trulli,Italian,renault,French
19,2002,monza,Monza,5.793,11,webber,Australian,minardi,Italian
17,2002,monza,Monza,5.793,11,button,British,renault,French
12,2002,monza,Monza,5.793,11,fisichella,Italian,jordan,Irish
4,2002,monza,Monza,5.793,11,barrichello,Brazilian,ferrari,Italian
3,2002,monza,Monza,5.793,11,ralf_schumacher,German,williams,British
2,2002,monza,Monza,5.793,11,michael_schumacher,German,ferrari,Italian
1,2002,monza,Monza,5.793,11,montoya,Colombian,williams,British
16,2002,suzuka,Suzuka,5.807,18,panis,French,bar,British
14,2002,suzuka,Suzuka,5.807,18,irvine,British,jaguar,British
20,2002,suzuka,Suzuka,5.807,18,yoong,Malaysian,minardi,Italian
13,2002,suzuka,Suzuka,5.807,18,salo,Finnish,toyota,Japanese
11,2002,suzuka,Suzuka,5.807,18,trulli,Italian,renault,French
19,2002,suzuka,Suzuka,5.807,18,webber,Australian,minardi,Italian
9,2002,suzuka,Suzuka,5.807,18,villeneuve,Canadian,bar,British
17,2002,suzuka,Suzuka,5.807,18,rosa,Spanish,jaguar,British
9,2002,monza,Monza,5.793,11,villeneuve,Canadian,bar,British
12,2003,albert_park,Melbourne,5.278,16,trulli,Italian,renault,French
14,2003,albert_park,Melbourne,5.278,16,webber,Australian,jaguar,British
8,2003,albert_park,Melbourne,5.278,16,button,British,bar,British
13,2003,albert_park,Melbourne,5.278,16,fisichella,Italian,jordan,Irish
2,2003,albert_park,Melbourne,5.278,16,barrichello,Brazilian,ferrari,Italian
9,2003,albert_park,Melbourne,5.278,16,ralf_schumacher,German,williams,British
7,2003,albert_park,Melbourne,5.278,16,heidfeld,German,sauber,Swiss
10,2003,albert_park,Melbourne,5.278,16,alonso,Spanish,renault,French
18,2003,suzuka,Suzuka,5.807,18,kiesa,Danish,minardi,Italian
14,2003,suzuka,Suzuka,5.807,18,michael_schumacher,German,ferrari,Italian
2,2003,suzuka,Suzuka,5.807,18,montoya,Colombian,williams,British
3,2003,suzuka,Suzuka,5.807,18,matta,Brazilian,toyota,Japanese
4,2003,suzuka,Suzuka,5.807,18,panis,French,toyota,Japanese
12,2003,suzuka,Suzuka,5.807,18,frentzen,German,sauber,Swiss
17,2003,suzuka,Suzuka,5.807,18,verstappen,Dutch,minardi,Italian
10,2003,suzuka,Suzuka,5.807,18,wilson,British,jaguar,British
15,2003,suzuka,Suzuka,5.807,18,firman,Irish,jordan,Irish
13,2003,suzuka,Suzuka,5.807,18,sato,Japanese,bar,British
7,2003,suzuka,Suzuka,5.807,18,coulthard,British,mclaren,British
20,2003,suzuka,Suzuka,5.807,18,trulli,Italian,renault,French
6,2003,suzuka,Suzuka,5.807,18,webber,Australian,jaguar,British
9,2003,suzuka,Suzuka,5.807,18,button,British,bar,British
16,2003,suzuka,Suzuka,5.807,18,fisichella,Italian,jordan,Irish
1,2003,suzuka,Suzuka,5.807,18,barrichello,Brazilian,ferrari,Italian
19,2003,suzuka,Suzuka,5.807,18,ralf_schumacher,German,williams,British
15,2003,indianapolis,Indianapolis,4.192,13,frentzen,German,sauber,Swiss
19,2003,indianapolis,Indianapolis,4.192,13,verstappen,Dutch,minardi,Italian
16,2003,indianapolis,Indianapolis,4.192,13,wilson,British,jaguar,British
18,2003,indianapolis,Indianapolis,4.192,13,firman,Irish,jordan,Irish
20,2003,indianapolis,Indianapolis,4.192,13,kiesa,Danish,minardi,Italian
11,2003,suzuka,Suzuka,5.807,18,heidfeld,German,sauber,Swiss
5,2003,suzuka,Suzuka,5.807,18,alonso,Spanish,renault,French
8,2003,suzuka,Suzuka,5.807,18,raikkonen,Finnish,mclaren,British
17,2003,indianapolis,Indianapolis,4.192,13,fisichella,Italian,jordan,Irish
2,2003,indianapolis,Indianapolis,4.192,13,barrichello,Brazilian,ferrari,Italian
5,2003,indianapolis,Indianapolis,4.192,13,ralf_schumacher,German,williams,British
7,2003,indianapolis,Indianapolis,4.192,13,michael_schumacher,German,ferrari,Italian
4,2003,indianapolis,Indianapolis,4.192,13,montoya,Colombian,williams,British
12,2003,indianapolis,Indianapolis,4.192,13,villeneuve,Canadian,bar,British
9,2003,indianapolis,Indianapolis,4.192,13,matta,Brazilian,toyota,Japanese
3,2003,indianapolis,Indianapolis,4.192,13,panis,French,toyota,Japanese
19,2003,monza,Monza,5.793,11,kiesa,Danish,minardi,Italian
13,2003,indianapolis,Indianapolis,4.192,13,heidfeld,German,sauber,Swiss
6,2003,indianapolis,Indianapolis,4.192,13,alonso,Spanish,renault,French
1,2003,indianapolis,Indianapolis,4.192,13,raikkonen,Finnish,mclaren,British
8,2003,indianapolis,Indianapolis,4.192,13,coulthard,British,mclaren,British
10,2003,indianapolis,Indianapolis,4.192,13,trulli,Italian,renault,French
14,2003,indianapolis,Indianapolis,4.192,13,webber,Australian,jaguar,British
11,2003,indianapolis,Indianapolis,4.192,13,button,British,bar,British
10,2003,monza,Monza,5.793,11,villeneuve,Canadian,bar,British
12,2003,monza,Monza,5.793,11,matta,Brazilian,toyota,Japanese
9,2003,monza,Monza,5.793,11,panis,French,toyota,Japanese
18,2003,monza,Monza,5.793,11,baumgartner,Hungarian,jordan,Irish
5,2003,monza,Monza,5.793,11,gene,Spanish,williams,British
14,2003,monza,Monza,5.793,11,frentzen,German,sauber,Swiss
17,2003,monza,Monza,5.793,11,verstappen,Dutch,minardi,Italian
15,2003,monza,Monza,5.793,11,wilson,British,jaguar,British
4,2003,monza,Monza,5.793,11,raikkonen,Finnish,mclaren,British
8,2003,monza,Monza,5.793,11,coulthard,British,mclaren,British
11,2003,monza,Monza,5.793,11,webber,Australian,jaguar,British
7,2003,monza,Monza,5.793,11,button,British,bar,British
13,2003,monza,Monza,5.793,11,fisichella,Italian,jordan,Irish
3,2003,monza,Monza,5.793,11,barrichello,Brazilian,ferrari,Italian
1,2003,monza,Monza,5.793,11,michael_schumacher,German,ferrari,Italian
2,2003,monza,Monza,5.793,11,montoya,Colombian,williams,British
10,2003,hungaroring,Budapest,4.381,14,panis,French,toyota,Japanese
19,2003,hungaroring,Budapest,4.381,14,baumgartner,Hungarian,jordan,Irish
17,2003,hungaroring,Budapest,4.381,14,frentzen,German,sauber,Swiss
18,2003,hungaroring,Budapest,4.381,14,verstappen,Dutch,minardi,Italian
12,2003,hungaroring,Budapest,4.381,14,wilson,British,jaguar,British
20,2003,hungaroring,Budapest,4.381,14,kiesa,Danish,minardi,Italian
16,2003,monza,Monza,5.793,11,heidfeld,German,sauber,Swiss
20,2003,monza,Monza,5.793,11,alonso,Spanish,renault,French
14,2003,hungaroring,Budapest,4.381,14,button,British,bar,British
13,2003,hungaroring,Budapest,4.381,14,fisichella,Italian,jordan,Irish
5,2003,hungaroring,Budapest,4.381,14,barrichello,Brazilian,ferrari,Italian
2,2003,hungaroring,Budapest,4.381,14,ralf_schumacher,German,williams,British
8,2003,hungaroring,Budapest,4.381,14,michael_schumacher,German,ferrari,Italian
4,2003,hungaroring,Budapest,4.381,14,montoya,Colombian,williams,British
16,2003,hungaroring,Budapest,4.381,14,villeneuve,Canadian,bar,British
15,2003,hungaroring,Budapest,4.381,14,matta,Brazilian,toyota,Japanese
16,2003,hockenheimring,Hockenheim,4.574,16,wilson,British,jaguar,British
20,2003,hockenheimring,Hockenheim,4.574,16,kiesa,Danish,minardi,Italian
11,2003,hungaroring,Budapest,4.381,14,heidfeld,German,sauber,Swiss
1,2003,hungaroring,Budapest,4.381,14,alonso,Spanish,renault,French
7,2003,hungaroring,Budapest,4.381,14,raikkonen,Finnish,mclaren,British
9,2003,hungaroring,Budapest,4.381,14,coulthard,British,mclaren,British
6,2003,hungaroring,Budapest,4.381,14,trulli,Italian,renault,French
3,2003,hungaroring,Budapest,4.381,14,webber,Australian,jaguar,British
2,2003,hockenheimring,Hockenheim,4.574,16,ralf_schumacher,German,williams,British
6,2003,hockenheimring,Hockenheim,4.574,16,michael_schumacher,German,ferrari,Italian
1,2003,hockenheimring,Hockenheim,4.574,16,montoya,Colombian,williams,British
13,2003,hockenheimring,Hockenheim,4.574,16,villeneuve,Canadian,bar,British
9,2003,hockenheimring,Hockenheim,4.574,16,matta,Brazilian,toyota,Japanese
7,2003,hockenheimring,Hockenheim,4.574,16,panis,French,toyota,Japanese
14,2003,hockenheimring,Hockenheim,4.574,16,frentzen,German,sauber,Swiss
19,2003,hockenheimring,Hockenheim,4.574,16,verstappen,Dutch,minardi,Italian
17,2003,silverstone,Silverstone,5.891,18,firman,Irish,jordan,Irish
15,2003,hockenheimring,Hockenheim,4.574,16,heidfeld,German,sauber,Swiss
8,2003,hockenheimring,Hockenheim,4.574,16,alonso,Spanish,renault,French
10,2003,hockenheimring,Hockenheim,4.574,16,coulthard,British,mclaren,British
4,2003,hockenheimring,Hockenheim,4.574,16,trulli,Italian,renault,French
11,2003,hockenheimring,Hockenheim,4.574,16,webber,Australian,jaguar,British
17,2003,hockenheimring,Hockenheim,4.574,16,button,British,bar,British
13,2003,hockenheimring,Hockenheim,4.574,16,fisichella,Italian,jordan,Irish
7,2003,silverstone,Silverstone,5.891,18,montoya,Colombian,williams,British
9,2003,silverstone,Silverstone,5.891,18,villeneuve,Canadian,bar,British
10,2003,silverstone,Silverstone,5.891,18,pizzonia,Brazilian,jaguar,British
6,2003,silverstone,Silverstone,5.891,18,matta,Brazilian,toyota,Japanese
13,2003,silverstone,Silverstone,5.891,18,panis,French,toyota,Japanese
14,2003,silverstone,Silverstone,5.891,18,frentzen,German,sauber,Swiss
19,2003,silverstone,Silverstone,5.891,18,verstappen,Dutch,minardi,Italian
18,2003,silverstone,Silverstone,5.891,18,wilson,British,minardi,Italian
12,2003,silverstone,Silverstone,5.891,18,coulthard,British,mclaren,British
2,2003,silverstone,Silverstone,5.891,18,trulli,Italian,renault,French
11,2003,silverstone,Silverstone,5.891,18,webber,Australian,jaguar,British
20,2003,silverstone,Silverstone,5.891,18,button,British,bar,British
15,2003,silverstone,Silverstone,5.891,18,fisichella,Italian,jordan,Irish
1,2003,silverstone,Silverstone,5.891,18,barrichello,Brazilian,ferrari,Italian
4,2003,silverstone,Silverstone,5.891,18,ralf_schumacher,German,williams,British
5,2003,silverstone,Silverstone,5.891,18,michael_schumacher,German,ferrari,Italian
10,2003,magny_cours,Magny Cours,4.411,16,panis,French,toyota,Japanese
16,2003,magny_cours,Magny Cours,4.411,16,frentzen,German,sauber,Swiss
19,2003,magny_cours,Magny Cours,4.411,16,verstappen,Dutch,minardi,Italian
20,2003,magny_cours,Magny Cours,4.411,16,wilson,British,minardi,Italian
18,2003,magny_cours,Magny Cours,4.411,16,firman,Irish,jordan,Irish
16,2003,silverstone,Silverstone,5.891,18,heidfeld,German,sauber,Swiss
8,2003,silverstone,Silverstone,5.891,18,alonso,Spanish,renault,French
3,2003,silverstone,Silverstone,5.891,18,raikkonen,Finnish,mclaren,British
17,2003,magny_cours,Magny Cours,4.411,16,fisichella,Italian,jordan,Irish
8,2003,magny_cours,Magny Cours,4.411,16,barrichello,Brazilian,ferrari,Italian
1,2003,magny_cours,Magny Cours,4.411,16,ralf_schumacher,German,williams,British
3,2003,magny_cours,Magny Cours,4.411,16,michael_schumacher,German,ferrari,Italian
2,2003,magny_cours,Magny Cours,4.411,16,montoya,Colombian,williams,British
12,2003,magny_cours,Magny Cours,4.411,16,villeneuve,Canadian,bar,British
11,2003,magny_cours,Magny Cours,4.411,16,pizzonia,Brazilian,jaguar,British
13,2003,magny_cours,Magny Cours,4.411,16,matta,Brazilian,toyota,Japanese
14,2003,nurburgring,Nürburg,5.148,15,firman,Irish,jordan,Irish
15,2003,magny_cours,Magny Cours,4.411,16,heidfeld,German,sauber,Swiss
7,2003,magny_cours,Magny Cours,4.411,16,alonso,Spanish,renault,French
4,2003,magny_cours,Magny Cours,4.411,16,raikkonen,Finnish,mclaren,British
5,2003,magny_cours,Magny Cours,4.411,16,coulthard,British,mclaren,British
6,2003,magny_cours,Magny Cours,4.411,16,trulli,Italian,renault,French
9,2003,magny_cours,Magny Cours,4.411,16,webber,Australian,jaguar,British
14,2003,magny_cours,Magny Cours,4.411,16,button,British,bar,British
4,2003,nurburgring,Nürburg,5.148,15,montoya,Colombian,williams,British
17,2003,nurburgring,Nürburg,5.148,15,villeneuve,Canadian,bar,British
16,2003,nurburgring,Nürburg,5.148,15,pizzonia,Brazilian,jaguar,British
10,2003,nurburgring,Nürburg,5.148,15,matta,Brazilian,toyota,Japanese
7,2003,nurburgring,Nürburg,5.148,15,panis,French,toyota,Japanese
15,2003,nurburgring,Nürburg,5.148,15,frentzen,German,sauber,Swiss
18,2003,nurburgring,Nürburg,5.148,15,verstappen,Dutch,minardi,Italian
19,2003,nurburgring,Nürburg,5.148,15,wilson,British,minardi,Italian
9,2003,nurburgring,Nürburg,5.148,15,coulthard,British,mclaren,British
6,2003,nurburgring,Nürburg,5.148,15,trulli,Italian,renault,French
11,2003,nurburgring,Nürburg,5.148,15,webber,Australian,jaguar,British
12,2003,nurburgring,Nürburg,5.148,15,button,British,bar,British
13,2003,nurburgring,Nürburg,5.148,15,fisichella,Italian,jordan,Irish
5,2003,nurburgring,Nürburg,5.148,15,barrichello,Brazilian,ferrari,Italian
3,2003,nurburgring,Nürburg,5.148,15,ralf_schumacher,German,williams,British
2,2003,nurburgring,Nürburg,5.148,15,michael_schumacher,German,ferrari,Italian
7,2003,villeneuve,Montreal,4.361,14,panis,French,toyota,Japanese
10,2003,villeneuve,Montreal,4.361,14,frentzen,German,sauber,Swiss
15,2003,villeneuve,Montreal,4.361,14,verstappen,Dutch,minardi,Italian
18,2003,villeneuve,Montreal,4.361,14,wilson,British,minardi,Italian
19,2003,villeneuve,Montreal,4.361,14,firman,Irish,jordan,Irish
20,2003,nurburgring,Nürburg,5.148,15,heidfeld,German,sauber,Swiss
8,2003,nurburgring,Nürburg,5.148,15,alonso,Spanish,renault,French
1,2003,nurburgring,Nürburg,5.148,15,raikkonen,Finnish,mclaren,British
16,2003,villeneuve,Montreal,4.361,14,fisichella,Italian,jordan,Irish
5,2003,villeneuve,Montreal,4.361,14,barrichello,Brazilian,ferrari,Italian
1,2003,villeneuve,Montreal,4.361,14,ralf_schumacher,German,williams,British
3,2003,villeneuve,Montreal,4.361,14,michael_schumacher,German,ferrari,Italian
2,2003,villeneuve,Montreal,4.361,14,montoya,Colombian,williams,British
14,2003,villeneuve,Montreal,4.361,14,villeneuve,Canadian,bar,British
13,2003,villeneuve,Montreal,4.361,14,pizzonia,Brazilian,jaguar,British
9,2003,villeneuve,Montreal,4.361,14,matta,Brazilian,toyota,Japanese
16,2003,monaco,Monte-Carlo,3.337,19,firman,Irish,jordan,Irish
12,2003,villeneuve,Montreal,4.361,14,heidfeld,German,sauber,Swiss
4,2003,villeneuve,Montreal,4.361,14,alonso,Spanish,renault,French
20,2003,villeneuve,Montreal,4.361,14,raikkonen,Finnish,mclaren,British
11,2003,villeneuve,Montreal,4.361,14,coulthard,British,mclaren,British
8,2003,villeneuve,Montreal,4.361,14,trulli,Italian,renault,French
6,2003,villeneuve,Montreal,4.361,14,webber,Australian,jaguar,British
17,2003,villeneuve,Montreal,4.361,14,button,British,bar,British
5,2003,monaco,Monte-Carlo,3.337,19,michael_schumacher,German,ferrari,Italian
3,2003,monaco,Monte-Carlo,3.337,19,montoya,Colombian,williams,British
11,2003,monaco,Monte-Carlo,3.337,19,villeneuve,Canadian,bar,British
13,2003,monaco,Monte-Carlo,3.337,19,pizzonia,Brazilian,jaguar,British
10,2003,monaco,Monte-Carlo,3.337,19,matta,Brazilian,toyota,Japanese
17,2003,monaco,Monte-Carlo,3.337,19,panis,French,toyota,Japanese
18,2003,monaco,Monte-Carlo,3.337,19,verstappen,Dutch,minardi,Italian
19,2003,monaco,Monte-Carlo,3.337,19,wilson,British,minardi,Italian
8,2003,monaco,Monte-Carlo,3.337,19,alonso,Spanish,renault,French
2,2003,monaco,Monte-Carlo,3.337,19,raikkonen,Finnish,mclaren,British
6,2003,monaco,Monte-Carlo,3.337,19,coulthard,British,mclaren,British
4,2003,monaco,Monte-Carlo,3.337,19,trulli,Italian,renault,French
9,2003,monaco,Monte-Carlo,3.337,19,webber,Australian,jaguar,British
12,2003,monaco,Monte-Carlo,3.337,19,fisichella,Italian,jordan,Irish
7,2003,monaco,Monte-Carlo,3.337,19,barrichello,Brazilian,ferrari,Italian
1,2003,monaco,Monte-Carlo,3.337,19,ralf_schumacher,German,williams,British
3,2003,red_bull_ring,Spielberg,4.318,10,montoya,Colombian,williams,British
12,2003,red_bull_ring,Spielberg,4.318,10,villeneuve,Canadian,bar,British
8,2003,red_bull_ring,Spielberg,4.318,10,pizzonia,Brazilian,jaguar,British
13,2003,red_bull_ring,Spielberg,4.318,10,matta,Brazilian,toyota,Japanese
11,2003,red_bull_ring,Spielberg,4.318,10,panis,French,toyota,Japanese
18,2003,red_bull_ring,Spielberg,4.318,10,wilson,British,minardi,Italian
16,2003,red_bull_ring,Spielberg,4.318,10,firman,Irish,jordan,Irish
14,2003,monaco,Monte-Carlo,3.337,19,heidfeld,German,sauber,Swiss
14,2003,red_bull_ring,Spielberg,4.318,10,coulthard,British,mclaren,British
6,2003,red_bull_ring,Spielberg,4.318,10,trulli,Italian,renault,French
17,2003,red_bull_ring,Spielberg,4.318,10,webber,Australian,jaguar,British
7,2003,red_bull_ring,Spielberg,4.318,10,button,British,bar,British
9,2003,red_bull_ring,Spielberg,4.318,10,fisichella,Italian,jordan,Irish
5,2003,red_bull_ring,Spielberg,4.318,10,barrichello,Brazilian,ferrari,Italian
10,2003,red_bull_ring,Spielberg,4.318,10,ralf_schumacher,German,williams,British
1,2003,red_bull_ring,Spielberg,4.318,10,michael_schumacher,German,ferrari,Italian
6,2003,catalunya,Montmeló,4.657,14,panis,French,toyota,Japanese
10,2003,catalunya,Montmeló,4.657,14,frentzen,German,sauber,Swiss
19,2003,catalunya,Montmeló,4.657,14,verstappen,Dutch,minardi,Italian
18,2003,catalunya,Montmeló,4.657,14,wilson,British,minardi,Italian
15,2003,catalunya,Montmeló,4.657,14,firman,Irish,jordan,Irish
4,2003,red_bull_ring,Spielberg,4.318,10,heidfeld,German,sauber,Swiss
19,2003,red_bull_ring,Spielberg,4.318,10,alonso,Spanish,renault,French
2,2003,red_bull_ring,Spielberg,4.318,10,raikkonen,Finnish,mclaren,British
5,2003,catalunya,Montmeló,4.657,14,button,British,bar,British
17,2003,catalunya,Montmeló,4.657,14,fisichella,Italian,jordan,Irish
2,2003,catalunya,Montmeló,4.657,14,barrichello,Brazilian,ferrari,Italian
7,2003,catalunya,Montmeló,4.657,14,ralf_schumacher,German,williams,British
1,2003,catalunya,Montmeló,4.657,14,michael_schumacher,German,ferrari,Italian
9,2003,catalunya,Montmeló,4.657,14,montoya,Colombian,williams,British
11,2003,catalunya,Montmeló,4.657,14,villeneuve,Canadian,bar,British
13,2003,catalunya,Montmeló,4.657,14,matta,Brazilian,toyota,Japanese
14,2003,imola,Imola,4.909,19,frentzen,German,sauber,Swiss
20,2003,imola,Imola,4.909,19,verstappen,Dutch,minardi,Italian
18,2003,imola,Imola,4.909,19,wilson,British,minardi,Italian
19,2003,imola,Imola,4.909,19,firman,Irish,jordan,Irish
14,2003,catalunya,Montmeló,4.657,14,heidfeld,German,sauber,Swiss
3,2003,catalunya,Montmeló,4.657,14,alonso,Spanish,renault,French
8,2003,catalunya,Montmeló,4.657,14,coulthard,British,mclaren,British
12,2003,catalunya,Montmeló,4.657,14,webber,Australian,jaguar,British
3,2003,imola,Imola,4.909,19,barrichello,Brazilian,ferrari,Italian
2,2003,imola,Imola,4.909,19,ralf_schumacher,German,williams,British
1,2003,imola,Imola,4.909,19,michael_schumacher,German,ferrari,Italian
4,2003,imola,Imola,4.909,19,montoya,Colombian,williams,British
7,2003,imola,Imola,4.909,19,villeneuve,Canadian,bar,British
15,2003,imola,Imola,4.909,19,pizzonia,Brazilian,jaguar,British
13,2003,imola,Imola,4.909,19,matta,Brazilian,toyota,Japanese
10,2003,imola,Imola,4.909,19,panis,French,toyota,Japanese
11,2003,imola,Imola,4.909,19,heidfeld,German,sauber,Swiss
8,2003,imola,Imola,4.909,19,alonso,Spanish,renault,French
6,2003,imola,Imola,4.909,19,raikkonen,Finnish,mclaren,British
12,2003,imola,Imola,4.909,19,coulthard,British,mclaren,British
16,2003,imola,Imola,4.909,19,trulli,Italian,renault,French
5,2003,imola,Imola,4.909,19,webber,Australian,jaguar,British
9,2003,imola,Imola,4.909,19,button,British,bar,British
17,2003,imola,Imola,4.909,19,fisichella,Italian,jordan,Irish
13,2003,interlagos,São Paulo,4.309,15,villeneuve,Canadian,bar,British
17,2003,interlagos,São Paulo,4.309,15,pizzonia,Brazilian,jaguar,British
18,2003,interlagos,São Paulo,4.309,15,matta,Brazilian,toyota,Japanese
15,2003,interlagos,São Paulo,4.309,15,panis,French,toyota,Japanese
14,2003,interlagos,São Paulo,4.309,15,frentzen,German,sauber,Swiss
19,2003,interlagos,São Paulo,4.309,15,verstappen,Dutch,minardi,Italian
20,2003,interlagos,São Paulo,4.309,15,wilson,British,minardi,Italian
16,2003,interlagos,São Paulo,4.309,15,firman,Irish,jordan,Irish
5,2003,interlagos,São Paulo,4.309,15,trulli,Italian,renault,French
3,2003,interlagos,São Paulo,4.309,15,webber,Australian,jaguar,British
11,2003,interlagos,São Paulo,4.309,15,button,British,bar,British
8,2003,interlagos,São Paulo,4.309,15,fisichella,Italian,jordan,Irish
1,2003,interlagos,São Paulo,4.309,15,barrichello,Brazilian,ferrari,Italian
6,2003,interlagos,São Paulo,4.309,15,ralf_schumacher,German,williams,British
7,2003,interlagos,São Paulo,4.309,15,michael_schumacher,German,ferrari,Italian
9,2003,interlagos,São Paulo,4.309,15,montoya,Colombian,williams,British
13,2003,sepang,Kuala Lumpur,5.543,15,frentzen,German,sauber,Swiss
18,2003,sepang,Kuala Lumpur,5.543,15,verstappen,Dutch,minardi,Italian
19,2003,sepang,Kuala Lumpur,5.543,15,wilson,British,minardi,Italian
20,2003,sepang,Kuala Lumpur,5.543,15,firman,Irish,jordan,Irish
12,2003,interlagos,São Paulo,4.309,15,heidfeld,German,sauber,Swiss
10,2003,interlagos,São Paulo,4.309,15,alonso,Spanish,renault,French
4,2003,interlagos,São Paulo,4.309,15,raikkonen,Finnish,mclaren,British
2,2003,interlagos,São Paulo,4.309,15,coulthard,British,mclaren,British
9,2003,sepang,Kuala Lumpur,5.543,15,button,British,bar,British
5,2003,sepang,Kuala Lumpur,5.543,15,barrichello,Brazilian,ferrari,Italian
17,2003,sepang,Kuala Lumpur,5.543,15,ralf_schumacher,German,williams,British
3,2003,sepang,Kuala Lumpur,5.543,15,michael_schumacher,German,ferrari,Italian
8,2003,sepang,Kuala Lumpur,5.543,15,montoya,Colombian,williams,British
15,2003,sepang,Kuala Lumpur,5.543,15,pizzonia,Brazilian,jaguar,British
11,2003,sepang,Kuala Lumpur,5.543,15,matta,Brazilian,toyota,Japanese
10,2003,sepang,Kuala Lumpur,5.543,15,panis,French,toyota,Japanese
19,2003,albert_park,Melbourne,5.278,16,wilson,British,minardi,Italian
17,2003,albert_park,Melbourne,5.278,16,firman,Irish,jordan,Irish
6,2003,sepang,Kuala Lumpur,5.543,15,heidfeld,German,sauber,Swiss
1,2003,sepang,Kuala Lumpur,5.543,15,alonso,Spanish,renault,French
7,2003,sepang,Kuala Lumpur,5.543,15,raikkonen,Finnish,mclaren,British
4,2003,sepang,Kuala Lumpur,5.543,15,coulthard,British,mclaren,British
2,2003,sepang,Kuala Lumpur,5.543,15,trulli,Italian,renault,French
16,2003,sepang,Kuala Lumpur,5.543,15,webber,Australian,jaguar,British
1,2003,albert_park,Melbourne,5.278,16,michael_schumacher,German,ferrari,Italian
3,2003,albert_park,Melbourne,5.278,16,montoya,Colombian,williams,British
6,2003,albert_park,Melbourne,5.278,16,villeneuve,Canadian,bar,British
18,2003,albert_park,Melbourne,5.278,16,pizzonia,Brazilian,jaguar,British
16,2003,albert_park,Melbourne,5.278,16,matta,Brazilian,toyota,Japanese
5,2003,albert_park,Melbourne,5.278,16,panis,French,toyota,Japanese
4,2003,albert_park,Melbourne,5.278,16,frentzen,German,sauber,Swiss
20,2003,albert_park,Melbourne,5.278,16,verstappen,Dutch,minardi,Italian
15,2003,albert_park,Melbourne,5.278,16,raikkonen,Finnish,mclaren,British
11,2003,albert_park,Melbourne,5.278,16,coulthard,British,mclaren,British
11,2004,imola,Imola,4.909,19,coulthard,British,mclaren,British
9,2004,imola,Imola,4.909,19,trulli,Italian,renault,French
8,2004,imola,Imola,4.909,19,webber,Australian,jaguar,British
1,2004,imola,Imola,4.909,19,button,British,bar,British
18,2004,imola,Imola,4.909,19,fisichella,Italian,sauber,Swiss
4,2004,imola,Imola,4.909,19,barrichello,Brazilian,ferrari,Italian
5,2004,imola,Imola,4.909,19,ralf_schumacher,German,williams,British
2,2004,imola,Imola,4.909,19,michael_schumacher,German,ferrari,Italian
15,2004,bahrain,Sakhir,5.412,15,pantano,Italian,jordan,Irish
17,2004,bahrain,Sakhir,5.412,15,bruni,Italian,minardi,Italian
20,2004,bahrain,Sakhir,5.412,15,baumgartner,Hungarian,minardi,Italian
16,2004,imola,Imola,4.909,19,heidfeld,German,jordan,Irish
6,2004,imola,Imola,4.909,19,alonso,Spanish,renault,French
20,2004,imola,Imola,4.909,19,raikkonen,Finnish,mclaren,British
7,2004,imola,Imola,4.909,19,sato,Japanese,bar,British
12,2004,imola,Imola,4.909,19,massa,Brazilian,sauber,Swiss
9,2004,monaco,Monte-Carlo,3.337,19,montoya,Colombian,williams,British
15,2004,monaco,Monte-Carlo,3.337,19,matta,Brazilian,toyota,Japanese
13,2004,monaco,Monte-Carlo,3.337,19,panis,French,toyota,Japanese
18,2004,monaco,Monte-Carlo,3.337,19,pantano,Italian,jordan,Irish
3,2004,bahrain,Sakhir,5.412,15,montoya,Colombian,williams,British
12,2004,bahrain,Sakhir,5.412,15,klien,Austrian,jaguar,British
9,2004,bahrain,Sakhir,5.412,15,matta,Brazilian,toyota,Japanese
8,2004,bahrain,Sakhir,5.412,15,panis,French,toyota,Japanese
8,2004,monaco,Monte-Carlo,3.337,19,coulthard,British,mclaren,British
1,2004,monaco,Monte-Carlo,3.337,19,trulli,Italian,renault,French
11,2004,monaco,Monte-Carlo,3.337,19,webber,Australian,jaguar,British
2,2004,monaco,Monte-Carlo,3.337,19,button,British,bar,British
10,2004,monaco,Monte-Carlo,3.337,19,fisichella,Italian,sauber,Swiss
6,2004,monaco,Monte-Carlo,3.337,19,barrichello,Brazilian,ferrari,Italian
12,2004,monaco,Monte-Carlo,3.337,19,ralf_schumacher,German,williams,British
4,2004,monaco,Monte-Carlo,3.337,19,michael_schumacher,German,ferrari,Italian
4,2004,sepang,Kuala Lumpur,5.543,15,montoya,Colombian,williams,British
13,2004,sepang,Kuala Lumpur,5.543,15,klien,Austrian,jaguar,British
10,2004,sepang,Kuala Lumpur,5.543,15,matta,Brazilian,toyota,Japanese
14,2004,sepang,Kuala Lumpur,5.543,15,panis,French,toyota,Japanese
18,2004,sepang,Kuala Lumpur,5.543,15,pantano,Italian,jordan,Irish
16,2004,sepang,Kuala Lumpur,5.543,15,bruni,Italian,minardi,Italian
17,2004,sepang,Kuala Lumpur,5.543,15,baumgartner,Hungarian,minardi,Italian
18,2004,bahrain,Sakhir,5.412,15,heidfeld,German,jordan,Irish
9,2004,sepang,Kuala Lumpur,5.543,15,coulthard,British,mclaren,British
8,2004,sepang,Kuala Lumpur,5.543,15,trulli,Italian,renault,French
2,2004,sepang,Kuala Lumpur,5.543,15,webber,Australian,jaguar,British
6,2004,sepang,Kuala Lumpur,5.543,15,button,British,bar,British
12,2004,sepang,Kuala Lumpur,5.543,15,fisichella,Italian,sauber,Swiss
3,2004,sepang,Kuala Lumpur,5.543,15,barrichello,Brazilian,ferrari,Italian
7,2004,sepang,Kuala Lumpur,5.543,15,ralf_schumacher,German,williams,British
1,2004,sepang,Kuala Lumpur,5.543,15,michael_schumacher,German,ferrari,Italian
8,2004,catalunya,Montmeló,4.657,14,alonso,Spanish,renault,French
13,2004,catalunya,Montmeló,4.657,14,raikkonen,Finnish,mclaren,British
3,2004,catalunya,Montmeló,4.657,14,sato,Japanese,bar,British
17,2004,catalunya,Montmeló,4.657,14,massa,Brazilian,sauber,Swiss
19,2004,sepang,Kuala Lumpur,5.543,15,alonso,Spanish,renault,French
5,2004,sepang,Kuala Lumpur,5.543,15,raikkonen,Finnish,mclaren,British
20,2004,sepang,Kuala Lumpur,5.543,15,sato,Japanese,bar,British
11,2004,sepang,Kuala Lumpur,5.543,15,massa,Brazilian,sauber,Swiss
3,2004,imola,Imola,4.909,19,montoya,Colombian,williams,British
6,2004,bahrain,Sakhir,5.412,15,button,British,bar,British
11,2004,bahrain,Sakhir,5.412,15,fisichella,Italian,sauber,Swiss
2,2004,bahrain,Sakhir,5.412,15,barrichello,Brazilian,ferrari,Italian
4,2004,bahrain,Sakhir,5.412,15,ralf_schumacher,German,williams,British
1,2004,bahrain,Sakhir,5.412,15,michael_schumacher,German,ferrari,Italian
19,2004,imola,Imola,4.909,19,baumgartner,Hungarian,minardi,Italian
15,2004,catalunya,Montmeló,4.657,14,heidfeld,German,jordan,Irish
2,2004,shanghai,Shanghai,5.451,16,raikkonen,Finnish,mclaren,British
16,2004,shanghai,Shanghai,5.451,16,glock,German,jordan,Irish
18,2004,shanghai,Shanghai,5.451,16,sato,Japanese,bar,British
4,2004,shanghai,Shanghai,5.451,16,massa,Brazilian,sauber,Swiss
9,2004,shanghai,Shanghai,5.451,16,coulthard,British,mclaren,British
11,2004,shanghai,Shanghai,5.451,16,webber,Australian,jaguar,British
3,2004,shanghai,Shanghai,5.451,16,button,British,bar,British
7,2004,shanghai,Shanghai,5.451,16,fisichella,Italian,sauber,Swiss
14,2004,monza,Monza,5.793,11,klien,Austrian,jaguar,British
11,2004,monza,Monza,5.793,11,zonta,Brazilian,toyota,Japanese
8,2004,monza,Monza,5.793,11,pizzonia,Brazilian,williams,British
17,2004,monza,Monza,5.793,11,pantano,Italian,jordan,Irish
18,2004,monza,Monza,5.793,11,bruni,Italian,minardi,Italian
19,2004,monza,Monza,5.793,11,baumgartner,Hungarian,minardi,Italian
14,2004,shanghai,Shanghai,5.451,16,heidfeld,German,jordan,Irish
6,2004,shanghai,Shanghai,5.451,16,alonso,Spanish,renault,French
10,2004,interlagos,São Paulo,4.309,15,fisichella,Italian,sauber,Swiss
1,2004,interlagos,São Paulo,4.309,15,barrichello,Brazilian,ferrari,Italian
7,2004,interlagos,São Paulo,4.309,15,ralf_schumacher,German,williams,British
18,2004,interlagos,São Paulo,4.309,15,michael_schumacher,German,ferrari,Italian
15,2004,monza,Monza,5.793,11,fisichella,Italian,sauber,Swiss
1,2004,monza,Monza,5.793,11,barrichello,Brazilian,ferrari,Italian
3,2004,monza,Monza,5.793,11,michael_schumacher,German,ferrari,Italian
2,2004,monza,Monza,5.793,11,montoya,Colombian,williams,British
3,2004,interlagos,São Paulo,4.309,15,raikkonen,Finnish,mclaren,British
17,2004,interlagos,São Paulo,4.309,15,glock,German,jordan,Irish
6,2004,interlagos,São Paulo,4.309,15,sato,Japanese,bar,British
4,2004,interlagos,São Paulo,4.309,15,massa,Brazilian,sauber,Swiss
12,2004,interlagos,São Paulo,4.309,15,coulthard,British,mclaren,British
9,2004,interlagos,São Paulo,4.309,15,trulli,Italian,toyota,Japanese
11,2004,interlagos,São Paulo,4.309,15,webber,Australian,jaguar,British
5,2004,interlagos,São Paulo,4.309,15,button,British,bar,British
1,2004,spa,Spa,7.004,20,trulli,Italian,renault,French
12,2004,spa,Spa,7.004,20,button,British,bar,British
5,2004,spa,Spa,7.004,20,fisichella,Italian,sauber,Swiss
6,2004,spa,Spa,7.004,20,barrichello,Brazilian,ferrari,Italian
2,2004,spa,Spa,7.004,20,michael_schumacher,German,ferrari,Italian
11,2004,spa,Spa,7.004,20,montoya,Colombian,williams,British
13,2004,spa,Spa,7.004,20,klien,Austrian,jaguar,British
20,2004,spa,Spa,7.004,20,zonta,Brazilian,toyota,Japanese
17,2004,hungaroring,Budapest,4.381,14,pantano,Italian,jordan,Irish
19,2004,hungaroring,Budapest,4.381,14,bruni,Italian,minardi,Italian
18,2004,hungaroring,Budapest,4.381,14,baumgartner,Hungarian,minardi,Italian
16,2004,spa,Spa,7.004,20,heidfeld,German,jordan,Irish
3,2004,spa,Spa,7.004,20,alonso,Spanish,renault,French
10,2004,spa,Spa,7.004,20,raikkonen,Finnish,mclaren,British
8,2004,spa,Spa,7.004,20,massa,Brazilian,sauber,Swiss
4,2004,spa,Spa,7.004,20,coulthard,British,mclaren,British
17,2004,shanghai,Shanghai,5.451,16,bruni,Italian,minardi,Italian
19,2004,shanghai,Shanghai,5.451,16,baumgartner,Hungarian,minardi,Italian
16,2004,suzuka,Suzuka,5.807,18,heidfeld,German,jordan,Irish
11,2004,suzuka,Suzuka,5.807,18,alonso,Spanish,renault,French
14,2004,hungaroring,Budapest,4.381,14,klien,Austrian,jaguar,British
15,2004,hungaroring,Budapest,4.381,14,zonta,Brazilian,toyota,Japanese
6,2004,hungaroring,Budapest,4.381,14,pizzonia,Brazilian,williams,British
13,2004,hungaroring,Budapest,4.381,14,panis,French,toyota,Japanese
1,2004,shanghai,Shanghai,5.451,16,barrichello,Brazilian,ferrari,Italian
5,2004,shanghai,Shanghai,5.451,16,ralf_schumacher,German,williams,British
20,2004,shanghai,Shanghai,5.451,16,michael_schumacher,German,ferrari,Italian
10,2004,shanghai,Shanghai,5.451,16,montoya,Colombian,williams,British
15,2004,shanghai,Shanghai,5.451,16,klien,Austrian,jaguar,British
12,2004,shanghai,Shanghai,5.451,16,villeneuve,Canadian,renault,French
13,2004,shanghai,Shanghai,5.451,16,zonta,Brazilian,toyota,Japanese
8,2004,shanghai,Shanghai,5.451,16,panis,French,toyota,Japanese
12,2004,hockenheimring,Hockenheim,4.574,16,klien,Austrian,jaguar,British
10,2004,hockenheimring,Hockenheim,4.574,16,pizzonia,Brazilian,williams,British
15,2004,hockenheimring,Hockenheim,4.574,16,matta,Brazilian,toyota,Japanese
9,2004,hockenheimring,Hockenheim,4.574,16,panis,French,toyota,Japanese
17,2004,hockenheimring,Hockenheim,4.574,16,pantano,Italian,jordan,Irish
19,2004,hockenheimring,Hockenheim,4.574,16,bruni,Italian,minardi,Italian
20,2004,hockenheimring,Hockenheim,4.574,16,baumgartner,Hungarian,minardi,Italian
16,2004,hungaroring,Budapest,4.381,14,heidfeld,German,jordan,Irish
4,2004,hockenheimring,Hockenheim,4.574,16,coulthard,British,mclaren,British
6,2004,hockenheimring,Hockenheim,4.574,16,trulli,Italian,renault,French
11,2004,hockenheimring,Hockenheim,4.574,16,webber,Australian,jaguar,British
13,2004,hockenheimring,Hockenheim,4.574,16,button,British,bar,British
14,2004,hockenheimring,Hockenheim,4.574,16,fisichella,Italian,sauber,Swiss
7,2004,hockenheimring,Hockenheim,4.574,16,barrichello,Brazilian,ferrari,Italian
1,2004,hockenheimring,Hockenheim,4.574,16,michael_schumacher,German,ferrari,Italian
2,2004,hockenheimring,Hockenheim,4.574,16,montoya,Colombian,williams,British
10,2004,monza,Monza,5.793,11,coulthard,British,mclaren,British
9,2004,monza,Monza,5.793,11,trulli,Italian,renault,French
12,2004,monza,Monza,5.793,11,webber,Australian,jaguar,British
6,2004,monza,Monza,5.793,11,button,British,bar,British
5,2004,hockenheimring,Hockenheim,4.574,16,alonso,Spanish,renault,French
3,2004,hockenheimring,Hockenheim,4.574,16,raikkonen,Finnish,mclaren,British
8,2004,hockenheimring,Hockenheim,4.574,16,sato,Japanese,bar,British
16,2004,hockenheimring,Hockenheim,4.574,16,massa,Brazilian,sauber,Swiss
14,2004,spa,Spa,7.004,20,pizzonia,Brazilian,williams,British
9,2004,spa,Spa,7.004,20,panis,French,toyota,Japanese
18,2004,spa,Spa,7.004,20,baumgartner,Hungarian,minardi,Italian
20,2004,monza,Monza,5.793,11,heidfeld,German,jordan,Irish
4,2004,monza,Monza,5.793,11,alonso,Spanish,renault,French
7,2004,monza,Monza,5.793,11,raikkonen,Finnish,mclaren,British
5,2004,monza,Monza,5.793,11,sato,Japanese,bar,British
16,2004,monza,Monza,5.793,11,massa,Brazilian,sauber,Swiss
16,2004,silverstone,Silverstone,5.891,18,alonso,Spanish,renault,French
1,2004,silverstone,Silverstone,5.891,18,raikkonen,Finnish,mclaren,British
8,2004,silverstone,Silverstone,5.891,18,sato,Japanese,bar,British
10,2004,silverstone,Silverstone,5.891,18,massa,Brazilian,sauber,Swiss
6,2004,silverstone,Silverstone,5.891,18,coulthard,British,mclaren,British
5,2004,silverstone,Silverstone,5.891,18,trulli,Italian,renault,French
9,2004,silverstone,Silverstone,5.891,18,webber,Australian,jaguar,British
3,2004,silverstone,Silverstone,5.891,18,button,British,bar,British
13,2004,magny_cours,Magny Cours,4.411,16,klien,Austrian,jaguar,British
11,2004,magny_cours,Magny Cours,4.411,16,matta,Brazilian,toyota,Japanese
14,2004,magny_cours,Magny Cours,4.411,16,panis,French,toyota,Japanese
18,2004,magny_cours,Magny Cours,4.411,16,pantano,Italian,jordan,Irish
19,2004,magny_cours,Magny Cours,4.411,16,bruni,Italian,minardi,Italian
20,2004,magny_cours,Magny Cours,4.411,16,baumgartner,Hungarian,minardi,Italian
8,2004,magny_cours,Magny Cours,4.411,16,gene,Spanish,williams,British
15,2004,silverstone,Silverstone,5.891,18,heidfeld,German,jordan,Irish
8,2004,hungaroring,Budapest,4.381,14,fisichella,Italian,sauber,Swiss
2,2004,hungaroring,Budapest,4.381,14,barrichello,Brazilian,ferrari,Italian
1,2004,hungaroring,Budapest,4.381,14,michael_schumacher,German,ferrari,Italian
7,2004,hungaroring,Budapest,4.381,14,montoya,Colombian,williams,British
15,2004,magny_cours,Magny Cours,4.411,16,fisichella,Italian,sauber,Swiss
10,2004,magny_cours,Magny Cours,4.411,16,barrichello,Brazilian,ferrari,Italian
2,2004,magny_cours,Magny Cours,4.411,16,michael_schumacher,German,ferrari,Italian
6,2004,magny_cours,Magny Cours,4.411,16,montoya,Colombian,williams,British
5,2004,hungaroring,Budapest,4.381,14,alonso,Spanish,renault,French
10,2004,hungaroring,Budapest,4.381,14,raikkonen,Finnish,mclaren,British
3,2004,hungaroring,Budapest,4.381,14,sato,Japanese,bar,British
20,2004,hungaroring,Budapest,4.381,14,massa,Brazilian,sauber,Swiss
12,2004,hungaroring,Budapest,4.381,14,coulthard,British,mclaren,British
9,2004,hungaroring,Budapest,4.381,14,trulli,Italian,renault,French
11,2004,hungaroring,Budapest,4.381,14,webber,Australian,jaguar,British
4,2004,hungaroring,Budapest,4.381,14,button,British,bar,British
20,2004,indianapolis,Indianapolis,4.192,13,trulli,Italian,renault,French
10,2004,indianapolis,Indianapolis,4.192,13,webber,Australian,jaguar,British
4,2004,indianapolis,Indianapolis,4.192,13,button,British,bar,British
14,2004,indianapolis,Indianapolis,4.192,13,fisichella,Italian,sauber,Swiss
1,2004,indianapolis,Indianapolis,4.192,13,barrichello,Brazilian,ferrari,Italian
6,2004,indianapolis,Indianapolis,4.192,13,ralf_schumacher,German,williams,British
2,2004,indianapolis,Indianapolis,4.192,13,michael_schumacher,German,ferrari,Italian
5,2004,indianapolis,Indianapolis,4.192,13,montoya,Colombian,williams,British
13,2004,villeneuve,Montreal,4.361,14,panis,French,toyota,Japanese
19,2004,villeneuve,Montreal,4.361,14,bruni,Italian,minardi,Italian
18,2004,villeneuve,Montreal,4.361,14,baumgartner,Hungarian,minardi,Italian
16,2004,indianapolis,Indianapolis,4.192,13,heidfeld,German,jordan,Irish
9,2004,indianapolis,Indianapolis,4.192,13,alonso,Spanish,renault,French
7,2004,indianapolis,Indianapolis,4.192,13,raikkonen,Finnish,mclaren,British
3,2004,indianapolis,Indianapolis,4.192,13,sato,Japanese,bar,British
12,2004,indianapolis,Indianapolis,4.192,13,coulthard,British,mclaren,British
18,2004,silverstone,Silverstone,5.891,18,bruni,Italian,minardi,Italian
19,2004,silverstone,Silverstone,5.891,18,baumgartner,Hungarian,minardi,Italian
11,2004,silverstone,Silverstone,5.891,18,gene,Spanish,williams,British
18,2004,hockenheimring,Hockenheim,4.574,16,heidfeld,German,jordan,Irish
6,2004,villeneuve,Montreal,4.361,14,michael_schumacher,German,ferrari,Italian
4,2004,villeneuve,Montreal,4.361,14,montoya,Colombian,williams,British
10,2004,villeneuve,Montreal,4.361,14,klien,Austrian,jaguar,British
12,2004,villeneuve,Montreal,4.361,14,matta,Brazilian,toyota,Japanese
20,2004,silverstone,Silverstone,5.891,18,fisichella,Italian,sauber,Swiss
2,2004,silverstone,Silverstone,5.891,18,barrichello,Brazilian,ferrari,Italian
4,2004,silverstone,Silverstone,5.891,18,michael_schumacher,German,ferrari,Italian
7,2004,silverstone,Silverstone,5.891,18,montoya,Colombian,williams,British
13,2004,silverstone,Silverstone,5.891,18,klien,Austrian,jaguar,British
12,2004,silverstone,Silverstone,5.891,18,matta,Brazilian,toyota,Japanese
17,2004,silverstone,Silverstone,5.891,18,panis,French,toyota,Japanese
14,2004,silverstone,Silverstone,5.891,18,pantano,Italian,jordan,Irish
7,2004,nurburgring,Nürburg,5.148,15,barrichello,Brazilian,ferrari,Italian
1,2004,nurburgring,Nürburg,5.148,15,michael_schumacher,German,ferrari,Italian
8,2004,nurburgring,Nürburg,5.148,15,montoya,Colombian,williams,British
12,2004,nurburgring,Nürburg,5.148,15,klien,Austrian,jaguar,British
10,2004,nurburgring,Nürburg,5.148,15,panis,French,toyota,Japanese
15,2004,nurburgring,Nürburg,5.148,15,pantano,Italian,jordan,Irish
20,2004,nurburgring,Nürburg,5.148,15,bruni,Italian,minardi,Italian
17,2004,nurburgring,Nürburg,5.148,15,baumgartner,Hungarian,minardi,Italian
4,2004,nurburgring,Nürburg,5.148,15,raikkonen,Finnish,mclaren,British
2,2004,nurburgring,Nürburg,5.148,15,sato,Japanese,bar,British
16,2004,nurburgring,Nürburg,5.148,15,massa,Brazilian,sauber,Swiss
18,2004,nurburgring,Nürburg,5.148,15,coulthard,British,mclaren,British
3,2004,nurburgring,Nürburg,5.148,15,trulli,Italian,renault,French
14,2004,nurburgring,Nürburg,5.148,15,webber,Australian,jaguar,British
5,2004,nurburgring,Nürburg,5.148,15,button,British,bar,British
19,2004,nurburgring,Nürburg,5.148,15,fisichella,Italian,sauber,Swiss
3,2004,magny_cours,Magny Cours,4.411,16,coulthard,British,mclaren,British
5,2004,magny_cours,Magny Cours,4.411,16,trulli,Italian,renault,French
12,2004,magny_cours,Magny Cours,4.411,16,webber,Australian,jaguar,British
4,2004,magny_cours,Magny Cours,4.411,16,button,British,bar,British
20,2004,monaco,Monte-Carlo,3.337,19,bruni,Italian,minardi,Italian
19,2004,monaco,Monte-Carlo,3.337,19,baumgartner,Hungarian,minardi,Italian
13,2004,nurburgring,Nürburg,5.148,15,heidfeld,German,jordan,Irish
6,2004,nurburgring,Nürburg,5.148,15,alonso,Spanish,renault,French
11,2004,indianapolis,Indianapolis,4.192,13,matta,Brazilian,toyota,Japanese
8,2004,indianapolis,Indianapolis,4.192,13,panis,French,toyota,Japanese
19,2004,indianapolis,Indianapolis,4.192,13,baumgartner,Hungarian,minardi,Italian
17,2004,magny_cours,Magny Cours,4.411,16,heidfeld,German,jordan,Irish
1,2004,magny_cours,Magny Cours,4.411,16,alonso,Spanish,renault,French
9,2004,magny_cours,Magny Cours,4.411,16,raikkonen,Finnish,mclaren,British
7,2004,magny_cours,Magny Cours,4.411,16,sato,Japanese,bar,British
16,2004,magny_cours,Magny Cours,4.411,16,massa,Brazilian,sauber,Swiss
19,2004,catalunya,Montmeló,4.657,14,pantano,Italian,jordan,Irish
18,2004,catalunya,Montmeló,4.657,14,bruni,Italian,minardi,Italian
20,2004,catalunya,Montmeló,4.657,14,baumgartner,Hungarian,minardi,Italian
17,2004,monaco,Monte-Carlo,3.337,19,heidfeld,German,jordan,Irish
3,2004,monaco,Monte-Carlo,3.337,19,alonso,Spanish,renault,French
5,2004,monaco,Monte-Carlo,3.337,19,raikkonen,Finnish,mclaren,British
7,2004,monaco,Monte-Carlo,3.337,19,sato,Japanese,bar,British
16,2004,monaco,Monte-Carlo,3.337,19,massa,Brazilian,sauber,Swiss
12,2004,catalunya,Montmeló,4.657,14,fisichella,Italian,sauber,Swiss
5,2004,catalunya,Montmeló,4.657,14,barrichello,Brazilian,ferrari,Italian
6,2004,catalunya,Montmeló,4.657,14,ralf_schumacher,German,williams,British
1,2004,catalunya,Montmeló,4.657,14,michael_schumacher,German,ferrari,Italian
2,2004,catalunya,Montmeló,4.657,14,montoya,Colombian,williams,British
16,2004,catalunya,Montmeló,4.657,14,klien,Austrian,jaguar,British
11,2004,catalunya,Montmeló,4.657,14,matta,Brazilian,toyota,Japanese
7,2004,catalunya,Montmeló,4.657,14,panis,French,toyota,Japanese
2,2004,villeneuve,Montreal,4.361,14,button,British,bar,British
11,2004,villeneuve,Montreal,4.361,14,fisichella,Italian,sauber,Swiss
7,2004,villeneuve,Montreal,4.361,14,barrichello,Brazilian,ferrari,Italian
1,2004,villeneuve,Montreal,4.361,14,ralf_schumacher,German,williams,British
10,2004,catalunya,Montmeló,4.657,14,coulthard,British,mclaren,British
4,2004,catalunya,Montmeló,4.657,14,trulli,Italian,renault,French
9,2004,catalunya,Montmeló,4.657,14,webber,Australian,jaguar,British
14,2004,catalunya,Montmeló,4.657,14,button,British,bar,British
15,2004,villeneuve,Montreal,4.361,14,heidfeld,German,jordan,Irish
5,2004,villeneuve,Montreal,4.361,14,alonso,Spanish,renault,French
8,2004,villeneuve,Montreal,4.361,14,raikkonen,Finnish,mclaren,British
16,2004,villeneuve,Montreal,4.361,14,glock,German,jordan,Irish
20,2004,villeneuve,Montreal,4.361,14,sato,Japanese,bar,British
17,2004,villeneuve,Montreal,4.361,14,massa,Brazilian,sauber,Swiss
9,2004,villeneuve,Montreal,4.361,14,coulthard,British,mclaren,British
14,2004,villeneuve,Montreal,4.361,14,webber,Australian,jaguar,British
13,2004,suzuka,Suzuka,5.807,18,montoya,Colombian,williams,British
14,2004,suzuka,Suzuka,5.807,18,klien,Austrian,jaguar,British
9,2004,suzuka,Suzuka,5.807,18,villeneuve,Canadian,renault,French
10,2004,suzuka,Suzuka,5.807,18,panis,French,toyota,Japanese
18,2004,suzuka,Suzuka,5.807,18,bruni,Italian,minardi,Italian
20,2004,suzuka,Suzuka,5.807,18,baumgartner,Hungarian,minardi,Italian
16,2004,interlagos,São Paulo,4.309,15,heidfeld,German,jordan,Irish
8,2004,interlagos,São Paulo,4.309,15,alonso,Spanish,renault,French
8,2004,suzuka,Suzuka,5.807,18,coulthard,British,mclaren,British
6,2004,suzuka,Suzuka,5.807,18,trulli,Italian,toyota,Japanese
3,2004,suzuka,Suzuka,5.807,18,webber,Australian,jaguar,British
5,2004,suzuka,Suzuka,5.807,18,button,British,bar,British
7,2004,suzuka,Suzuka,5.807,18,fisichella,Italian,sauber,Swiss
15,2004,suzuka,Suzuka,5.807,18,barrichello,Brazilian,ferrari,Italian
2,2004,suzuka,Suzuka,5.807,18,ralf_schumacher,German,williams,British
1,2004,suzuka,Suzuka,5.807,18,michael_schumacher,German,ferrari,Italian
13,2004,interlagos,São Paulo,4.309,15,villeneuve,Canadian,renault,French
14,2004,interlagos,São Paulo,4.309,15,zonta,Brazilian,toyota,Japanese
20,2004,interlagos,São Paulo,4.309,15,bruni,Italian,minardi,Italian
19,2004,interlagos,São Paulo,4.309,15,baumgartner,Hungarian,minardi,Italian
12,2004,suzuka,Suzuka,5.807,18,raikkonen,Finnish,mclaren,British
17,2004,suzuka,Suzuka,5.807,18,glock,German,jordan,Irish
4,2004,suzuka,Suzuka,5.807,18,sato,Japanese,bar,British
19,2004,suzuka,Suzuka,5.807,18,massa,Brazilian,sauber,Swiss
16,2004,bahrain,Sakhir,5.412,15,alonso,Spanish,renault,French
19,2004,bahrain,Sakhir,5.412,15,raikkonen,Finnish,mclaren,British
5,2004,bahrain,Sakhir,5.412,15,sato,Japanese,bar,British
13,2004,bahrain,Sakhir,5.412,15,massa,Brazilian,sauber,Swiss
10,2004,bahrain,Sakhir,5.412,15,coulthard,British,mclaren,British
7,2004,bahrain,Sakhir,5.412,15,trulli,Italian,renault,French
2,2004,interlagos,São Paulo,4.309,15,montoya,Colombian,williams,British
15,2004,interlagos,São Paulo,4.309,15,klien,Austrian,jaguar,British
14,2004,imola,Imola,4.909,19,klien,Austrian,jaguar,British
10,2004,imola,Imola,4.909,19,matta,Brazilian,toyota,Japanese
13,2004,imola,Imola,4.909,19,panis,French,toyota,Japanese
15,2004,imola,Imola,4.909,19,pantano,Italian,jordan,Irish
17,2004,imola,Imola,4.909,19,bruni,Italian,minardi,Italian
15,2004,albert_park,Melbourne,5.278,16,heidfeld,German,jordan,Irish
5,2004,albert_park,Melbourne,5.278,16,alonso,Spanish,renault,French
10,2004,albert_park,Melbourne,5.278,16,raikkonen,Finnish,mclaren,British
7,2004,albert_park,Melbourne,5.278,16,sato,Japanese,bar,British
11,2004,albert_park,Melbourne,5.278,16,massa,Brazilian,sauber,Swiss
12,2004,albert_park,Melbourne,5.278,16,coulthard,British,mclaren,British
9,2004,albert_park,Melbourne,5.278,16,trulli,Italian,renault,French
6,2004,albert_park,Melbourne,5.278,16,webber,Australian,jaguar,British
4,2004,albert_park,Melbourne,5.278,16,button,British,bar,British
14,2004,albert_park,Melbourne,5.278,16,fisichella,Italian,sauber,Swiss
2,2004,albert_park,Melbourne,5.278,16,barrichello,Brazilian,ferrari,Italian
8,2004,albert_park,Melbourne,5.278,16,ralf_schumacher,German,williams,British
1,2004,albert_park,Melbourne,5.278,16,michael_schumacher,German,ferrari,Italian
3,2004,albert_park,Melbourne,5.278,16,montoya,Colombian,williams,British
19,2004,albert_park,Melbourne,5.278,16,klien,Austrian,jaguar,British
13,2004,albert_park,Melbourne,5.278,16,matta,Brazilian,toyota,Japanese
18,2004,albert_park,Melbourne,5.278,16,panis,French,toyota,Japanese
16,2004,albert_park,Melbourne,5.278,16,pantano,Italian,jordan,Irish
20,2004,albert_park,Melbourne,5.278,16,bruni,Italian,minardi,Italian
17,2004,albert_park,Melbourne,5.278,16,baumgartner,Hungarian,minardi,Italian
15,2004,sepang,Kuala Lumpur,5.543,15,heidfeld,German,jordan,Irish
14,2004,bahrain,Sakhir,5.412,15,webber,Australian,jaguar,British
2,2005,suzuka,Suzuka,5.807,18,button,British,bar,British
3,2005,suzuka,Suzuka,5.807,18,fisichella,Italian,renault,French
9,2005,suzuka,Suzuka,5.807,18,barrichello,Brazilian,ferrari,Italian
1,2005,suzuka,Suzuka,5.807,18,ralf_schumacher,German,toyota,Japanese
13,2005,suzuka,Suzuka,5.807,18,albers,Dutch,minardi,Italian
11,2005,interlagos,São Paulo,4.309,15,monteiro,Portuguese,jordan,Irish
20,2005,interlagos,São Paulo,4.309,15,villeneuve,Canadian,sauber,Swiss
18,2005,interlagos,São Paulo,4.309,15,doornbos,Dutch,minardi,Italian
8,2005,suzuka,Suzuka,5.807,18,villeneuve,Canadian,sauber,Swiss
15,2005,suzuka,Suzuka,5.807,18,doornbos,Dutch,minardi,Italian
11,2005,suzuka,Suzuka,5.807,18,karthikeyan,Indian,jordan,Irish
12,2005,suzuka,Suzuka,5.807,18,pizzonia,Brazilian,williams,British
1,2005,shanghai,Shanghai,5.451,16,alonso,Spanish,renault,French
6,2005,suzuka,Suzuka,5.807,18,coulthard,British,red_bull,Austrian
19,2005,suzuka,Suzuka,5.807,18,trulli,Italian,toyota,Japanese
7,2005,suzuka,Suzuka,5.807,18,webber,Australian,williams,British
7,2005,shanghai,Shanghai,5.451,16,coulthard,British,red_bull,Austrian
12,2005,shanghai,Shanghai,5.451,16,trulli,Italian,toyota,Japanese
10,2005,shanghai,Shanghai,5.451,16,webber,Australian,williams,British
4,2005,shanghai,Shanghai,5.451,16,button,British,bar,British
2,2005,shanghai,Shanghai,5.451,16,fisichella,Italian,renault,French
14,2005,suzuka,Suzuka,5.807,18,michael_schumacher,German,ferrari,Italian
4,2005,suzuka,Suzuka,5.807,18,klien,Austrian,red_bull,Austrian
20,2005,suzuka,Suzuka,5.807,18,monteiro,Portuguese,jordan,Irish
5,2005,albert_park,Melbourne,5.278,16,coulthard,British,red_bull,Austrian
2,2005,albert_park,Melbourne,5.278,16,trulli,Italian,toyota,Japanese
6,2005,albert_park,Melbourne,5.278,16,klien,Austrian,red_bull,Austrian
7,2005,albert_park,Melbourne,5.278,16,heidfeld,German,williams,British
13,2005,albert_park,Melbourne,5.278,16,alonso,Spanish,renault,French
3,2005,albert_park,Melbourne,5.278,16,webber,Australian,williams,British
17,2005,shanghai,Shanghai,5.451,16,sato,Japanese,bar,British
11,2005,shanghai,Shanghai,5.451,16,massa,Brazilian,sauber,Swiss
12,2005,spa,Spa,7.004,20,barrichello,Brazilian,ferrari,Italian
5,2005,spa,Spa,7.004,20,ralf_schumacher,German,toyota,Japanese
18,2005,spa,Spa,7.004,20,albers,Dutch,minardi,Italian
6,2005,shanghai,Shanghai,5.451,16,michael_schumacher,German,ferrari,Italian
5,2005,shanghai,Shanghai,5.451,16,montoya,Colombian,mclaren,British
14,2005,shanghai,Shanghai,5.451,16,klien,Austrian,red_bull,Austrian
19,2005,shanghai,Shanghai,5.451,16,monteiro,Portuguese,jordan,Irish
16,2005,shanghai,Shanghai,5.451,16,villeneuve,Canadian,sauber,Swiss
17,2005,spa,Spa,7.004,20,doornbos,Dutch,minardi,Italian
20,2005,spa,Spa,7.004,20,karthikeyan,Indian,jordan,Irish
15,2005,spa,Spa,7.004,20,pizzonia,Brazilian,williams,British
11,2005,spa,Spa,7.004,20,coulthard,British,red_bull,Austrian
3,2005,spa,Spa,7.004,20,trulli,Italian,toyota,Japanese
9,2005,spa,Spa,7.004,20,webber,Australian,williams,British
8,2005,spa,Spa,7.004,20,button,British,bar,British
13,2005,spa,Spa,7.004,20,fisichella,Italian,renault,French
12,2005,interlagos,São Paulo,4.309,15,webber,Australian,williams,British
4,2005,interlagos,São Paulo,4.309,15,button,British,bar,British
3,2005,interlagos,São Paulo,4.309,15,fisichella,Italian,renault,French
6,2005,spa,Spa,7.004,20,michael_schumacher,German,ferrari,Italian
1,2005,spa,Spa,7.004,20,montoya,Colombian,mclaren,British
16,2005,spa,Spa,7.004,20,klien,Austrian,red_bull,Austrian
19,2005,spa,Spa,7.004,20,monteiro,Portuguese,jordan,Irish
14,2005,spa,Spa,7.004,20,villeneuve,Canadian,sauber,Swiss
15,2005,interlagos,São Paulo,4.309,15,karthikeyan,Indian,jordan,Irish
10,2005,suzuka,Suzuka,5.807,18,massa,Brazilian,sauber,Swiss
5,2005,suzuka,Suzuka,5.807,18,sato,Japanese,bar,British
1,2005,interlagos,São Paulo,4.309,15,alonso,Spanish,renault,French
5,2005,interlagos,São Paulo,4.309,15,raikkonen,Finnish,mclaren,British
19,2005,interlagos,São Paulo,4.309,15,sato,Japanese,bar,British
8,2005,interlagos,São Paulo,4.309,15,massa,Brazilian,sauber,Swiss
17,2005,interlagos,São Paulo,4.309,15,trulli,Italian,toyota,Japanese
15,2005,istanbul,Istanbul,5.338,14,albers,Dutch,minardi,Italian
19,2005,istanbul,Istanbul,5.338,14,michael_schumacher,German,ferrari,Italian
4,2005,istanbul,Istanbul,5.338,14,montoya,Colombian,mclaren,British
10,2005,istanbul,Istanbul,5.338,14,klien,Austrian,red_bull,Austrian
14,2005,istanbul,Istanbul,5.338,14,monteiro,Portuguese,jordan,Irish
1,2005,monza,Monza,5.793,11,montoya,Colombian,mclaren,British
17,2005,istanbul,Istanbul,5.338,14,doornbos,Dutch,minardi,Italian
18,2005,istanbul,Istanbul,5.338,14,karthikeyan,Indian,jordan,Irish
2,2005,monza,Monza,5.793,11,alonso,Spanish,renault,French
11,2005,monza,Monza,5.793,11,raikkonen,Finnish,mclaren,British
4,2005,monza,Monza,5.793,11,sato,Japanese,bar,British
15,2005,monza,Monza,5.793,11,massa,Brazilian,sauber,Swiss
10,2005,monza,Monza,5.793,11,coulthard,British,red_bull,Austrian
10,2005,hockenheimring,Hockenheim,4.574,16,klien,Austrian,red_bull,Austrian
7,2005,hockenheimring,Hockenheim,4.574,16,heidfeld,German,williams,British
3,2005,hockenheimring,Hockenheim,4.574,16,alonso,Spanish,renault,French
1,2005,hockenheimring,Hockenheim,4.574,16,raikkonen,Finnish,mclaren,British
8,2005,hockenheimring,Hockenheim,4.574,16,sato,Japanese,bar,British
13,2005,hockenheimring,Hockenheim,4.574,16,massa,Brazilian,sauber,Swiss
11,2005,hockenheimring,Hockenheim,4.574,16,coulthard,British,red_bull,Austrian
9,2005,hockenheimring,Hockenheim,4.574,16,trulli,Italian,toyota,Japanese
10,2005,hungaroring,Budapest,4.381,14,sato,Japanese,bar,British
2,2005,hockenheimring,Hockenheim,4.574,16,button,British,bar,British
4,2005,hockenheimring,Hockenheim,4.574,16,fisichella,Italian,renault,French
9,2005,interlagos,São Paulo,4.309,15,barrichello,Brazilian,ferrari,Italian
10,2005,interlagos,São Paulo,4.309,15,ralf_schumacher,German,toyota,Japanese
16,2005,interlagos,São Paulo,4.309,15,albers,Dutch,minardi,Italian
7,2005,interlagos,São Paulo,4.309,15,michael_schumacher,German,ferrari,Italian
2,2005,interlagos,São Paulo,4.309,15,montoya,Colombian,mclaren,British
6,2005,interlagos,São Paulo,4.309,15,klien,Austrian,red_bull,Austrian
2,2005,spa,Spa,7.004,20,raikkonen,Finnish,mclaren,British
14,2005,monza,Monza,5.793,11,webber,Australian,williams,British
17,2005,hockenheimring,Hockenheim,4.574,16,doornbos,Dutch,minardi,Italian
19,2005,hockenheimring,Hockenheim,4.574,16,karthikeyan,Indian,jordan,Irish
12,2005,hungaroring,Budapest,4.381,14,heidfeld,German,williams,British
6,2005,hungaroring,Budapest,4.381,14,alonso,Spanish,renault,French
4,2005,hungaroring,Budapest,4.381,14,raikkonen,Finnish,mclaren,British
3,2005,istanbul,Istanbul,5.338,14,alonso,Spanish,renault,French
14,2005,hungaroring,Budapest,4.381,14,massa,Brazilian,sauber,Swiss
3,2005,hungaroring,Budapest,4.381,14,trulli,Italian,toyota,Japanese
16,2005,hungaroring,Budapest,4.381,14,webber,Australian,williams,British
8,2005,hungaroring,Budapest,4.381,14,button,British,bar,British
9,2005,hungaroring,Budapest,4.381,14,fisichella,Italian,renault,French
7,2005,hungaroring,Budapest,4.381,14,barrichello,Brazilian,ferrari,Italian
5,2005,hungaroring,Budapest,4.381,14,ralf_schumacher,German,toyota,Japanese
7,2005,silverstone,Silverstone,5.891,18,sato,Japanese,bar,British
7,2005,magny_cours,Magny Cours,4.411,16,button,British,bar,British
6,2005,magny_cours,Magny Cours,4.411,16,fisichella,Italian,renault,French
5,2005,magny_cours,Magny Cours,4.411,16,barrichello,Brazilian,ferrari,Italian
11,2005,magny_cours,Magny Cours,4.411,16,ralf_schumacher,German,toyota,Japanese
20,2005,magny_cours,Magny Cours,4.411,16,albers,Dutch,minardi,Italian
3,2005,magny_cours,Magny Cours,4.411,16,michael_schumacher,German,ferrari,Italian
8,2005,magny_cours,Magny Cours,4.411,16,montoya,Colombian,mclaren,British
8,2005,silverstone,Silverstone,5.891,18,ralf_schumacher,German,toyota,Japanese
19,2005,magny_cours,Magny Cours,4.411,16,monteiro,Portuguese,jordan,Irish
10,2005,magny_cours,Magny Cours,4.411,16,villeneuve,Canadian,sauber,Swiss
8,2005,istanbul,Istanbul,5.338,14,massa,Brazilian,sauber,Swiss
12,2005,istanbul,Istanbul,5.338,14,coulthard,British,red_bull,Austrian
5,2005,istanbul,Istanbul,5.338,14,trulli,Italian,toyota,Japanese
7,2005,istanbul,Istanbul,5.338,14,webber,Australian,williams,British
13,2005,istanbul,Istanbul,5.338,14,button,British,bar,British
5,2005,monza,Monza,5.793,11,trulli,Italian,toyota,Japanese
11,2005,istanbul,Istanbul,5.338,14,barrichello,Brazilian,ferrari,Italian
9,2005,istanbul,Istanbul,5.338,14,ralf_schumacher,German,toyota,Japanese
4,2005,silverstone,Silverstone,5.891,18,trulli,Italian,toyota,Japanese
11,2005,silverstone,Silverstone,5.891,18,webber,Australian,williams,British
2,2005,silverstone,Silverstone,5.891,18,button,British,bar,British
6,2005,silverstone,Silverstone,5.891,18,fisichella,Italian,renault,French
5,2005,silverstone,Silverstone,5.891,18,barrichello,Brazilian,ferrari,Italian
6,2005,hockenheimring,Hockenheim,4.574,16,webber,Australian,williams,British
18,2005,silverstone,Silverstone,5.891,18,albers,Dutch,minardi,Italian
9,2005,silverstone,Silverstone,5.891,18,michael_schumacher,German,ferrari,Italian
3,2005,silverstone,Silverstone,5.891,18,montoya,Colombian,mclaren,British
15,2005,silverstone,Silverstone,5.891,18,klien,Austrian,red_bull,Austrian
20,2005,silverstone,Silverstone,5.891,18,monteiro,Portuguese,jordan,Irish
10,2005,silverstone,Silverstone,5.891,18,villeneuve,Canadian,sauber,Swiss
17,2005,silverstone,Silverstone,5.891,18,karthikeyan,Indian,jordan,Irish
8,2005,villeneuve,Montreal,4.361,14,villeneuve,Canadian,sauber,Swiss
7,2005,villeneuve,Montreal,4.361,14,raikkonen,Finnish,mclaren,British
6,2005,villeneuve,Montreal,4.361,14,sato,Japanese,bar,British
11,2005,villeneuve,Montreal,4.361,14,massa,Brazilian,sauber,Swiss
12,2005,villeneuve,Montreal,4.361,14,coulthard,British,red_bull,Austrian
9,2005,villeneuve,Montreal,4.361,14,trulli,Italian,toyota,Japanese
14,2005,villeneuve,Montreal,4.361,14,webber,Australian,williams,British
1,2005,villeneuve,Montreal,4.361,14,button,British,bar,British
20,2005,indianapolis,Indianapolis,4.192,13,friesacher,Austrian,minardi,Italian
20,2005,villeneuve,Montreal,4.361,14,barrichello,Brazilian,ferrari,Italian
10,2005,villeneuve,Montreal,4.361,14,ralf_schumacher,German,toyota,Japanese
15,2005,hockenheimring,Hockenheim,4.574,16,barrichello,Brazilian,ferrari,Italian
12,2005,hockenheimring,Hockenheim,4.574,16,ralf_schumacher,German,toyota,Japanese
16,2005,hockenheimring,Hockenheim,4.574,16,albers,Dutch,minardi,Italian
5,2005,hockenheimring,Hockenheim,4.574,16,michael_schumacher,German,ferrari,Italian
20,2005,hockenheimring,Hockenheim,4.574,16,montoya,Colombian,mclaren,British
17,2005,hungaroring,Budapest,4.381,14,albers,Dutch,minardi,Italian
18,2005,hockenheimring,Hockenheim,4.574,16,monteiro,Portuguese,jordan,Irish
14,2005,hockenheimring,Hockenheim,4.574,16,villeneuve,Canadian,sauber,Swiss
7,2005,indianapolis,Indianapolis,4.192,13,barrichello,Brazilian,ferrari,Italian
18,2005,indianapolis,Indianapolis,4.192,13,albers,Dutch,minardi,Italian
5,2005,indianapolis,Indianapolis,4.192,13,michael_schumacher,German,ferrari,Italian
17,2005,indianapolis,Indianapolis,4.192,13,monteiro,Portuguese,jordan,Irish
19,2005,indianapolis,Indianapolis,4.192,13,karthikeyan,Indian,jordan,Irish
16,2005,magny_cours,Magny Cours,4.411,16,klien,Austrian,red_bull,Austrian
14,2005,magny_cours,Magny Cours,4.411,16,heidfeld,German,williams,British
1,2005,magny_cours,Magny Cours,4.411,16,alonso,Spanish,renault,French
13,2005,magny_cours,Magny Cours,4.411,16,raikkonen,Finnish,mclaren,British
4,2005,magny_cours,Magny Cours,4.411,16,sato,Japanese,bar,British
9,2005,magny_cours,Magny Cours,4.411,16,massa,Brazilian,sauber,Swiss
15,2005,magny_cours,Magny Cours,4.411,16,coulthard,British,red_bull,Austrian
2,2005,magny_cours,Magny Cours,4.411,16,trulli,Italian,toyota,Japanese
11,2005,nurburgring,Nürburg,5.148,15,massa,Brazilian,sauber,Swiss
4,2005,monaco,Monte-Carlo,3.337,19,fisichella,Italian,renault,French
10,2005,monaco,Monte-Carlo,3.337,19,barrichello,Brazilian,ferrari,Italian
18,2005,monaco,Monte-Carlo,3.337,19,ralf_schumacher,German,toyota,Japanese
12,2005,monaco,Monte-Carlo,3.337,19,liuzzi,Italian,red_bull,Austrian
14,2005,monaco,Monte-Carlo,3.337,19,albers,Dutch,minardi,Italian
8,2005,monaco,Monte-Carlo,3.337,19,michael_schumacher,German,ferrari,Italian
16,2005,monaco,Monte-Carlo,3.337,19,montoya,Colombian,mclaren,British
20,2005,nurburgring,Nürburg,5.148,15,albers,Dutch,minardi,Italian
9,2005,monaco,Monte-Carlo,3.337,19,villeneuve,Canadian,sauber,Swiss
17,2005,monaco,Monte-Carlo,3.337,19,karthikeyan,Indian,jordan,Irish
17,2005,magny_cours,Magny Cours,4.411,16,karthikeyan,Indian,jordan,Irish
18,2005,magny_cours,Magny Cours,4.411,16,friesacher,Austrian,minardi,Italian
14,2005,silverstone,Silverstone,5.891,18,heidfeld,German,williams,British
1,2005,silverstone,Silverstone,5.891,18,alonso,Spanish,renault,French
12,2005,silverstone,Silverstone,5.891,18,raikkonen,Finnish,mclaren,British
19,2005,silverstone,Silverstone,5.891,18,friesacher,Austrian,minardi,Italian
16,2005,silverstone,Silverstone,5.891,18,massa,Brazilian,sauber,Swiss
13,2005,silverstone,Silverstone,5.891,18,coulthard,British,red_bull,Austrian
13,2005,nurburgring,Nürburg,5.148,15,button,British,bar,British
9,2005,nurburgring,Nürburg,5.148,15,fisichella,Italian,renault,French
7,2005,nurburgring,Nürburg,5.148,15,barrichello,Brazilian,ferrari,Italian
8,2005,nurburgring,Nürburg,5.148,15,ralf_schumacher,German,toyota,Japanese
14,2005,nurburgring,Nürburg,5.148,15,liuzzi,Italian,red_bull,Austrian
4,2005,villeneuve,Montreal,4.361,14,fisichella,Italian,renault,French
10,2005,nurburgring,Nürburg,5.148,15,michael_schumacher,German,ferrari,Italian
5,2005,nurburgring,Nürburg,5.148,15,montoya,Colombian,mclaren,British
17,2005,nurburgring,Nürburg,5.148,15,monteiro,Portuguese,jordan,Irish
15,2005,nurburgring,Nürburg,5.148,15,villeneuve,Canadian,sauber,Swiss
19,2005,nurburgring,Nürburg,5.148,15,karthikeyan,Indian,jordan,Irish
18,2005,nurburgring,Nürburg,5.148,15,friesacher,Austrian,minardi,Italian
13,2005,villeneuve,Montreal,4.361,14,heidfeld,German,williams,British
16,2005,catalunya,Montmeló,4.657,14,barrichello,Brazilian,ferrari,Italian
7,2005,imola,Imola,4.909,19,wurz,Austrian,mclaren,British
20,2005,imola,Imola,4.909,19,albers,Dutch,minardi,Italian
13,2005,imola,Imola,4.909,19,michael_schumacher,German,ferrari,Italian
17,2005,imola,Imola,4.909,19,monteiro,Portuguese,jordan,Irish
11,2005,imola,Imola,4.909,19,villeneuve,Canadian,sauber,Swiss
16,2005,imola,Imola,4.909,19,karthikeyan,Indian,jordan,Irish
19,2005,imola,Imola,4.909,19,friesacher,Austrian,minardi,Italian
13,2005,catalunya,Montmeló,4.657,14,karthikeyan,Indian,jordan,Irish
3,2005,catalunya,Montmeló,4.657,14,alonso,Spanish,renault,French
1,2005,catalunya,Montmeló,4.657,14,raikkonen,Finnish,mclaren,British
15,2005,villeneuve,Montreal,4.361,14,albers,Dutch,minardi,Italian
2,2005,villeneuve,Montreal,4.361,14,michael_schumacher,German,ferrari,Italian
5,2005,villeneuve,Montreal,4.361,14,montoya,Colombian,mclaren,British
16,2005,villeneuve,Montreal,4.361,14,klien,Austrian,red_bull,Austrian
18,2005,villeneuve,Montreal,4.361,14,monteiro,Portuguese,jordan,Irish
12,2005,magny_cours,Magny Cours,4.411,16,webber,Australian,williams,British
17,2005,villeneuve,Montreal,4.361,14,karthikeyan,Indian,jordan,Irish
19,2005,villeneuve,Montreal,4.361,14,friesacher,Austrian,minardi,Italian
14,2005,catalunya,Montmeló,4.657,14,albers,Dutch,minardi,Italian
8,2005,catalunya,Montmeló,4.657,14,michael_schumacher,German,ferrari,Italian
7,2005,catalunya,Montmeló,4.657,14,montoya,Colombian,mclaren,British
18,2005,catalunya,Montmeló,4.657,14,monteiro,Portuguese,jordan,Irish
12,2005,catalunya,Montmeló,4.657,14,villeneuve,Canadian,sauber,Swiss
15,2005,monaco,Monte-Carlo,3.337,19,monteiro,Portuguese,jordan,Irish
15,2005,catalunya,Montmeló,4.657,14,friesacher,Austrian,minardi,Italian
6,2005,monaco,Monte-Carlo,3.337,19,heidfeld,German,williams,British
2,2005,monaco,Monte-Carlo,3.337,19,alonso,Spanish,renault,French
1,2005,monaco,Monte-Carlo,3.337,19,raikkonen,Finnish,mclaren,British
11,2005,monaco,Monte-Carlo,3.337,19,massa,Brazilian,sauber,Swiss
7,2005,monaco,Monte-Carlo,3.337,19,coulthard,British,red_bull,Austrian
5,2005,monaco,Monte-Carlo,3.337,19,trulli,Italian,toyota,Japanese
15,2005,bahrain,Sakhir,5.412,15,villeneuve,Canadian,sauber,Swiss
4,2005,bahrain,Sakhir,5.412,15,heidfeld,German,williams,British
1,2005,bahrain,Sakhir,5.412,15,alonso,Spanish,renault,French
9,2005,bahrain,Sakhir,5.412,15,raikkonen,Finnish,mclaren,British
13,2005,bahrain,Sakhir,5.412,15,sato,Japanese,bar,British
12,2005,bahrain,Sakhir,5.412,15,massa,Brazilian,sauber,Swiss
14,2005,bahrain,Sakhir,5.412,15,coulthard,British,red_bull,Austrian
3,2005,bahrain,Sakhir,5.412,15,trulli,Italian,toyota,Japanese
18,2005,imola,Imola,4.909,19,massa,Brazilian,sauber,Swiss
11,2005,bahrain,Sakhir,5.412,15,button,British,bar,British
10,2005,bahrain,Sakhir,5.412,15,fisichella,Italian,renault,French
13,2005,monaco,Monte-Carlo,3.337,19,friesacher,Austrian,minardi,Italian
1,2005,nurburgring,Nürburg,5.148,15,heidfeld,German,williams,British
6,2005,nurburgring,Nürburg,5.148,15,alonso,Spanish,renault,French
2,2005,nurburgring,Nürburg,5.148,15,raikkonen,Finnish,mclaren,British
16,2005,nurburgring,Nürburg,5.148,15,sato,Japanese,bar,British
3,2005,villeneuve,Montreal,4.361,14,alonso,Spanish,renault,French
12,2005,nurburgring,Nürburg,5.148,15,coulthard,British,red_bull,Austrian
4,2005,nurburgring,Nürburg,5.148,15,trulli,Italian,toyota,Japanese
19,2005,bahrain,Sakhir,5.412,15,friesacher,Austrian,minardi,Italian
8,2005,imola,Imola,4.909,19,heidfeld,German,williams,British
2,2005,imola,Imola,4.909,19,alonso,Spanish,renault,French
1,2005,imola,Imola,4.909,19,raikkonen,Finnish,mclaren,British
6,2005,imola,Imola,4.909,19,sato,Japanese,bar,British
17,2005,catalunya,Montmeló,4.657,14,heidfeld,German,williams,British
14,2005,imola,Imola,4.909,19,coulthard,British,red_bull,Austrian
5,2005,imola,Imola,4.909,19,trulli,Italian,toyota,Japanese
4,2005,imola,Imola,4.909,19,webber,Australian,williams,British
3,2005,imola,Imola,4.909,19,button,British,bar,British
12,2005,imola,Imola,4.909,19,fisichella,Italian,renault,French
9,2005,imola,Imola,4.909,19,barrichello,Brazilian,ferrari,Italian
10,2005,imola,Imola,4.909,19,ralf_schumacher,German,toyota,Japanese
14,2005,sepang,Kuala Lumpur,5.543,15,massa,Brazilian,sauber,Swiss
8,2005,albert_park,Melbourne,5.278,16,button,British,bar,British
1,2005,albert_park,Melbourne,5.278,16,fisichella,Italian,renault,French
11,2005,albert_park,Melbourne,5.278,16,barrichello,Brazilian,ferrari,Italian
15,2005,albert_park,Melbourne,5.278,16,ralf_schumacher,German,toyota,Japanese
17,2005,albert_park,Melbourne,5.278,16,albers,Dutch,minardi,Italian
19,2005,albert_park,Melbourne,5.278,16,michael_schumacher,German,ferrari,Italian
9,2005,albert_park,Melbourne,5.278,16,montoya,Colombian,mclaren,British
5,2005,sepang,Kuala Lumpur,5.543,15,ralf_schumacher,German,toyota,Japanese
14,2005,albert_park,Melbourne,5.278,16,monteiro,Portuguese,jordan,Irish
4,2005,albert_park,Melbourne,5.278,16,villeneuve,Canadian,sauber,Swiss
10,2005,catalunya,Montmeló,4.657,14,massa,Brazilian,sauber,Swiss
9,2005,catalunya,Montmeló,4.657,14,coulthard,British,red_bull,Austrian
5,2005,catalunya,Montmeló,4.657,14,trulli,Italian,toyota,Japanese
2,2005,catalunya,Montmeló,4.657,14,webber,Australian,williams,British
6,2005,catalunya,Montmeló,4.657,14,fisichella,Italian,renault,French
3,2005,monaco,Monte-Carlo,3.337,19,webber,Australian,williams,British
4,2005,catalunya,Montmeló,4.657,14,ralf_schumacher,German,toyota,Japanese
11,2005,catalunya,Montmeló,4.657,14,liuzzi,Italian,red_bull,Austrian
1,2005,sepang,Kuala Lumpur,5.543,15,alonso,Spanish,renault,French
6,2005,sepang,Kuala Lumpur,5.543,15,raikkonen,Finnish,mclaren,British
20,2005,sepang,Kuala Lumpur,5.543,15,friesacher,Austrian,minardi,Italian
8,2005,sepang,Kuala Lumpur,5.543,15,coulthard,British,red_bull,Austrian
2,2005,sepang,Kuala Lumpur,5.543,15,trulli,Italian,toyota,Japanese
10,2005,albert_park,Melbourne,5.278,16,raikkonen,Finnish,mclaren,British
20,2005,albert_park,Melbourne,5.278,16,sato,Japanese,bar,British
18,2005,albert_park,Melbourne,5.278,16,massa,Brazilian,sauber,Swiss
3,2005,sepang,Kuala Lumpur,5.543,15,fisichella,Italian,renault,French
12,2005,sepang,Kuala Lumpur,5.543,15,barrichello,Brazilian,ferrari,Italian
5,2005,bahrain,Sakhir,5.412,15,webber,Australian,williams,British
19,2005,sepang,Kuala Lumpur,5.543,15,albers,Dutch,minardi,Italian
13,2005,sepang,Kuala Lumpur,5.543,15,michael_schumacher,German,ferrari,Italian
12,2005,albert_park,Melbourne,5.278,16,karthikeyan,Indian,jordan,Irish
16,2005,albert_park,Melbourne,5.278,16,friesacher,Austrian,minardi,Italian
10,2005,sepang,Kuala Lumpur,5.543,15,heidfeld,German,williams,British
11,2005,sepang,Kuala Lumpur,5.543,15,montoya,Colombian,mclaren,British
7,2005,sepang,Kuala Lumpur,5.543,15,klien,Austrian,red_bull,Austrian
18,2005,sepang,Kuala Lumpur,5.543,15,monteiro,Portuguese,jordan,Irish
16,2005,sepang,Kuala Lumpur,5.543,15,villeneuve,Canadian,sauber,Swiss
17,2005,sepang,Kuala Lumpur,5.543,15,karthikeyan,Indian,jordan,Irish
4,2005,sepang,Kuala Lumpur,5.543,15,webber,Australian,williams,British
9,2005,sepang,Kuala Lumpur,5.543,15,button,British,bar,British
15,2005,sepang,Kuala Lumpur,5.543,15,davidson,British,bar,British
20,2005,bahrain,Sakhir,5.412,15,barrichello,Brazilian,ferrari,Italian
6,2005,bahrain,Sakhir,5.412,15,ralf_schumacher,German,toyota,Japanese
18,2005,bahrain,Sakhir,5.412,15,albers,Dutch,minardi,Italian
2,2005,bahrain,Sakhir,5.412,15,michael_schumacher,German,ferrari,Italian
16,2005,bahrain,Sakhir,5.412,15,monteiro,Portuguese,jordan,Irish
15,2005,imola,Imola,4.909,19,liuzzi,Italian,red_bull,Austrian
8,2005,bahrain,Sakhir,5.412,15,rosa,Spanish,mclaren,British
17,2005,bahrain,Sakhir,5.412,15,karthikeyan,Indian,jordan,Irish
3,2005,monza,Monza,5.793,11,button,British,bar,British
8,2005,monza,Monza,5.793,11,fisichella,Italian,renault,French
7,2005,monza,Monza,5.793,11,barrichello,Brazilian,ferrari,Italian
9,2005,monza,Monza,5.793,11,ralf_schumacher,German,toyota,Japanese
20,2005,monza,Monza,5.793,11,albers,Dutch,minardi,Italian
6,2005,monza,Monza,5.793,11,michael_schumacher,German,ferrari,Italian
13,2005,monza,Monza,5.793,11,klien,Austrian,red_bull,Austrian
17,2005,monza,Monza,5.793,11,monteiro,Portuguese,jordan,Irish
12,2005,monza,Monza,5.793,11,villeneuve,Canadian,sauber,Swiss
18,2005,monza,Monza,5.793,11,doornbos,Dutch,minardi,Italian
19,2005,monza,Monza,5.793,11,karthikeyan,Indian,jordan,Irish
16,2005,monza,Monza,5.793,11,pizzonia,Brazilian,williams,British
4,2005,spa,Spa,7.004,20,alonso,Spanish,renault,French
2,2005,istanbul,Istanbul,5.338,14,fisichella,Italian,renault,French
1,2005,hungaroring,Budapest,4.381,14,michael_schumacher,German,ferrari,Italian
2,2005,hungaroring,Budapest,4.381,14,montoya,Colombian,mclaren,British
20,2005,hungaroring,Budapest,4.381,14,monteiro,Portuguese,jordan,Irish
15,2005,hungaroring,Budapest,4.381,14,villeneuve,Canadian,sauber,Swiss
19,2005,hungaroring,Budapest,4.381,14,doornbos,Dutch,minardi,Italian
18,2005,hungaroring,Budapest,4.381,14,karthikeyan,Indian,jordan,Irish
6,2005,istanbul,Istanbul,5.338,14,heidfeld,German,williams,British
16,2005,istanbul,Istanbul,5.338,14,villeneuve,Canadian,sauber,Swiss
1,2005,istanbul,Istanbul,5.338,14,raikkonen,Finnish,mclaren,British
20,2005,istanbul,Istanbul,5.338,14,sato,Japanese,bar,British
20,2005,shanghai,Shanghai,5.451,16,doornbos,Dutch,minardi,Italian
15,2005,shanghai,Shanghai,5.451,16,karthikeyan,Indian,jordan,Irish
13,2005,shanghai,Shanghai,5.451,16,pizzonia,Brazilian,williams,British
8,2005,shanghai,Shanghai,5.451,16,barrichello,Brazilian,ferrari,Italian
9,2005,shanghai,Shanghai,5.451,16,ralf_schumacher,German,toyota,Japanese
18,2005,shanghai,Shanghai,5.451,16,albers,Dutch,minardi,Italian
10,2005,spa,Spa,7.004,20,sato,Japanese,bar,British
7,2005,spa,Spa,7.004,20,massa,Brazilian,sauber,Swiss
16,2005,suzuka,Suzuka,5.807,18,alonso,Spanish,renault,French
17,2005,suzuka,Suzuka,5.807,18,raikkonen,Finnish,mclaren,British
3,2005,shanghai,Shanghai,5.451,16,raikkonen,Finnish,mclaren,British
17,2006,imola,Imola,4.909,19,klien,Austrian,red_bull,Austrian
19,2006,imola,Imola,4.909,19,monteiro,Portuguese,mf1,Russian
5,2006,sepang,Kuala Lumpur,5.543,15,montoya,Colombian,mclaren,British
18,2006,albert_park,Melbourne,5.278,16,speed,American,toro_rosso,Italian
8,2006,sepang,Kuala Lumpur,5.543,15,klien,Austrian,red_bull,Austrian
16,2006,sepang,Kuala Lumpur,5.543,15,monteiro,Portuguese,mf1,Russian
18,2006,sepang,Kuala Lumpur,5.543,15,ide,Japanese,super_aguri,Japanese
10,2006,sepang,Kuala Lumpur,5.543,15,villeneuve,Canadian,bmw_sauber,German
8,2006,albert_park,Melbourne,5.278,16,heidfeld,German,bmw_sauber,German
3,2006,albert_park,Melbourne,5.278,16,alonso,Spanish,renault,French
4,2006,albert_park,Melbourne,5.278,16,raikkonen,Finnish,mclaren,British
15,2006,imola,Imola,4.909,19,heidfeld,German,bmw_sauber,German
11,2006,albert_park,Melbourne,5.278,16,coulthard,British,red_bull,Austrian
7,2006,albert_park,Melbourne,5.278,16,webber,Australian,williams,British
1,2006,albert_park,Melbourne,5.278,16,button,British,honda,Japanese
2,2006,albert_park,Melbourne,5.278,16,fisichella,Italian,renault,French
16,2006,albert_park,Melbourne,5.278,16,barrichello,Brazilian,honda,Japanese
6,2006,albert_park,Melbourne,5.278,16,ralf_schumacher,German,toyota,Japanese
12,2006,albert_park,Melbourne,5.278,16,liuzzi,Italian,toro_rosso,Italian
10,2006,imola,Imola,4.909,19,webber,Australian,williams,British
17,2006,albert_park,Melbourne,5.278,16,albers,Dutch,mf1,Russian
10,2006,albert_park,Melbourne,5.278,16,michael_schumacher,German,ferrari,Italian
5,2006,albert_park,Melbourne,5.278,16,montoya,Colombian,mclaren,British
13,2006,albert_park,Melbourne,5.278,16,klien,Austrian,red_bull,Austrian
20,2006,albert_park,Melbourne,5.278,16,monteiro,Portuguese,mf1,Russian
22,2006,albert_park,Melbourne,5.278,16,ide,Japanese,super_aguri,Japanese
19,2006,albert_park,Melbourne,5.278,16,villeneuve,Canadian,bmw_sauber,German
4,2006,sepang,Kuala Lumpur,5.543,15,webber,Australian,williams,British
2,2006,sepang,Kuala Lumpur,5.543,15,button,British,honda,Japanese
16,2006,bahrain,Sakhir,5.412,15,speed,American,toro_rosso,Italian
1,2006,bahrain,Sakhir,5.412,15,michael_schumacher,German,ferrari,Italian
5,2006,bahrain,Sakhir,5.412,15,montoya,Colombian,mclaren,British
3,2006,sepang,Kuala Lumpur,5.543,15,rosberg,German,williams,British
7,2006,sepang,Kuala Lumpur,5.543,15,alonso,Spanish,renault,French
17,2006,sepang,Kuala Lumpur,5.543,15,sato,Japanese,super_aguri,Japanese
3,2006,interlagos,São Paulo,4.309,15,trulli,Italian,toyota,Japanese
11,2006,interlagos,São Paulo,4.309,15,webber,Australian,williams,British
14,2006,interlagos,São Paulo,4.309,15,button,British,honda,Japanese
6,2006,interlagos,São Paulo,4.309,15,fisichella,Italian,renault,French
5,2006,interlagos,São Paulo,4.309,15,barrichello,Brazilian,honda,Japanese
14,2006,shanghai,Shanghai,5.451,16,webber,Australian,williams,British
4,2006,shanghai,Shanghai,5.451,16,button,British,honda,Japanese
17,2006,interlagos,São Paulo,4.309,15,albers,Dutch,spyker_mf1,Dutch
20,2006,interlagos,São Paulo,4.309,15,yamamoto,Japanese,super_aguri,Japanese
10,2006,interlagos,São Paulo,4.309,15,michael_schumacher,German,ferrari,Italian
21,2006,interlagos,São Paulo,4.309,15,monteiro,Portuguese,spyker_mf1,Dutch
12,2006,interlagos,São Paulo,4.309,15,rosa,Spanish,mclaren,British
19,2006,shanghai,Shanghai,5.451,16,yamamoto,Japanese,super_aguri,Japanese
6,2006,shanghai,Shanghai,5.451,16,michael_schumacher,German,ferrari,Italian
5,2006,suzuka,Suzuka,5.807,18,alonso,Spanish,renault,French
2,2006,shanghai,Shanghai,5.451,16,fisichella,Italian,renault,French
3,2006,shanghai,Shanghai,5.451,16,barrichello,Brazilian,honda,Japanese
16,2006,shanghai,Shanghai,5.451,16,ralf_schumacher,German,toyota,Japanese
13,2006,shanghai,Shanghai,5.451,16,liuzzi,Italian,toro_rosso,Italian
11,2006,shanghai,Shanghai,5.451,16,speed,American,toro_rosso,Italian
7,2006,suzuka,Suzuka,5.807,18,button,British,honda,Japanese
6,2006,suzuka,Suzuka,5.807,18,fisichella,Italian,renault,French
8,2006,suzuka,Suzuka,5.807,18,barrichello,Brazilian,honda,Japanese
18,2006,shanghai,Shanghai,5.451,16,monteiro,Portuguese,spyker_mf1,Dutch
7,2006,shanghai,Shanghai,5.451,16,rosa,Spanish,mclaren,British
10,2006,shanghai,Shanghai,5.451,16,doornbos,Dutch,red_bull,Austrian
9,2006,suzuka,Suzuka,5.807,18,heidfeld,German,bmw_sauber,German
10,2006,suzuka,Suzuka,5.807,18,rosberg,German,williams,British
2,2006,suzuka,Suzuka,5.807,18,michael_schumacher,German,ferrari,Italian
11,2006,istanbul,Istanbul,5.338,14,rosa,Spanish,mclaren,British
3,2006,monza,Monza,5.793,11,heidfeld,German,bmw_sauber,German
20,2006,suzuka,Suzuka,5.807,18,sato,Japanese,super_aguri,Japanese
1,2006,suzuka,Suzuka,5.807,18,massa,Brazilian,ferrari,Italian
17,2006,suzuka,Suzuka,5.807,18,coulthard,British,red_bull,Austrian
4,2006,suzuka,Suzuka,5.807,18,trulli,Italian,toyota,Japanese
14,2006,suzuka,Suzuka,5.807,18,webber,Australian,williams,British
19,2006,interlagos,São Paulo,4.309,15,sato,Japanese,super_aguri,Japanese
14,2006,monza,Monza,5.793,11,coulthard,British,red_bull,Austrian
11,2006,monza,Monza,5.793,11,trulli,Italian,toyota,Japanese
3,2006,suzuka,Suzuka,5.807,18,ralf_schumacher,German,toyota,Japanese
15,2006,suzuka,Suzuka,5.807,18,liuzzi,Italian,toro_rosso,Italian
19,2006,suzuka,Suzuka,5.807,18,speed,American,toro_rosso,Italian
16,2006,suzuka,Suzuka,5.807,18,albers,Dutch,spyker_mf1,Dutch
22,2006,suzuka,Suzuka,5.807,18,yamamoto,Japanese,super_aguri,Japanese
17,2006,monza,Monza,5.793,11,liuzzi,Italian,toro_rosso,Italian
15,2006,interlagos,São Paulo,4.309,15,liuzzi,Italian,toro_rosso,Italian
16,2006,interlagos,São Paulo,4.309,15,speed,American,toro_rosso,Italian
12,2006,monza,Monza,5.793,11,rosberg,German,williams,British
10,2006,monza,Monza,5.793,11,alonso,Spanish,renault,French
1,2006,monza,Monza,5.793,11,raikkonen,Finnish,mclaren,British
6,2006,monza,Monza,5.793,11,kubica,Polish,bmw_sauber,German
21,2006,monza,Monza,5.793,11,sato,Japanese,super_aguri,Japanese
8,2006,shanghai,Shanghai,5.451,16,heidfeld,German,bmw_sauber,German
15,2006,shanghai,Shanghai,5.451,16,rosberg,German,williams,British
1,2006,shanghai,Shanghai,5.451,16,alonso,Spanish,renault,French
19,2006,monza,Monza,5.793,11,webber,Australian,williams,British
5,2006,monza,Monza,5.793,11,button,British,honda,Japanese
9,2006,monza,Monza,5.793,11,fisichella,Italian,renault,French
8,2006,monza,Monza,5.793,11,barrichello,Brazilian,honda,Japanese
13,2006,monza,Monza,5.793,11,ralf_schumacher,German,toyota,Japanese
17,2006,shanghai,Shanghai,5.451,16,trulli,Italian,toyota,Japanese
5,2006,hungaroring,Budapest,4.381,14,webber,Australian,williams,British
14,2006,hungaroring,Budapest,4.381,14,button,British,honda,Japanese
22,2006,monza,Monza,5.793,11,yamamoto,Japanese,super_aguri,Japanese
2,2006,monza,Monza,5.793,11,michael_schumacher,German,ferrari,Italian
16,2006,monza,Monza,5.793,11,klien,Austrian,red_bull,Austrian
20,2006,monza,Monza,5.793,11,monteiro,Portuguese,spyker_mf1,Dutch
7,2006,monza,Monza,5.793,11,rosa,Spanish,mclaren,British
22,2006,shanghai,Shanghai,5.451,16,albers,Dutch,spyker_mf1,Dutch
11,2006,hungaroring,Budapest,4.381,14,michael_schumacher,German,ferrari,Italian
13,2006,hungaroring,Budapest,4.381,14,klien,Austrian,red_bull,Austrian
5,2006,shanghai,Shanghai,5.451,16,raikkonen,Finnish,mclaren,British
9,2006,shanghai,Shanghai,5.451,16,kubica,Polish,bmw_sauber,German
21,2006,shanghai,Shanghai,5.451,16,sato,Japanese,super_aguri,Japanese
20,2006,shanghai,Shanghai,5.451,16,massa,Brazilian,ferrari,Italian
12,2006,shanghai,Shanghai,5.451,16,coulthard,British,red_bull,Austrian
7,2006,istanbul,Istanbul,5.338,14,raikkonen,Finnish,mclaren,British
11,2006,suzuka,Suzuka,5.807,18,raikkonen,Finnish,mclaren,British
12,2006,suzuka,Suzuka,5.807,18,kubica,Polish,bmw_sauber,German
7,2006,hungaroring,Budapest,4.381,14,fisichella,Italian,renault,French
3,2006,hungaroring,Budapest,4.381,14,barrichello,Brazilian,honda,Japanese
6,2006,hungaroring,Budapest,4.381,14,ralf_schumacher,German,toyota,Japanese
17,2006,hungaroring,Budapest,4.381,14,liuzzi,Italian,toro_rosso,Italian
20,2006,hungaroring,Budapest,4.381,14,speed,American,toro_rosso,Italian
4,2006,istanbul,Istanbul,5.338,14,fisichella,Italian,renault,French
13,2006,istanbul,Istanbul,5.338,14,barrichello,Brazilian,honda,Japanese
15,2006,istanbul,Istanbul,5.338,14,ralf_schumacher,German,toyota,Japanese
16,2006,hungaroring,Budapest,4.381,14,monteiro,Portuguese,mf1,Russian
4,2006,hungaroring,Budapest,4.381,14,rosa,Spanish,mclaren,British
5,2006,istanbul,Istanbul,5.338,14,heidfeld,German,bmw_sauber,German
14,2006,istanbul,Istanbul,5.338,14,rosberg,German,williams,British
3,2006,istanbul,Istanbul,5.338,14,alonso,Spanish,renault,French
10,2006,istanbul,Istanbul,5.338,14,klien,Austrian,red_bull,Austrian
20,2006,magny_cours,Magny Cours,4.411,16,montagny,French,super_aguri,Japanese
8,2006,magny_cours,Magny Cours,4.411,16,rosa,Spanish,mclaren,British
1,2006,istanbul,Istanbul,5.338,14,massa,Brazilian,ferrari,Italian
16,2006,istanbul,Istanbul,5.338,14,coulthard,British,red_bull,Austrian
12,2006,istanbul,Istanbul,5.338,14,trulli,Italian,toyota,Japanese
9,2006,istanbul,Istanbul,5.338,14,webber,Australian,williams,British
6,2006,istanbul,Istanbul,5.338,14,button,British,honda,Japanese
4,2006,monza,Monza,5.793,11,massa,Brazilian,ferrari,Italian
20,2006,hockenheimring,Hockenheim,4.574,16,trulli,Italian,toyota,Japanese
11,2006,hockenheimring,Hockenheim,4.574,16,webber,Australian,williams,British
18,2006,istanbul,Istanbul,5.338,14,liuzzi,Italian,toro_rosso,Italian
17,2006,istanbul,Istanbul,5.338,14,speed,American,toro_rosso,Italian
22,2006,istanbul,Istanbul,5.338,14,albers,Dutch,mf1,Russian
20,2006,istanbul,Istanbul,5.338,14,yamamoto,Japanese,super_aguri,Japanese
2,2006,istanbul,Istanbul,5.338,14,michael_schumacher,German,ferrari,Italian
19,2006,hockenheimring,Hockenheim,4.574,16,speed,American,toro_rosso,Italian
15,2006,monza,Monza,5.793,11,speed,American,toro_rosso,Italian
18,2006,monza,Monza,5.793,11,albers,Dutch,spyker_mf1,Dutch
15,2006,hockenheimring,Hockenheim,4.574,16,heidfeld,German,bmw_sauber,German
7,2006,hockenheimring,Hockenheim,4.574,16,alonso,Spanish,renault,French
1,2006,hockenheimring,Hockenheim,4.574,16,raikkonen,Finnish,mclaren,British
17,2006,hockenheimring,Hockenheim,4.574,16,sato,Japanese,super_aguri,Japanese
3,2006,hockenheimring,Hockenheim,4.574,16,massa,Brazilian,ferrari,Italian
10,2006,hungaroring,Budapest,4.381,14,heidfeld,German,bmw_sauber,German
18,2006,hungaroring,Budapest,4.381,14,rosberg,German,williams,British
15,2006,hungaroring,Budapest,4.381,14,alonso,Spanish,renault,French
4,2006,hockenheimring,Hockenheim,4.574,16,button,British,honda,Japanese
5,2006,hockenheimring,Hockenheim,4.574,16,fisichella,Italian,renault,French
6,2006,hockenheimring,Hockenheim,4.574,16,barrichello,Brazilian,honda,Japanese
8,2006,hockenheimring,Hockenheim,4.574,16,ralf_schumacher,German,toyota,Japanese
16,2006,hockenheimring,Hockenheim,4.574,16,liuzzi,Italian,toro_rosso,Italian
8,2006,hungaroring,Budapest,4.381,14,trulli,Italian,toyota,Japanese
18,2006,indianapolis,Indianapolis,4.192,13,sato,Japanese,super_aguri,Japanese
2,2006,indianapolis,Indianapolis,4.192,13,massa,Brazilian,ferrari,Italian
2,2006,hockenheimring,Hockenheim,4.574,16,michael_schumacher,German,ferrari,Italian
12,2006,hockenheimring,Hockenheim,4.574,16,klien,Austrian,red_bull,Austrian
18,2006,hockenheimring,Hockenheim,4.574,16,monteiro,Portuguese,mf1,Russian
13,2006,hockenheimring,Hockenheim,4.574,16,villeneuve,Canadian,bmw_sauber,German
9,2006,hockenheimring,Hockenheim,4.574,16,rosa,Spanish,mclaren,British
22,2006,hungaroring,Budapest,4.381,14,albers,Dutch,mf1,Russian
20,2006,indianapolis,Indianapolis,4.192,13,liuzzi,Italian,toro_rosso,Italian
14,2006,indianapolis,Indianapolis,4.192,13,albers,Dutch,mf1,Russian
1,2006,hungaroring,Budapest,4.381,14,raikkonen,Finnish,mclaren,British
9,2006,hungaroring,Budapest,4.381,14,kubica,Polish,bmw_sauber,German
19,2006,hungaroring,Budapest,4.381,14,sato,Japanese,super_aguri,Japanese
2,2006,hungaroring,Budapest,4.381,14,massa,Brazilian,ferrari,Italian
12,2006,hungaroring,Budapest,4.381,14,coulthard,British,red_bull,Austrian
3,2006,magny_cours,Magny Cours,4.411,16,alonso,Spanish,renault,French
8,2006,istanbul,Istanbul,5.338,14,kubica,Polish,bmw_sauber,German
21,2006,istanbul,Istanbul,5.338,14,sato,Japanese,super_aguri,Japanese
17,2006,indianapolis,Indianapolis,4.192,13,coulthard,British,red_bull,Austrian
22,2006,indianapolis,Indianapolis,4.192,13,trulli,Italian,toyota,Japanese
7,2006,indianapolis,Indianapolis,4.192,13,button,British,honda,Japanese
3,2006,indianapolis,Indianapolis,4.192,13,fisichella,Italian,renault,French
4,2006,indianapolis,Indianapolis,4.192,13,barrichello,Brazilian,honda,Japanese
13,2006,magny_cours,Magny Cours,4.411,16,barrichello,Brazilian,honda,Japanese
5,2006,magny_cours,Magny Cours,4.411,16,ralf_schumacher,German,toyota,Japanese
22,2006,magny_cours,Magny Cours,4.411,16,liuzzi,Italian,toro_rosso,Italian
1,2006,indianapolis,Indianapolis,4.192,13,michael_schumacher,German,ferrari,Italian
15,2006,indianapolis,Indianapolis,4.192,13,monteiro,Portuguese,mf1,Russian
6,2006,indianapolis,Indianapolis,4.192,13,villeneuve,Canadian,bmw_sauber,German
11,2006,magny_cours,Magny Cours,4.411,16,heidfeld,German,bmw_sauber,German
18,2006,magny_cours,Magny Cours,4.411,16,rosberg,German,williams,British
16,2006,magny_cours,Magny Cours,4.411,16,villeneuve,Canadian,bmw_sauber,German
13,2006,silverstone,Silverstone,5.891,18,liuzzi,Italian,toro_rosso,Italian
15,2006,silverstone,Silverstone,5.891,18,speed,American,toro_rosso,Italian
9,2006,magny_cours,Magny Cours,4.411,16,coulthard,British,red_bull,Austrian
4,2006,magny_cours,Magny Cours,4.411,16,trulli,Italian,toyota,Japanese
10,2006,magny_cours,Magny Cours,4.411,16,webber,Australian,williams,British
17,2006,magny_cours,Magny Cours,4.411,16,button,British,honda,Japanese
7,2006,magny_cours,Magny Cours,4.411,16,fisichella,Italian,renault,French
10,2006,hockenheimring,Hockenheim,4.574,16,coulthard,British,red_bull,Austrian
21,2006,silverstone,Silverstone,5.891,18,montagny,French,super_aguri,Japanese
13,2006,villeneuve,Montreal,4.361,14,heidfeld,German,bmw_sauber,German
14,2006,magny_cours,Magny Cours,4.411,16,speed,American,toro_rosso,Italian
15,2006,magny_cours,Magny Cours,4.411,16,albers,Dutch,mf1,Russian
1,2006,magny_cours,Magny Cours,4.411,16,michael_schumacher,German,ferrari,Italian
12,2006,magny_cours,Magny Cours,4.411,16,klien,Austrian,red_bull,Austrian
19,2006,magny_cours,Magny Cours,4.411,16,monteiro,Portuguese,mf1,Russian
22,2006,villeneuve,Montreal,4.361,14,coulthard,British,red_bull,Austrian
21,2006,hockenheimring,Hockenheim,4.574,16,albers,Dutch,mf1,Russian
22,2006,hockenheimring,Hockenheim,4.574,16,yamamoto,Japanese,super_aguri,Japanese
18,2006,silverstone,Silverstone,5.891,18,albers,Dutch,mf1,Russian
3,2006,silverstone,Silverstone,5.891,18,michael_schumacher,German,ferrari,Italian
8,2006,silverstone,Silverstone,5.891,18,montoya,Colombian,mclaren,British
14,2006,silverstone,Silverstone,5.891,18,klien,Austrian,red_bull,Austrian
16,2006,silverstone,Silverstone,5.891,18,monteiro,Portuguese,mf1,Russian
17,2006,villeneuve,Montreal,4.361,14,speed,American,toro_rosso,Italian
5,2006,villeneuve,Montreal,4.361,14,michael_schumacher,German,ferrari,Italian
7,2006,villeneuve,Montreal,4.361,14,montoya,Colombian,mclaren,British
6,2006,villeneuve,Montreal,4.361,14,rosberg,German,williams,British
1,2006,villeneuve,Montreal,4.361,14,alonso,Spanish,renault,French
3,2006,villeneuve,Montreal,4.361,14,raikkonen,Finnish,mclaren,British
20,2006,villeneuve,Montreal,4.361,14,sato,Japanese,super_aguri,Japanese
10,2006,villeneuve,Montreal,4.361,14,massa,Brazilian,ferrari,Italian
5,2006,indianapolis,Indianapolis,4.192,13,alonso,Spanish,renault,French
8,2006,monaco,Monte-Carlo,3.337,19,rosberg,German,williams,British
1,2006,monaco,Monte-Carlo,3.337,19,alonso,Spanish,renault,French
8,2006,villeneuve,Montreal,4.361,14,button,British,honda,Japanese
2,2006,villeneuve,Montreal,4.361,14,fisichella,Italian,renault,French
9,2006,villeneuve,Montreal,4.361,14,barrichello,Brazilian,honda,Japanese
14,2006,villeneuve,Montreal,4.361,14,ralf_schumacher,German,toyota,Japanese
15,2006,villeneuve,Montreal,4.361,14,liuzzi,Italian,toro_rosso,Italian
8,2006,indianapolis,Indianapolis,4.192,13,ralf_schumacher,German,toyota,Japanese
13,2006,monaco,Monte-Carlo,3.337,19,button,British,honda,Japanese
9,2006,monaco,Monte-Carlo,3.337,19,fisichella,Italian,renault,French
12,2006,villeneuve,Montreal,4.361,14,klien,Austrian,red_bull,Austrian
18,2006,villeneuve,Montreal,4.361,14,monteiro,Portuguese,mf1,Russian
11,2006,villeneuve,Montreal,4.361,14,villeneuve,Canadian,bmw_sauber,German
21,2006,villeneuve,Montreal,4.361,14,montagny,French,super_aguri,Japanese
21,2006,indianapolis,Indianapolis,4.192,13,rosberg,German,williams,British
22,2006,monaco,Monte-Carlo,3.337,19,michael_schumacher,German,ferrari,Italian
6,2006,magny_cours,Magny Cours,4.411,16,raikkonen,Finnish,mclaren,British
2,2006,magny_cours,Magny Cours,4.411,16,massa,Brazilian,ferrari,Italian
3,2006,monaco,Monte-Carlo,3.337,19,raikkonen,Finnish,mclaren,British
19,2006,monaco,Monte-Carlo,3.337,19,sato,Japanese,super_aguri,Japanese
21,2006,monaco,Monte-Carlo,3.337,19,massa,Brazilian,ferrari,Italian
7,2006,monaco,Monte-Carlo,3.337,19,coulthard,British,red_bull,Austrian
6,2006,monaco,Monte-Carlo,3.337,19,trulli,Italian,toyota,Japanese
1,2006,silverstone,Silverstone,5.891,18,alonso,Spanish,renault,French
2,2006,silverstone,Silverstone,5.891,18,raikkonen,Finnish,mclaren,British
20,2006,silverstone,Silverstone,5.891,18,sato,Japanese,super_aguri,Japanese
5,2006,monaco,Monte-Carlo,3.337,19,barrichello,Brazilian,honda,Japanese
10,2006,monaco,Monte-Carlo,3.337,19,ralf_schumacher,German,toyota,Japanese
12,2006,monaco,Monte-Carlo,3.337,19,liuzzi,Italian,toro_rosso,Italian
18,2006,monaco,Monte-Carlo,3.337,19,speed,American,toro_rosso,Italian
16,2006,monaco,Monte-Carlo,3.337,19,albers,Dutch,mf1,Russian
6,2006,silverstone,Silverstone,5.891,18,barrichello,Brazilian,honda,Japanese
10,2006,nurburgring,Nürburg,5.148,15,ralf_schumacher,German,toyota,Japanese
17,2006,nurburgring,Nürburg,5.148,15,speed,American,toro_rosso,Italian
17,2006,monaco,Monte-Carlo,3.337,19,monteiro,Portuguese,mf1,Russian
14,2006,monaco,Monte-Carlo,3.337,19,villeneuve,Canadian,bmw_sauber,German
20,2006,monaco,Monte-Carlo,3.337,19,montagny,French,super_aguri,Japanese
9,2006,silverstone,Silverstone,5.891,18,heidfeld,German,bmw_sauber,German
12,2006,silverstone,Silverstone,5.891,18,rosberg,German,williams,British
10,2006,silverstone,Silverstone,5.891,18,villeneuve,Canadian,bmw_sauber,German
21,2006,nurburgring,Nürburg,5.148,15,montagny,French,super_aguri,Japanese
10,2006,catalunya,Montmeló,4.657,14,heidfeld,German,bmw_sauber,German
4,2006,silverstone,Silverstone,5.891,18,massa,Brazilian,ferrari,Italian
11,2006,silverstone,Silverstone,5.891,18,coulthard,British,red_bull,Austrian
22,2006,silverstone,Silverstone,5.891,18,trulli,Italian,toyota,Japanese
19,2006,silverstone,Silverstone,5.891,18,button,British,honda,Japanese
5,2006,silverstone,Silverstone,5.891,18,fisichella,Italian,renault,French
21,2006,catalunya,Montmeló,4.657,14,coulthard,British,red_bull,Austrian
4,2006,villeneuve,Montreal,4.361,14,trulli,Italian,toyota,Japanese
16,2006,villeneuve,Montreal,4.361,14,webber,Australian,williams,British
16,2006,nurburgring,Nürburg,5.148,15,albers,Dutch,mf1,Russian
2,2006,nurburgring,Nürburg,5.148,15,michael_schumacher,German,ferrari,Italian
8,2006,nurburgring,Nürburg,5.148,15,montoya,Colombian,mclaren,British
15,2006,nurburgring,Nürburg,5.148,15,klien,Austrian,red_bull,Austrian
18,2006,nurburgring,Nürburg,5.148,15,monteiro,Portuguese,mf1,Russian
16,2006,catalunya,Montmeló,4.657,14,speed,American,toro_rosso,Italian
18,2006,catalunya,Montmeló,4.657,14,albers,Dutch,mf1,Russian
3,2006,catalunya,Montmeló,4.657,14,michael_schumacher,German,ferrari,Italian
13,2006,catalunya,Montmeló,4.657,14,rosberg,German,williams,British
1,2006,catalunya,Montmeló,4.657,14,alonso,Spanish,renault,French
9,2006,catalunya,Montmeló,4.657,14,raikkonen,Finnish,mclaren,British
19,2006,catalunya,Montmeló,4.657,14,sato,Japanese,super_aguri,Japanese
4,2006,catalunya,Montmeló,4.657,14,massa,Brazilian,ferrari,Italian
15,2006,monaco,Monte-Carlo,3.337,19,heidfeld,German,bmw_sauber,German
13,2006,imola,Imola,4.909,19,rosberg,German,williams,British
5,2006,imola,Imola,4.909,19,alonso,Spanish,renault,French
8,2006,catalunya,Montmeló,4.657,14,button,British,honda,Japanese
2,2006,catalunya,Montmeló,4.657,14,fisichella,Italian,renault,French
5,2006,catalunya,Montmeló,4.657,14,barrichello,Brazilian,honda,Japanese
6,2006,catalunya,Montmeló,4.657,14,ralf_schumacher,German,toyota,Japanese
15,2006,catalunya,Montmeló,4.657,14,liuzzi,Italian,toro_rosso,Italian
2,2006,monaco,Monte-Carlo,3.337,19,webber,Australian,williams,British
2,2006,imola,Imola,4.909,19,button,British,honda,Japanese
11,2006,imola,Imola,4.909,19,fisichella,Italian,renault,French
12,2006,catalunya,Montmeló,4.657,14,montoya,Colombian,mclaren,British
14,2006,catalunya,Montmeló,4.657,14,klien,Austrian,red_bull,Austrian
17,2006,catalunya,Montmeló,4.657,14,monteiro,Portuguese,mf1,Russian
22,2006,catalunya,Montmeló,4.657,14,villeneuve,Canadian,bmw_sauber,German
20,2006,catalunya,Montmeló,4.657,14,montagny,French,super_aguri,Japanese
7,2006,imola,Imola,4.909,19,montoya,Colombian,mclaren,British
4,2006,monaco,Monte-Carlo,3.337,19,montoya,Colombian,mclaren,British
11,2006,monaco,Monte-Carlo,3.337,19,klien,Austrian,red_bull,Austrian
8,2006,imola,Imola,4.909,19,raikkonen,Finnish,mclaren,British
21,2006,imola,Imola,4.909,19,sato,Japanese,super_aguri,Japanese
4,2006,imola,Imola,4.909,19,massa,Brazilian,ferrari,Italian
14,2006,imola,Imola,4.909,19,coulthard,British,red_bull,Austrian
9,2006,imola,Imola,4.909,19,trulli,Italian,toyota,Japanese
5,2006,nurburgring,Nürburg,5.148,15,raikkonen,Finnish,mclaren,British
21,2006,suzuka,Suzuka,5.807,18,monteiro,Portuguese,spyker_mf1,Dutch
13,2006,suzuka,Suzuka,5.807,18,rosa,Spanish,mclaren,British
1,2006,interlagos,São Paulo,4.309,15,massa,Brazilian,ferrari,Italian
18,2006,interlagos,São Paulo,4.309,15,coulthard,British,red_bull,Austrian
7,2006,interlagos,São Paulo,4.309,15,ralf_schumacher,German,toyota,Japanese
18,2006,suzuka,Suzuka,5.807,18,doornbos,Dutch,red_bull,Austrian
8,2006,interlagos,São Paulo,4.309,15,heidfeld,German,bmw_sauber,German
4,2006,interlagos,São Paulo,4.309,15,alonso,Spanish,renault,French
2,2006,interlagos,São Paulo,4.309,15,raikkonen,Finnish,mclaren,British
9,2006,interlagos,São Paulo,4.309,15,kubica,Polish,bmw_sauber,German
22,2006,interlagos,São Paulo,4.309,15,doornbos,Dutch,red_bull,Austrian
20,2006,nurburgring,Nürburg,5.148,15,sato,Japanese,super_aguri,Japanese
3,2006,nurburgring,Nürburg,5.148,15,massa,Brazilian,ferrari,Italian
3,2006,imola,Imola,4.909,19,barrichello,Brazilian,honda,Japanese
6,2006,imola,Imola,4.909,19,ralf_schumacher,German,toyota,Japanese
16,2006,imola,Imola,4.909,19,liuzzi,Italian,toro_rosso,Italian
18,2006,imola,Imola,4.909,19,speed,American,toro_rosso,Italian
1,2006,imola,Imola,4.909,19,michael_schumacher,German,ferrari,Italian
4,2006,nurburgring,Nürburg,5.148,15,barrichello,Brazilian,honda,Japanese
22,2006,imola,Imola,4.909,19,ide,Japanese,super_aguri,Japanese
12,2006,imola,Imola,4.909,19,villeneuve,Canadian,bmw_sauber,German
13,2006,nurburgring,Nürburg,5.148,15,heidfeld,German,bmw_sauber,German
22,2006,nurburgring,Nürburg,5.148,15,rosberg,German,williams,British
1,2006,nurburgring,Nürburg,5.148,15,alonso,Spanish,renault,French
9,2006,nurburgring,Nürburg,5.148,15,villeneuve,Canadian,bmw_sauber,German
12,2006,nurburgring,Nürburg,5.148,15,coulthard,British,red_bull,Austrian
7,2006,nurburgring,Nürburg,5.148,15,trulli,Italian,toyota,Japanese
19,2006,nurburgring,Nürburg,5.148,15,webber,Australian,williams,British
6,2006,nurburgring,Nürburg,5.148,15,button,British,honda,Japanese
11,2006,nurburgring,Nürburg,5.148,15,fisichella,Italian,renault,French
7,2006,catalunya,Montmeló,4.657,14,trulli,Italian,toyota,Japanese
11,2006,catalunya,Montmeló,4.657,14,webber,Australian,williams,British
8,2006,bahrain,Sakhir,5.412,15,klien,Austrian,red_bull,Austrian
1,2006,sepang,Kuala Lumpur,5.543,15,fisichella,Italian,renault,French
20,2006,sepang,Kuala Lumpur,5.543,15,barrichello,Brazilian,honda,Japanese
22,2006,sepang,Kuala Lumpur,5.543,15,ralf_schumacher,German,toyota,Japanese
13,2006,sepang,Kuala Lumpur,5.543,15,liuzzi,Italian,toro_rosso,Italian
12,2006,sepang,Kuala Lumpur,5.543,15,speed,American,toro_rosso,Italian
15,2006,sepang,Kuala Lumpur,5.543,15,albers,Dutch,mf1,Russian
14,2006,sepang,Kuala Lumpur,5.543,15,michael_schumacher,German,ferrari,Italian
9,2006,sepang,Kuala Lumpur,5.543,15,trulli,Italian,toyota,Japanese
19,2006,bahrain,Sakhir,5.412,15,monteiro,Portuguese,mf1,Russian
21,2006,bahrain,Sakhir,5.412,15,ide,Japanese,super_aguri,Japanese
11,2006,bahrain,Sakhir,5.412,15,villeneuve,Canadian,bmw_sauber,German
11,2006,sepang,Kuala Lumpur,5.543,15,heidfeld,German,bmw_sauber,German
13,2006,bahrain,Sakhir,5.412,15,coulthard,British,red_bull,Austrian
14,2006,bahrain,Sakhir,5.412,15,trulli,Italian,toyota,Japanese
7,2006,bahrain,Sakhir,5.412,15,webber,Australian,williams,British
3,2006,bahrain,Sakhir,5.412,15,button,British,honda,Japanese
9,2006,bahrain,Sakhir,5.412,15,fisichella,Italian,renault,French
6,2006,bahrain,Sakhir,5.412,15,barrichello,Brazilian,honda,Japanese
17,2006,bahrain,Sakhir,5.412,15,ralf_schumacher,German,toyota,Japanese
15,2006,bahrain,Sakhir,5.412,15,liuzzi,Italian,toro_rosso,Italian
10,2006,bahrain,Sakhir,5.412,15,heidfeld,German,bmw_sauber,German
12,2006,bahrain,Sakhir,5.412,15,rosberg,German,williams,British
4,2006,bahrain,Sakhir,5.412,15,alonso,Spanish,renault,French
22,2006,bahrain,Sakhir,5.412,15,raikkonen,Finnish,mclaren,British
20,2006,bahrain,Sakhir,5.412,15,sato,Japanese,super_aguri,Japanese
2,2006,bahrain,Sakhir,5.412,15,massa,Brazilian,ferrari,Italian
19,2006,sepang,Kuala Lumpur,5.543,15,coulthard,British,red_bull,Austrian
21,2006,albert_park,Melbourne,5.278,16,sato,Japanese,super_aguri,Japanese
21,2006,sepang,Kuala Lumpur,5.543,15,massa,Brazilian,ferrari,Italian
11,2007,sepang,Kuala Lumpur,5.543,15,kovalainen,Finnish,renault,French
3,2007,sepang,Kuala Lumpur,5.543,15,raikkonen,Finnish,ferrari,Italian
7,2007,albert_park,Melbourne,5.278,16,webber,Australian,red_bull,Austrian
14,2007,albert_park,Melbourne,5.278,16,button,British,honda,Japanese
11,2007,albert_park,Melbourne,5.278,16,davidson,British,super_aguri,Japanese
6,2007,albert_park,Melbourne,5.278,16,fisichella,Italian,renault,French
16,2007,albert_park,Melbourne,5.278,16,barrichello,Brazilian,honda,Japanese
9,2007,albert_park,Melbourne,5.278,16,ralf_schumacher,German,toyota,Japanese
15,2007,sepang,Kuala Lumpur,5.543,15,button,British,honda,Japanese
18,2007,sepang,Kuala Lumpur,5.543,15,davidson,British,super_aguri,Japanese
17,2007,albert_park,Melbourne,5.278,16,speed,American,toro_rosso,Italian
21,2007,albert_park,Melbourne,5.278,16,albers,Dutch,spyker,Dutch
4,2007,sepang,Kuala Lumpur,5.543,15,hamilton,British,mclaren,British
5,2007,sepang,Kuala Lumpur,5.543,15,heidfeld,German,bmw_sauber,German
6,2007,sepang,Kuala Lumpur,5.543,15,rosberg,German,williams,British
2,2007,sepang,Kuala Lumpur,5.543,15,alonso,Spanish,mclaren,British
20,2007,sepang,Kuala Lumpur,5.543,15,albers,Dutch,spyker,Dutch
2,2007,bahrain,Sakhir,5.412,15,hamilton,British,mclaren,British
7,2007,sepang,Kuala Lumpur,5.543,15,kubica,Polish,bmw_sauber,German
14,2007,sepang,Kuala Lumpur,5.543,15,sato,Japanese,super_aguri,Japanese
1,2007,sepang,Kuala Lumpur,5.543,15,massa,Brazilian,ferrari,Italian
13,2007,sepang,Kuala Lumpur,5.543,15,coulthard,British,red_bull,Austrian
8,2007,sepang,Kuala Lumpur,5.543,15,trulli,Italian,toyota,Japanese
10,2007,sepang,Kuala Lumpur,5.543,15,webber,Australian,red_bull,Austrian
17,2007,bahrain,Sakhir,5.412,15,sato,Japanese,super_aguri,Japanese
1,2007,bahrain,Sakhir,5.412,15,massa,Brazilian,ferrari,Italian
12,2007,sepang,Kuala Lumpur,5.543,15,fisichella,Italian,renault,French
22,2007,sepang,Kuala Lumpur,5.543,15,barrichello,Brazilian,honda,Japanese
9,2007,sepang,Kuala Lumpur,5.543,15,ralf_schumacher,German,toyota,Japanese
16,2007,sepang,Kuala Lumpur,5.543,15,liuzzi,Italian,toro_rosso,Italian
19,2007,sepang,Kuala Lumpur,5.543,15,wurz,Austrian,williams,British
17,2007,sepang,Kuala Lumpur,5.543,15,speed,American,toro_rosso,Italian
10,2007,interlagos,São Paulo,4.309,15,rosberg,German,williams,British
4,2007,interlagos,São Paulo,4.309,15,alonso,Spanish,mclaren,British
12,2007,shanghai,Shanghai,5.451,16,trulli,Italian,toyota,Japanese
21,2007,shanghai,Shanghai,5.451,16,sutil,German,spyker,Dutch
7,2007,shanghai,Shanghai,5.451,16,webber,Australian,red_bull,Austrian
10,2007,shanghai,Shanghai,5.451,16,button,British,honda,Japanese
14,2007,shanghai,Shanghai,5.451,16,davidson,British,super_aguri,Japanese
17,2007,shanghai,Shanghai,5.451,16,vettel,German,toro_rosso,Italian
9,2007,interlagos,São Paulo,4.309,15,coulthard,British,red_bull,Austrian
8,2007,interlagos,São Paulo,4.309,15,trulli,Italian,toyota,Japanese
6,2007,shanghai,Shanghai,5.451,16,ralf_schumacher,German,toyota,Japanese
11,2007,shanghai,Shanghai,5.451,16,liuzzi,Italian,toro_rosso,Italian
19,2007,shanghai,Shanghai,5.451,16,wurz,Austrian,williams,British
22,2007,shanghai,Shanghai,5.451,16,yamamoto,Japanese,spyker,Dutch
2,2007,interlagos,São Paulo,4.309,15,hamilton,British,mclaren,British
6,2007,interlagos,São Paulo,4.309,15,heidfeld,German,bmw_sauber,German
11,2007,interlagos,São Paulo,4.309,15,barrichello,Brazilian,honda,Japanese
15,2007,interlagos,São Paulo,4.309,15,ralf_schumacher,German,toyota,Japanese
17,2007,interlagos,São Paulo,4.309,15,kovalainen,Finnish,renault,French
19,2007,interlagos,São Paulo,4.309,15,nakajima,Japanese,williams,British
3,2007,interlagos,São Paulo,4.309,15,raikkonen,Finnish,ferrari,Italian
7,2007,interlagos,São Paulo,4.309,15,kubica,Polish,bmw_sauber,German
18,2007,interlagos,São Paulo,4.309,15,sato,Japanese,super_aguri,Japanese
1,2007,interlagos,São Paulo,4.309,15,massa,Brazilian,ferrari,Italian
19,2007,albert_park,Melbourne,5.278,16,liuzzi,Italian,toro_rosso,Italian
22,2007,interlagos,São Paulo,4.309,15,yamamoto,Japanese,spyker,Dutch
21,2007,interlagos,São Paulo,4.309,15,sutil,German,spyker,Dutch
5,2007,interlagos,São Paulo,4.309,15,webber,Australian,red_bull,Austrian
16,2007,interlagos,São Paulo,4.309,15,button,British,honda,Japanese
20,2007,interlagos,São Paulo,4.309,15,davidson,British,super_aguri,Japanese
13,2007,interlagos,São Paulo,4.309,15,vettel,German,toro_rosso,Italian
12,2007,interlagos,São Paulo,4.309,15,fisichella,Italian,renault,French
9,2007,spa,Spa,7.004,20,kovalainen,Finnish,renault,French
1,2007,spa,Spa,7.004,20,raikkonen,Finnish,ferrari,Italian
11,2007,monza,Monza,5.793,11,webber,Australian,red_bull,Austrian
10,2007,monza,Monza,5.793,11,button,British,honda,Japanese
14,2007,monza,Monza,5.793,11,davidson,British,super_aguri,Japanese
16,2007,monza,Monza,5.793,11,vettel,German,toro_rosso,Italian
15,2007,monza,Monza,5.793,11,fisichella,Italian,renault,French
12,2007,monza,Monza,5.793,11,barrichello,Brazilian,honda,Japanese
7,2007,spa,Spa,7.004,20,webber,Australian,red_bull,Austrian
12,2007,spa,Spa,7.004,20,button,British,honda,Japanese
13,2007,monza,Monza,5.793,11,wurz,Austrian,williams,British
22,2007,monza,Monza,5.793,11,yamamoto,Japanese,spyker,Dutch
4,2007,spa,Spa,7.004,20,hamilton,British,mclaren,British
6,2007,spa,Spa,7.004,20,heidfeld,German,bmw_sauber,German
5,2007,spa,Spa,7.004,20,rosberg,German,williams,British
3,2007,spa,Spa,7.004,20,alonso,Spanish,mclaren,British
15,2007,spa,Spa,7.004,20,wurz,Austrian,williams,British
21,2007,spa,Spa,7.004,20,yamamoto,Japanese,spyker,Dutch
14,2007,spa,Spa,7.004,20,kubica,Polish,bmw_sauber,German
18,2007,spa,Spa,7.004,20,sato,Japanese,super_aguri,Japanese
2,2007,spa,Spa,7.004,20,massa,Brazilian,ferrari,Italian
11,2007,spa,Spa,7.004,20,coulthard,British,red_bull,Austrian
8,2007,spa,Spa,7.004,20,trulli,Italian,toyota,Japanese
19,2007,spa,Spa,7.004,20,sutil,German,spyker,Dutch
9,2007,fuji,Oyama,4.563,16,kubica,Polish,bmw_sauber,German
21,2007,fuji,Oyama,4.563,16,sato,Japanese,super_aguri,Japanese
20,2007,spa,Spa,7.004,20,davidson,British,super_aguri,Japanese
16,2007,spa,Spa,7.004,20,vettel,German,toro_rosso,Italian
22,2007,spa,Spa,7.004,20,fisichella,Italian,renault,French
17,2007,spa,Spa,7.004,20,barrichello,Brazilian,honda,Japanese
10,2007,spa,Spa,7.004,20,ralf_schumacher,German,toyota,Japanese
13,2007,spa,Spa,7.004,20,liuzzi,Italian,toro_rosso,Italian
10,2007,istanbul,Istanbul,5.338,14,fisichella,Italian,renault,French
22,2007,istanbul,Istanbul,5.338,14,barrichello,Brazilian,honda,Japanese
8,2007,istanbul,Istanbul,5.338,14,rosberg,German,williams,British
4,2007,istanbul,Istanbul,5.338,14,alonso,Spanish,mclaren,British
7,2007,istanbul,Istanbul,5.338,14,kovalainen,Finnish,renault,French
3,2007,istanbul,Istanbul,5.338,14,raikkonen,Finnish,ferrari,Italian
5,2007,istanbul,Istanbul,5.338,14,kubica,Polish,bmw_sauber,German
17,2007,istanbul,Istanbul,5.338,14,sato,Japanese,super_aguri,Japanese
8,2007,monza,Monza,5.793,11,rosberg,German,williams,British
1,2007,monza,Monza,5.793,11,alonso,Spanish,mclaren,British
9,2007,istanbul,Istanbul,5.338,14,trulli,Italian,toyota,Japanese
19,2007,istanbul,Istanbul,5.338,14,sutil,German,spyker,Dutch
12,2007,istanbul,Istanbul,5.338,14,webber,Australian,red_bull,Austrian
21,2007,istanbul,Istanbul,5.338,14,button,British,honda,Japanese
11,2007,istanbul,Istanbul,5.338,14,davidson,British,super_aguri,Japanese
18,2007,istanbul,Istanbul,5.338,14,vettel,German,toro_rosso,Italian
9,2007,monza,Monza,5.793,11,trulli,Italian,toyota,Japanese
21,2007,monza,Monza,5.793,11,sutil,German,spyker,Dutch
16,2007,istanbul,Istanbul,5.338,14,ralf_schumacher,German,toyota,Japanese
15,2007,istanbul,Istanbul,5.338,14,liuzzi,Italian,toro_rosso,Italian
14,2007,istanbul,Istanbul,5.338,14,wurz,Austrian,williams,British
20,2007,istanbul,Istanbul,5.338,14,yamamoto,Japanese,spyker,Dutch
2,2007,monza,Monza,5.793,11,hamilton,British,mclaren,British
4,2007,monza,Monza,5.793,11,heidfeld,German,bmw_sauber,German
18,2007,monza,Monza,5.793,11,ralf_schumacher,German,toyota,Japanese
19,2007,monza,Monza,5.793,11,liuzzi,Italian,toro_rosso,Italian
7,2007,monza,Monza,5.793,11,kovalainen,Finnish,renault,French
5,2007,monza,Monza,5.793,11,raikkonen,Finnish,ferrari,Italian
6,2007,monza,Monza,5.793,11,kubica,Polish,bmw_sauber,German
17,2007,monza,Monza,5.793,11,sato,Japanese,super_aguri,Japanese
3,2007,monza,Monza,5.793,11,massa,Brazilian,ferrari,Italian
20,2007,monza,Monza,5.793,11,coulthard,British,red_bull,Austrian
7,2007,hungaroring,Budapest,4.381,14,kubica,Polish,bmw_sauber,German
19,2007,hungaroring,Budapest,4.381,14,sato,Japanese,super_aguri,Japanese
15,2007,nurburgring,Nürburg,5.148,15,davidson,British,super_aguri,Japanese
13,2007,nurburgring,Nürburg,5.148,15,fisichella,Italian,renault,French
14,2007,nurburgring,Nürburg,5.148,15,barrichello,Brazilian,honda,Japanese
9,2007,nurburgring,Nürburg,5.148,15,ralf_schumacher,German,toyota,Japanese
19,2007,nurburgring,Nürburg,5.148,15,liuzzi,Italian,toro_rosso,Italian
12,2007,nurburgring,Nürburg,5.148,15,wurz,Austrian,williams,British
15,2007,hungaroring,Budapest,4.381,14,davidson,British,super_aguri,Japanese
20,2007,hungaroring,Budapest,4.381,14,vettel,German,toro_rosso,Italian
1,2007,hungaroring,Budapest,4.381,14,hamilton,British,mclaren,British
2,2007,hungaroring,Budapest,4.381,14,heidfeld,German,bmw_sauber,German
4,2007,hungaroring,Budapest,4.381,14,rosberg,German,williams,British
6,2007,hungaroring,Budapest,4.381,14,alonso,Spanish,mclaren,British
11,2007,hungaroring,Budapest,4.381,14,kovalainen,Finnish,renault,French
3,2007,hungaroring,Budapest,4.381,14,raikkonen,Finnish,ferrari,Italian
2,2007,istanbul,Istanbul,5.338,14,hamilton,British,mclaren,British
6,2007,istanbul,Istanbul,5.338,14,heidfeld,German,bmw_sauber,German
14,2007,hungaroring,Budapest,4.381,14,massa,Brazilian,ferrari,Italian
10,2007,hungaroring,Budapest,4.381,14,coulthard,British,red_bull,Austrian
8,2007,hungaroring,Budapest,4.381,14,trulli,Italian,toyota,Japanese
21,2007,hungaroring,Budapest,4.381,14,sutil,German,spyker,Dutch
9,2007,hungaroring,Budapest,4.381,14,webber,Australian,red_bull,Austrian
17,2007,hungaroring,Budapest,4.381,14,button,British,honda,Japanese
1,2007,istanbul,Istanbul,5.338,14,massa,Brazilian,ferrari,Italian
13,2007,istanbul,Istanbul,5.338,14,coulthard,British,red_bull,Austrian
13,2007,hungaroring,Budapest,4.381,14,fisichella,Italian,renault,French
18,2007,hungaroring,Budapest,4.381,14,barrichello,Brazilian,honda,Japanese
5,2007,hungaroring,Budapest,4.381,14,ralf_schumacher,German,toyota,Japanese
16,2007,hungaroring,Budapest,4.381,14,liuzzi,Italian,toro_rosso,Italian
12,2007,hungaroring,Budapest,4.381,14,wurz,Austrian,williams,British
22,2007,hungaroring,Budapest,4.381,14,yamamoto,Japanese,spyker,Dutch
16,2007,silverstone,Silverstone,5.891,18,liuzzi,Italian,toro_rosso,Italian
13,2007,silverstone,Silverstone,5.891,18,wurz,Austrian,williams,British
7,2007,silverstone,Silverstone,5.891,18,kovalainen,Finnish,renault,French
2,2007,silverstone,Silverstone,5.891,18,raikkonen,Finnish,ferrari,Italian
5,2007,silverstone,Silverstone,5.891,18,kubica,Polish,bmw_sauber,German
21,2007,silverstone,Silverstone,5.891,18,sato,Japanese,super_aguri,Japanese
4,2007,silverstone,Silverstone,5.891,18,massa,Brazilian,ferrari,Italian
12,2007,silverstone,Silverstone,5.891,18,coulthard,British,red_bull,Austrian
7,2007,nurburgring,Nürburg,5.148,15,kovalainen,Finnish,renault,French
1,2007,nurburgring,Nürburg,5.148,15,raikkonen,Finnish,ferrari,Italian
11,2007,silverstone,Silverstone,5.891,18,webber,Australian,red_bull,Austrian
18,2007,silverstone,Silverstone,5.891,18,button,British,honda,Japanese
19,2007,silverstone,Silverstone,5.891,18,davidson,British,super_aguri,Japanese
8,2007,silverstone,Silverstone,5.891,18,fisichella,Italian,renault,French
14,2007,silverstone,Silverstone,5.891,18,barrichello,Brazilian,honda,Japanese
6,2007,silverstone,Silverstone,5.891,18,ralf_schumacher,German,toyota,Japanese
6,2007,nurburgring,Nürburg,5.148,15,webber,Australian,red_bull,Austrian
17,2007,nurburgring,Nürburg,5.148,15,button,British,honda,Japanese
15,2007,silverstone,Silverstone,5.891,18,speed,American,toro_rosso,Italian
22,2007,silverstone,Silverstone,5.891,18,albers,Dutch,spyker,Dutch
10,2007,nurburgring,Nürburg,5.148,15,hamilton,British,mclaren,British
4,2007,nurburgring,Nürburg,5.148,15,heidfeld,German,bmw_sauber,German
11,2007,nurburgring,Nürburg,5.148,15,rosberg,German,williams,British
2,2007,nurburgring,Nürburg,5.148,15,alonso,Spanish,mclaren,British
18,2007,nurburgring,Nürburg,5.148,15,speed,American,toro_rosso,Italian
22,2007,nurburgring,Nürburg,5.148,15,markus_winkelhock,German,spyker,Dutch
5,2007,nurburgring,Nürburg,5.148,15,kubica,Polish,bmw_sauber,German
16,2007,nurburgring,Nürburg,5.148,15,sato,Japanese,super_aguri,Japanese
3,2007,nurburgring,Nürburg,5.148,15,massa,Brazilian,ferrari,Italian
20,2007,nurburgring,Nürburg,5.148,15,coulthard,British,red_bull,Austrian
8,2007,nurburgring,Nürburg,5.148,15,trulli,Italian,toyota,Japanese
21,2007,nurburgring,Nürburg,5.148,15,sutil,German,spyker,Dutch
22,2007,magny_cours,Magny Cours,4.411,16,sato,Japanese,super_aguri,Japanese
1,2007,magny_cours,Magny Cours,4.411,16,massa,Brazilian,ferrari,Italian
16,2007,indianapolis,Indianapolis,4.192,13,davidson,British,super_aguri,Japanese
7,2007,indianapolis,Indianapolis,4.192,13,vettel,German,bmw_sauber,German
10,2007,indianapolis,Indianapolis,4.192,13,fisichella,Italian,renault,French
19,2007,indianapolis,Indianapolis,4.192,13,liuzzi,Italian,toro_rosso,Italian
17,2007,indianapolis,Indianapolis,4.192,13,wurz,Austrian,williams,British
20,2007,indianapolis,Indianapolis,4.192,13,speed,American,toro_rosso,Italian
5,2007,magny_cours,Magny Cours,4.411,16,fisichella,Italian,renault,French
13,2007,magny_cours,Magny Cours,4.411,16,barrichello,Brazilian,honda,Japanese
7,2007,magny_cours,Magny Cours,4.411,16,heidfeld,German,bmw_sauber,German
9,2007,magny_cours,Magny Cours,4.411,16,rosberg,German,williams,British
10,2007,magny_cours,Magny Cours,4.411,16,alonso,Spanish,mclaren,British
6,2007,magny_cours,Magny Cours,4.411,16,kovalainen,Finnish,renault,French
3,2007,magny_cours,Magny Cours,4.411,16,raikkonen,Finnish,ferrari,Italian
4,2007,magny_cours,Magny Cours,4.411,16,kubica,Polish,bmw_sauber,German
17,2007,silverstone,Silverstone,5.891,18,rosberg,German,williams,British
3,2007,silverstone,Silverstone,5.891,18,alonso,Spanish,mclaren,British
16,2007,magny_cours,Magny Cours,4.411,16,coulthard,British,red_bull,Austrian
8,2007,magny_cours,Magny Cours,4.411,16,trulli,Italian,toyota,Japanese
21,2007,magny_cours,Magny Cours,4.411,16,sutil,German,spyker,Dutch
14,2007,magny_cours,Magny Cours,4.411,16,webber,Australian,red_bull,Austrian
12,2007,magny_cours,Magny Cours,4.411,16,button,British,honda,Japanese
19,2007,magny_cours,Magny Cours,4.411,16,davidson,British,super_aguri,Japanese
10,2007,silverstone,Silverstone,5.891,18,trulli,Italian,toyota,Japanese
20,2007,silverstone,Silverstone,5.891,18,sutil,German,spyker,Dutch
11,2007,magny_cours,Magny Cours,4.411,16,ralf_schumacher,German,toyota,Japanese
18,2007,magny_cours,Magny Cours,4.411,16,wurz,Austrian,williams,British
15,2007,magny_cours,Magny Cours,4.411,16,speed,American,toro_rosso,Italian
20,2007,magny_cours,Magny Cours,4.411,16,albers,Dutch,spyker,Dutch
1,2007,silverstone,Silverstone,5.891,18,hamilton,British,mclaren,British
9,2007,silverstone,Silverstone,5.891,18,heidfeld,German,bmw_sauber,German
13,2007,villeneuve,Montreal,4.361,14,barrichello,Brazilian,honda,Japanese
18,2007,villeneuve,Montreal,4.361,14,ralf_schumacher,German,toyota,Japanese
3,2007,villeneuve,Montreal,4.361,14,heidfeld,German,bmw_sauber,German
7,2007,villeneuve,Montreal,4.361,14,rosberg,German,williams,British
2,2007,villeneuve,Montreal,4.361,14,alonso,Spanish,mclaren,British
22,2007,villeneuve,Montreal,4.361,14,kovalainen,Finnish,renault,French
4,2007,villeneuve,Montreal,4.361,14,raikkonen,Finnish,ferrari,Italian
8,2007,villeneuve,Montreal,4.361,14,kubica,Polish,bmw_sauber,German
14,2007,indianapolis,Indianapolis,4.192,13,rosberg,German,williams,British
2,2007,indianapolis,Indianapolis,4.192,13,alonso,Spanish,mclaren,British
14,2007,villeneuve,Montreal,4.361,14,coulthard,British,red_bull,Austrian
10,2007,villeneuve,Montreal,4.361,14,trulli,Italian,toyota,Japanese
20,2007,villeneuve,Montreal,4.361,14,sutil,German,spyker,Dutch
6,2007,villeneuve,Montreal,4.361,14,webber,Australian,red_bull,Austrian
17,2007,villeneuve,Montreal,4.361,14,davidson,British,super_aguri,Japanese
9,2007,villeneuve,Montreal,4.361,14,fisichella,Italian,renault,French
9,2007,indianapolis,Indianapolis,4.192,13,webber,Australian,red_bull,Austrian
13,2007,indianapolis,Indianapolis,4.192,13,button,British,honda,Japanese
12,2007,villeneuve,Montreal,4.361,14,liuzzi,Italian,toro_rosso,Italian
19,2007,villeneuve,Montreal,4.361,14,wurz,Austrian,williams,British
16,2007,villeneuve,Montreal,4.361,14,speed,American,toro_rosso,Italian
21,2007,villeneuve,Montreal,4.361,14,albers,Dutch,spyker,Dutch
1,2007,indianapolis,Indianapolis,4.192,13,hamilton,British,mclaren,British
5,2007,indianapolis,Indianapolis,4.192,13,heidfeld,German,bmw_sauber,German
22,2007,indianapolis,Indianapolis,4.192,13,albers,Dutch,spyker,Dutch
2,2007,magny_cours,Magny Cours,4.411,16,hamilton,British,mclaren,British
6,2007,indianapolis,Indianapolis,4.192,13,kovalainen,Finnish,renault,French
4,2007,indianapolis,Indianapolis,4.192,13,raikkonen,Finnish,ferrari,Italian
18,2007,indianapolis,Indianapolis,4.192,13,sato,Japanese,super_aguri,Japanese
3,2007,indianapolis,Indianapolis,4.192,13,massa,Brazilian,ferrari,Italian
8,2007,indianapolis,Indianapolis,4.192,13,trulli,Italian,toyota,Japanese
21,2007,indianapolis,Indianapolis,4.192,13,sutil,German,spyker,Dutch
16,2007,monaco,Monte-Carlo,3.337,19,raikkonen,Finnish,ferrari,Italian
8,2007,monaco,Monte-Carlo,3.337,19,kubica,Polish,bmw_sauber,German
14,2007,catalunya,Montmeló,4.657,14,button,British,honda,Japanese
15,2007,catalunya,Montmeló,4.657,14,davidson,British,super_aguri,Japanese
10,2007,catalunya,Montmeló,4.657,14,fisichella,Italian,renault,French
12,2007,catalunya,Montmeló,4.657,14,barrichello,Brazilian,honda,Japanese
17,2007,catalunya,Montmeló,4.657,14,ralf_schumacher,German,toyota,Japanese
16,2007,catalunya,Montmeló,4.657,14,liuzzi,Italian,toro_rosso,Italian
10,2007,monaco,Monte-Carlo,3.337,19,button,British,honda,Japanese
17,2007,monaco,Monte-Carlo,3.337,19,davidson,British,super_aguri,Japanese
21,2007,catalunya,Montmeló,4.657,14,albers,Dutch,spyker,Dutch
2,2007,monaco,Monte-Carlo,3.337,19,hamilton,British,mclaren,British
7,2007,monaco,Monte-Carlo,3.337,19,heidfeld,German,bmw_sauber,German
5,2007,monaco,Monte-Carlo,3.337,19,rosberg,German,williams,British
1,2007,monaco,Monte-Carlo,3.337,19,alonso,Spanish,mclaren,British
15,2007,monaco,Monte-Carlo,3.337,19,kovalainen,Finnish,renault,French
22,2007,monaco,Monte-Carlo,3.337,19,albers,Dutch,spyker,Dutch
1,2007,villeneuve,Montreal,4.361,14,hamilton,British,mclaren,British
21,2007,monaco,Monte-Carlo,3.337,19,sato,Japanese,super_aguri,Japanese
3,2007,monaco,Monte-Carlo,3.337,19,massa,Brazilian,ferrari,Italian
13,2007,monaco,Monte-Carlo,3.337,19,coulthard,British,red_bull,Austrian
14,2007,monaco,Monte-Carlo,3.337,19,trulli,Italian,toyota,Japanese
19,2007,monaco,Monte-Carlo,3.337,19,sutil,German,spyker,Dutch
6,2007,monaco,Monte-Carlo,3.337,19,webber,Australian,red_bull,Austrian
11,2007,villeneuve,Montreal,4.361,14,sato,Japanese,super_aguri,Japanese
5,2007,villeneuve,Montreal,4.361,14,massa,Brazilian,ferrari,Italian
4,2007,monaco,Monte-Carlo,3.337,19,fisichella,Italian,renault,French
9,2007,monaco,Monte-Carlo,3.337,19,barrichello,Brazilian,honda,Japanese
20,2007,monaco,Monte-Carlo,3.337,19,ralf_schumacher,German,toyota,Japanese
12,2007,monaco,Monte-Carlo,3.337,19,liuzzi,Italian,toro_rosso,Italian
11,2007,monaco,Monte-Carlo,3.337,19,wurz,Austrian,williams,British
18,2007,monaco,Monte-Carlo,3.337,19,speed,American,toro_rosso,Italian
15,2007,bahrain,Sakhir,5.412,15,barrichello,Brazilian,honda,Japanese
14,2007,bahrain,Sakhir,5.412,15,ralf_schumacher,German,toyota,Japanese
5,2007,bahrain,Sakhir,5.412,15,heidfeld,German,bmw_sauber,German
10,2007,bahrain,Sakhir,5.412,15,rosberg,German,williams,British
4,2007,bahrain,Sakhir,5.412,15,alonso,Spanish,mclaren,British
12,2007,bahrain,Sakhir,5.412,15,kovalainen,Finnish,renault,French
3,2007,bahrain,Sakhir,5.412,15,raikkonen,Finnish,ferrari,Italian
6,2007,bahrain,Sakhir,5.412,15,kubica,Polish,bmw_sauber,German
2,2007,catalunya,Montmeló,4.657,14,alonso,Spanish,mclaren,British
8,2007,catalunya,Montmeló,4.657,14,kovalainen,Finnish,renault,French
21,2007,bahrain,Sakhir,5.412,15,coulthard,British,red_bull,Austrian
9,2007,bahrain,Sakhir,5.412,15,trulli,Italian,toyota,Japanese
20,2007,bahrain,Sakhir,5.412,15,sutil,German,spyker,Dutch
8,2007,bahrain,Sakhir,5.412,15,webber,Australian,red_bull,Austrian
13,2007,bahrain,Sakhir,5.412,15,davidson,British,super_aguri,Japanese
7,2007,bahrain,Sakhir,5.412,15,fisichella,Italian,renault,French
20,2007,catalunya,Montmeló,4.657,14,sutil,German,spyker,Dutch
19,2007,catalunya,Montmeló,4.657,14,webber,Australian,red_bull,Austrian
18,2007,bahrain,Sakhir,5.412,15,liuzzi,Italian,toro_rosso,Italian
11,2007,bahrain,Sakhir,5.412,15,wurz,Austrian,williams,British
22,2007,bahrain,Sakhir,5.412,15,albers,Dutch,spyker,Dutch
4,2007,catalunya,Montmeló,4.657,14,hamilton,British,mclaren,British
7,2007,catalunya,Montmeló,4.657,14,heidfeld,German,bmw_sauber,German
11,2007,catalunya,Montmeló,4.657,14,rosberg,German,williams,British
18,2007,catalunya,Montmeló,4.657,14,wurz,Austrian,williams,British
22,2007,catalunya,Montmeló,4.657,14,speed,American,toro_rosso,Italian
3,2007,catalunya,Montmeló,4.657,14,raikkonen,Finnish,ferrari,Italian
5,2007,catalunya,Montmeló,4.657,14,kubica,Polish,bmw_sauber,German
13,2007,catalunya,Montmeló,4.657,14,sato,Japanese,super_aguri,Japanese
1,2007,catalunya,Montmeló,4.657,14,massa,Brazilian,ferrari,Italian
9,2007,catalunya,Montmeló,4.657,14,coulthard,British,red_bull,Austrian
6,2007,catalunya,Montmeló,4.657,14,trulli,Italian,toyota,Japanese
19,2007,fuji,Oyama,4.563,16,davidson,British,super_aguri,Japanese
8,2007,fuji,Oyama,4.563,16,vettel,German,toro_rosso,Italian
1,2007,fuji,Oyama,4.563,16,hamilton,British,mclaren,British
5,2007,fuji,Oyama,4.563,16,heidfeld,German,bmw_sauber,German
16,2007,fuji,Oyama,4.563,16,rosberg,German,williams,British
2,2007,fuji,Oyama,4.563,16,alonso,Spanish,mclaren,British
11,2007,fuji,Oyama,4.563,16,kovalainen,Finnish,renault,French
3,2007,fuji,Oyama,4.563,16,raikkonen,Finnish,ferrari,Italian
1,2007,shanghai,Shanghai,5.451,16,hamilton,British,mclaren,British
8,2007,shanghai,Shanghai,5.451,16,heidfeld,German,bmw_sauber,German
4,2007,fuji,Oyama,4.563,16,massa,Brazilian,ferrari,Italian
12,2007,fuji,Oyama,4.563,16,coulthard,British,red_bull,Austrian
13,2007,fuji,Oyama,4.563,16,trulli,Italian,toyota,Japanese
20,2007,fuji,Oyama,4.563,16,sutil,German,spyker,Dutch
7,2007,fuji,Oyama,4.563,16,webber,Australian,red_bull,Austrian
6,2007,fuji,Oyama,4.563,16,button,British,honda,Japanese
3,2007,shanghai,Shanghai,5.451,16,massa,Brazilian,ferrari,Italian
5,2007,shanghai,Shanghai,5.451,16,coulthard,British,red_bull,Austrian
10,2007,fuji,Oyama,4.563,16,fisichella,Italian,renault,French
17,2007,fuji,Oyama,4.563,16,barrichello,Brazilian,honda,Japanese
15,2007,fuji,Oyama,4.563,16,ralf_schumacher,German,toyota,Japanese
14,2007,fuji,Oyama,4.563,16,liuzzi,Italian,toro_rosso,Italian
18,2007,fuji,Oyama,4.563,16,wurz,Austrian,williams,British
22,2007,fuji,Oyama,4.563,16,yamamoto,Japanese,spyker,Dutch
18,2007,shanghai,Shanghai,5.451,16,fisichella,Italian,renault,French
16,2007,shanghai,Shanghai,5.451,16,barrichello,Brazilian,honda,Japanese
15,2007,shanghai,Shanghai,5.451,16,rosberg,German,williams,British
4,2007,shanghai,Shanghai,5.451,16,alonso,Spanish,mclaren,British
13,2007,shanghai,Shanghai,5.451,16,kovalainen,Finnish,renault,French
2,2007,shanghai,Shanghai,5.451,16,raikkonen,Finnish,ferrari,Italian
9,2007,shanghai,Shanghai,5.451,16,kubica,Polish,bmw_sauber,German
20,2007,shanghai,Shanghai,5.451,16,sato,Japanese,super_aguri,Japanese
15,2007,albert_park,Melbourne,5.278,16,wurz,Austrian,williams,British
13,2007,albert_park,Melbourne,5.278,16,kovalainen,Finnish,renault,French
1,2007,albert_park,Melbourne,5.278,16,raikkonen,Finnish,ferrari,Italian
5,2007,albert_park,Melbourne,5.278,16,kubica,Polish,bmw_sauber,German
10,2007,albert_park,Melbourne,5.278,16,sato,Japanese,super_aguri,Japanese
22,2007,albert_park,Melbourne,5.278,16,massa,Brazilian,ferrari,Italian
18,2007,albert_park,Melbourne,5.278,16,coulthard,British,red_bull,Austrian
8,2007,albert_park,Melbourne,5.278,16,trulli,Italian,toyota,Japanese
20,2007,albert_park,Melbourne,5.278,16,sutil,German,spyker,Dutch
4,2007,albert_park,Melbourne,5.278,16,hamilton,British,mclaren,British
3,2007,albert_park,Melbourne,5.278,16,heidfeld,German,bmw_sauber,German
12,2007,albert_park,Melbourne,5.278,16,rosberg,German,williams,British
2,2007,albert_park,Melbourne,5.278,16,alonso,Spanish,mclaren,British
14,2007,interlagos,São Paulo,4.309,15,liuzzi,Italian,toro_rosso,Italian
13,2008,interlagos,São Paulo,4.309,15,kubica,Polish,bmw_sauber,German
10,2008,interlagos,São Paulo,4.309,15,glock,German,toyota,Japanese
1,2008,interlagos,São Paulo,4.309,15,massa,Brazilian,ferrari,Italian
2,2008,interlagos,São Paulo,4.309,15,trulli,Italian,toyota,Japanese
17,2008,interlagos,São Paulo,4.309,15,button,British,honda,Japanese
7,2008,interlagos,São Paulo,4.309,15,vettel,German,toro_rosso,Italian
19,2008,interlagos,São Paulo,4.309,15,fisichella,Italian,force_india,Indian
15,2008,interlagos,São Paulo,4.309,15,barrichello,Brazilian,honda,Japanese
20,2008,shanghai,Shanghai,5.451,16,fisichella,Italian,force_india,Indian
13,2008,shanghai,Shanghai,5.451,16,barrichello,Brazilian,honda,Japanese
4,2008,interlagos,São Paulo,4.309,15,hamilton,British,mclaren,British
8,2008,interlagos,São Paulo,4.309,15,heidfeld,German,bmw_sauber,German
18,2008,interlagos,São Paulo,4.309,15,rosberg,German,williams,British
6,2008,interlagos,São Paulo,4.309,15,alonso,Spanish,renault,French
9,2008,interlagos,São Paulo,4.309,15,bourdais,French,toro_rosso,Italian
3,2008,interlagos,São Paulo,4.309,15,raikkonen,Finnish,ferrari,Italian
14,2008,catalunya,Montmeló,4.657,14,glock,German,toyota,Japanese
22,2008,catalunya,Montmeló,4.657,14,sato,Japanese,super_aguri,Japanese
10,2008,catalunya,Montmeló,4.657,14,piquet_jr,Brazilian,renault,French
3,2008,catalunya,Montmeló,4.657,14,massa,Brazilian,ferrari,Italian
17,2008,catalunya,Montmeló,4.657,14,coulthard,British,red_bull,Austrian
8,2008,catalunya,Montmeló,4.657,14,trulli,Italian,toyota,Japanese
20,2008,interlagos,São Paulo,4.309,15,sutil,German,force_india,Indian
12,2008,interlagos,São Paulo,4.309,15,webber,Australian,red_bull,Austrian
9,2008,catalunya,Montmeló,4.657,14,heidfeld,German,bmw_sauber,German
15,2008,catalunya,Montmeló,4.657,14,rosberg,German,williams,British
2,2008,catalunya,Montmeló,4.657,14,alonso,Spanish,renault,French
6,2008,catalunya,Montmeló,4.657,14,kovalainen,Finnish,mclaren,British
12,2008,catalunya,Montmeló,4.657,14,nakajima,Japanese,williams,British
16,2008,catalunya,Montmeló,4.657,14,bourdais,French,toro_rosso,Italian
7,2008,istanbul,Istanbul,5.338,14,alonso,Spanish,renault,French
2,2008,istanbul,Istanbul,5.338,14,kovalainen,Finnish,mclaren,British
7,2008,sepang,Kuala Lumpur,5.543,15,alonso,Spanish,renault,French
8,2008,sepang,Kuala Lumpur,5.543,15,kovalainen,Finnish,mclaren,British
22,2008,sepang,Kuala Lumpur,5.543,15,nakajima,Japanese,williams,British
2,2008,sepang,Kuala Lumpur,5.543,15,raikkonen,Finnish,ferrari,Italian
4,2008,sepang,Kuala Lumpur,5.543,15,kubica,Polish,bmw_sauber,German
10,2008,sepang,Kuala Lumpur,5.543,15,glock,German,toyota,Japanese
5,2008,bahrain,Sakhir,5.412,15,kovalainen,Finnish,mclaren,British
16,2008,bahrain,Sakhir,5.412,15,nakajima,Japanese,williams,British
4,2008,albert_park,Melbourne,5.278,16,massa,Brazilian,ferrari,Italian
8,2008,albert_park,Melbourne,5.278,16,coulthard,British,red_bull,Austrian
6,2008,albert_park,Melbourne,5.278,16,trulli,Italian,toyota,Japanese
22,2008,albert_park,Melbourne,5.278,16,sutil,German,force_india,Indian
10,2008,albert_park,Melbourne,5.278,16,barrichello,Brazilian,honda,Japanese
9,2008,sepang,Kuala Lumpur,5.543,15,hamilton,British,mclaren,British
21,2008,sepang,Kuala Lumpur,5.543,15,davidson,British,super_aguri,Japanese
15,2008,sepang,Kuala Lumpur,5.543,15,vettel,German,toro_rosso,Italian
3,2008,albert_park,Melbourne,5.278,16,kovalainen,Finnish,mclaren,British
13,2008,albert_park,Melbourne,5.278,16,nakajima,Japanese,williams,British
17,2008,albert_park,Melbourne,5.278,16,bourdais,French,toro_rosso,Italian
15,2008,albert_park,Melbourne,5.278,16,raikkonen,Finnish,ferrari,Italian
2,2008,albert_park,Melbourne,5.278,16,kubica,Polish,bmw_sauber,German
18,2008,albert_park,Melbourne,5.278,16,glock,German,toyota,Japanese
19,2008,sepang,Kuala Lumpur,5.543,15,sato,Japanese,super_aguri,Japanese
13,2008,sepang,Kuala Lumpur,5.543,15,piquet_jr,Brazilian,renault,French
7,2008,albert_park,Melbourne,5.278,16,rosberg,German,williams,British
11,2008,albert_park,Melbourne,5.278,16,alonso,Spanish,renault,French
19,2008,albert_park,Melbourne,5.278,16,sato,Japanese,super_aguri,Japanese
20,2008,albert_park,Melbourne,5.278,16,piquet_jr,Brazilian,renault,French
1,2008,albert_park,Melbourne,5.278,16,hamilton,British,mclaren,British
5,2008,albert_park,Melbourne,5.278,16,heidfeld,German,bmw_sauber,German
5,2008,sepang,Kuala Lumpur,5.543,15,heidfeld,German,bmw_sauber,German
16,2008,sepang,Kuala Lumpur,5.543,15,rosberg,German,williams,British
9,2008,marina_bay,Marina Bay,4.94,19,heidfeld,German,bmw_sauber,German
8,2008,marina_bay,Marina Bay,4.94,19,rosberg,German,williams,British
15,2008,marina_bay,Marina Bay,4.94,19,alonso,Spanish,renault,French
5,2008,marina_bay,Marina Bay,4.94,19,kovalainen,Finnish,mclaren,British
10,2008,marina_bay,Marina Bay,4.94,19,nakajima,Japanese,williams,British
17,2008,marina_bay,Marina Bay,4.94,19,bourdais,French,toro_rosso,Italian
4,2008,fuji,Oyama,4.563,16,alonso,Spanish,renault,French
3,2008,fuji,Oyama,4.563,16,kovalainen,Finnish,mclaren,British
7,2008,monza,Monza,5.793,11,trulli,Italian,toyota,Japanese
20,2008,monza,Monza,5.793,11,sutil,German,force_india,Indian
3,2008,monza,Monza,5.793,11,webber,Australian,red_bull,Austrian
19,2008,monza,Monza,5.793,11,button,British,honda,Japanese
1,2008,monza,Monza,5.793,11,vettel,German,toro_rosso,Italian
12,2008,monza,Monza,5.793,11,fisichella,Italian,force_india,Indian
13,2008,marina_bay,Marina Bay,4.94,19,webber,Australian,red_bull,Austrian
12,2008,marina_bay,Marina Bay,4.94,19,button,British,honda,Japanese
10,2008,shanghai,Shanghai,5.451,16,piquet_jr,Brazilian,renault,French
3,2008,shanghai,Shanghai,5.451,16,massa,Brazilian,ferrari,Italian
15,2008,shanghai,Shanghai,5.451,16,coulthard,British,red_bull,Austrian
7,2008,shanghai,Shanghai,5.451,16,trulli,Italian,toyota,Japanese
19,2008,shanghai,Shanghai,5.451,16,sutil,German,force_india,Indian
16,2008,shanghai,Shanghai,5.451,16,webber,Australian,red_bull,Austrian
3,2008,marina_bay,Marina Bay,4.94,19,raikkonen,Finnish,ferrari,Italian
4,2008,marina_bay,Marina Bay,4.94,19,kubica,Polish,bmw_sauber,German
14,2008,shanghai,Shanghai,5.451,16,rosberg,German,williams,British
4,2008,shanghai,Shanghai,5.451,16,alonso,Spanish,renault,French
5,2008,shanghai,Shanghai,5.451,16,kovalainen,Finnish,mclaren,British
17,2008,shanghai,Shanghai,5.451,16,nakajima,Japanese,williams,British
8,2008,shanghai,Shanghai,5.451,16,bourdais,French,toro_rosso,Italian
2,2008,shanghai,Shanghai,5.451,16,raikkonen,Finnish,ferrari,Italian
5,2008,interlagos,São Paulo,4.309,15,kovalainen,Finnish,mclaren,British
16,2008,interlagos,São Paulo,4.309,15,nakajima,Japanese,williams,British
13,2008,spa,Spa,7.004,20,glock,German,toyota,Japanese
12,2008,spa,Spa,7.004,20,piquet_jr,Brazilian,renault,French
2,2008,spa,Spa,7.004,20,massa,Brazilian,ferrari,Italian
14,2008,spa,Spa,7.004,20,coulthard,British,red_bull,Austrian
11,2008,spa,Spa,7.004,20,trulli,Italian,toyota,Japanese
18,2008,spa,Spa,7.004,20,sutil,German,force_india,Indian
6,2008,monza,Monza,5.793,11,massa,Brazilian,ferrari,Italian
13,2008,monza,Monza,5.793,11,coulthard,British,red_bull,Austrian
5,2008,spa,Spa,7.004,20,heidfeld,German,bmw_sauber,German
15,2008,spa,Spa,7.004,20,rosberg,German,williams,British
6,2008,spa,Spa,7.004,20,alonso,Spanish,renault,French
3,2008,spa,Spa,7.004,20,kovalainen,Finnish,mclaren,British
19,2008,spa,Spa,7.004,20,nakajima,Japanese,williams,British
9,2008,spa,Spa,7.004,20,bourdais,French,toro_rosso,Italian
8,2008,monza,Monza,5.793,11,alonso,Spanish,renault,French
2,2008,monza,Monza,5.793,11,kovalainen,Finnish,mclaren,British
6,2008,marina_bay,Marina Bay,4.94,19,vettel,German,toro_rosso,Italian
20,2008,marina_bay,Marina Bay,4.94,19,fisichella,Italian,force_india,Indian
18,2008,marina_bay,Marina Bay,4.94,19,barrichello,Brazilian,honda,Japanese
1,2008,fuji,Oyama,4.563,16,hamilton,British,mclaren,British
16,2008,fuji,Oyama,4.563,16,heidfeld,German,bmw_sauber,German
15,2008,fuji,Oyama,4.563,16,rosberg,German,williams,British
7,2008,spa,Spa,7.004,20,webber,Australian,red_bull,Austrian
17,2008,spa,Spa,7.004,20,button,British,honda,Japanese
7,2008,marina_bay,Marina Bay,4.94,19,glock,German,toyota,Japanese
16,2008,marina_bay,Marina Bay,4.94,19,piquet_jr,Brazilian,renault,French
1,2008,marina_bay,Marina Bay,4.94,19,massa,Brazilian,ferrari,Italian
14,2008,marina_bay,Marina Bay,4.94,19,coulthard,British,red_bull,Austrian
11,2008,marina_bay,Marina Bay,4.94,19,trulli,Italian,toyota,Japanese
19,2008,marina_bay,Marina Bay,4.94,19,sutil,German,force_india,Indian
5,2008,fuji,Oyama,4.563,16,massa,Brazilian,ferrari,Italian
7,2008,fuji,Oyama,4.563,16,trulli,Italian,toyota,Japanese
12,2008,hungaroring,Budapest,4.381,14,button,British,honda,Japanese
11,2008,hungaroring,Budapest,4.381,14,vettel,German,toro_rosso,Italian
18,2008,hungaroring,Budapest,4.381,14,fisichella,Italian,force_india,Indian
17,2008,hungaroring,Budapest,4.381,14,barrichello,Brazilian,honda,Japanese
2,2008,valencia,Valencia,5.419,25,hamilton,British,mclaren,British
8,2008,valencia,Valencia,5.419,25,heidfeld,German,bmw_sauber,German
19,2008,valencia,Valencia,5.419,25,barrichello,Brazilian,honda,Japanese
1,2008,spa,Spa,7.004,20,hamilton,British,mclaren,British
4,2008,hungaroring,Budapest,4.381,14,kubica,Polish,bmw_sauber,German
5,2008,hungaroring,Budapest,4.381,14,glock,German,toyota,Japanese
10,2008,hungaroring,Budapest,4.381,14,piquet_jr,Brazilian,renault,French
3,2008,hungaroring,Budapest,4.381,14,massa,Brazilian,ferrari,Italian
13,2008,hungaroring,Budapest,4.381,14,coulthard,British,red_bull,Austrian
9,2008,hungaroring,Budapest,4.381,14,trulli,Italian,toyota,Japanese
1,2008,valencia,Valencia,5.419,25,massa,Brazilian,ferrari,Italian
17,2008,valencia,Valencia,5.419,25,coulthard,British,red_bull,Austrian
18,2008,monza,Monza,5.793,11,nakajima,Japanese,williams,British
4,2008,monza,Monza,5.793,11,bourdais,French,toro_rosso,Italian
14,2008,monza,Monza,5.793,11,raikkonen,Finnish,ferrari,Italian
11,2008,monza,Monza,5.793,11,kubica,Polish,bmw_sauber,German
9,2008,monza,Monza,5.793,11,glock,German,toyota,Japanese
17,2008,monza,Monza,5.793,11,piquet_jr,Brazilian,renault,French
9,2008,valencia,Valencia,5.419,25,rosberg,German,williams,British
5,2008,valencia,Valencia,5.419,25,kovalainen,Finnish,mclaren,British
10,2008,spa,Spa,7.004,20,vettel,German,toro_rosso,Italian
20,2008,spa,Spa,7.004,20,fisichella,Italian,force_india,Indian
16,2008,spa,Spa,7.004,20,barrichello,Brazilian,honda,Japanese
15,2008,monza,Monza,5.793,11,hamilton,British,mclaren,British
10,2008,monza,Monza,5.793,11,heidfeld,German,bmw_sauber,German
5,2008,monza,Monza,5.793,11,rosberg,German,williams,British
16,2008,monza,Monza,5.793,11,barrichello,Brazilian,honda,Japanese
2,2008,marina_bay,Marina Bay,4.94,19,hamilton,British,mclaren,British
3,2008,hockenheimring,Hockenheim,4.574,16,kovalainen,Finnish,mclaren,British
16,2008,hockenheimring,Hockenheim,4.574,16,nakajima,Japanese,williams,British
15,2008,hockenheimring,Hockenheim,4.574,16,bourdais,French,toro_rosso,Italian
6,2008,hockenheimring,Hockenheim,4.574,16,raikkonen,Finnish,ferrari,Italian
7,2008,hockenheimring,Hockenheim,4.574,16,kubica,Polish,bmw_sauber,German
11,2008,hockenheimring,Hockenheim,4.574,16,glock,German,toyota,Japanese
19,2008,hungaroring,Budapest,4.381,14,bourdais,French,toro_rosso,Italian
6,2008,hungaroring,Budapest,4.381,14,raikkonen,Finnish,ferrari,Italian
2,2008,silverstone,Silverstone,5.891,18,webber,Australian,red_bull,Austrian
17,2008,silverstone,Silverstone,5.891,18,button,British,honda,Japanese
19,2008,silverstone,Silverstone,5.891,18,fisichella,Italian,force_india,Indian
16,2008,silverstone,Silverstone,5.891,18,barrichello,Brazilian,honda,Japanese
1,2008,hockenheimring,Hockenheim,4.574,16,hamilton,British,mclaren,British
12,2008,hockenheimring,Hockenheim,4.574,16,heidfeld,German,bmw_sauber,German
20,2008,hockenheimring,Hockenheim,4.574,16,fisichella,Italian,force_india,Indian
18,2008,hockenheimring,Hockenheim,4.574,16,barrichello,Brazilian,honda,Japanese
7,2008,valencia,Valencia,5.419,25,trulli,Italian,toyota,Japanese
20,2008,valencia,Valencia,5.419,25,sutil,German,force_india,Indian
14,2008,valencia,Valencia,5.419,25,webber,Australian,red_bull,Austrian
16,2008,valencia,Valencia,5.419,25,button,British,honda,Japanese
6,2008,valencia,Valencia,5.419,25,vettel,German,toro_rosso,Italian
18,2008,valencia,Valencia,5.419,25,fisichella,Italian,force_india,Indian
17,2008,hockenheimring,Hockenheim,4.574,16,piquet_jr,Brazilian,renault,French
2,2008,hockenheimring,Hockenheim,4.574,16,massa,Brazilian,ferrari,Italian
11,2008,valencia,Valencia,5.419,25,nakajima,Japanese,williams,British
10,2008,valencia,Valencia,5.419,25,bourdais,French,toro_rosso,Italian
4,2008,valencia,Valencia,5.419,25,raikkonen,Finnish,ferrari,Italian
3,2008,valencia,Valencia,5.419,25,kubica,Polish,bmw_sauber,German
13,2008,valencia,Valencia,5.419,25,glock,German,toyota,Japanese
15,2008,valencia,Valencia,5.419,25,piquet_jr,Brazilian,renault,French
4,2008,spa,Spa,7.004,20,raikkonen,Finnish,ferrari,Italian
8,2008,spa,Spa,7.004,20,kubica,Polish,bmw_sauber,German
9,2008,magny_cours,Magny Cours,4.411,16,piquet_jr,Brazilian,renault,French
2,2008,magny_cours,Magny Cours,4.411,16,massa,Brazilian,ferrari,Italian
7,2008,magny_cours,Magny Cours,4.411,16,coulthard,British,red_bull,Austrian
4,2008,magny_cours,Magny Cours,4.411,16,trulli,Italian,toyota,Japanese
18,2008,magny_cours,Magny Cours,4.411,16,sutil,German,force_india,Indian
6,2008,magny_cours,Magny Cours,4.411,16,webber,Australian,red_bull,Austrian
14,2008,silverstone,Silverstone,5.891,18,trulli,Italian,toyota,Japanese
18,2008,silverstone,Silverstone,5.891,18,sutil,German,force_india,Indian
19,2008,magny_cours,Magny Cours,4.411,16,rosberg,German,williams,British
3,2008,magny_cours,Magny Cours,4.411,16,alonso,Spanish,renault,French
10,2008,magny_cours,Magny Cours,4.411,16,kovalainen,Finnish,mclaren,British
15,2008,magny_cours,Magny Cours,4.411,16,nakajima,Japanese,williams,British
14,2008,magny_cours,Magny Cours,4.411,16,bourdais,French,toro_rosso,Italian
1,2008,magny_cours,Magny Cours,4.411,16,raikkonen,Finnish,ferrari,Italian
1,2008,silverstone,Silverstone,5.891,18,kovalainen,Finnish,mclaren,British
15,2008,silverstone,Silverstone,5.891,18,nakajima,Japanese,williams,British
1,2008,hungaroring,Budapest,4.381,14,hamilton,British,mclaren,British
15,2008,hungaroring,Budapest,4.381,14,heidfeld,German,bmw_sauber,German
14,2008,hungaroring,Budapest,4.381,14,rosberg,German,williams,British
7,2008,hungaroring,Budapest,4.381,14,alonso,Spanish,renault,French
2,2008,hungaroring,Budapest,4.381,14,kovalainen,Finnish,mclaren,British
16,2008,hungaroring,Budapest,4.381,14,nakajima,Japanese,williams,British
16,2008,magny_cours,Magny Cours,4.411,16,button,British,honda,Japanese
12,2008,magny_cours,Magny Cours,4.411,16,vettel,German,toro_rosso,Italian
10,2008,hockenheimring,Hockenheim,4.574,16,coulthard,British,red_bull,Austrian
4,2008,hockenheimring,Hockenheim,4.574,16,trulli,Italian,toyota,Japanese
19,2008,hockenheimring,Hockenheim,4.574,16,sutil,German,force_india,Indian
8,2008,hockenheimring,Hockenheim,4.574,16,webber,Australian,red_bull,Austrian
14,2008,hockenheimring,Hockenheim,4.574,16,button,British,honda,Japanese
9,2008,hockenheimring,Hockenheim,4.574,16,vettel,German,toro_rosso,Italian
20,2008,hungaroring,Budapest,4.381,14,sutil,German,force_india,Indian
8,2008,hungaroring,Budapest,4.381,14,webber,Australian,red_bull,Austrian
20,2008,monaco,Monte-Carlo,3.337,19,fisichella,Italian,force_india,Indian
14,2008,monaco,Monte-Carlo,3.337,19,barrichello,Brazilian,honda,Japanese
1,2008,villeneuve,Montreal,4.361,14,hamilton,British,mclaren,British
8,2008,villeneuve,Montreal,4.361,14,heidfeld,German,bmw_sauber,German
5,2008,villeneuve,Montreal,4.361,14,rosberg,German,williams,British
4,2008,villeneuve,Montreal,4.361,14,alonso,Spanish,renault,French
13,2008,magny_cours,Magny Cours,4.411,16,hamilton,British,mclaren,British
11,2008,magny_cours,Magny Cours,4.411,16,heidfeld,German,bmw_sauber,German
17,2008,monaco,Monte-Carlo,3.337,19,piquet_jr,Brazilian,renault,French
1,2008,monaco,Monte-Carlo,3.337,19,massa,Brazilian,ferrari,Italian
15,2008,monaco,Monte-Carlo,3.337,19,coulthard,British,red_bull,Austrian
8,2008,monaco,Monte-Carlo,3.337,19,trulli,Italian,toyota,Japanese
18,2008,monaco,Monte-Carlo,3.337,19,sutil,German,force_india,Indian
9,2008,monaco,Monte-Carlo,3.337,19,webber,Australian,red_bull,Austrian
13,2008,villeneuve,Montreal,4.361,14,coulthard,British,red_bull,Austrian
14,2008,villeneuve,Montreal,4.361,14,trulli,Italian,toyota,Japanese
13,2008,silverstone,Silverstone,5.891,18,bourdais,French,toro_rosso,Italian
3,2008,silverstone,Silverstone,5.891,18,raikkonen,Finnish,ferrari,Italian
10,2008,silverstone,Silverstone,5.891,18,kubica,Polish,bmw_sauber,German
12,2008,silverstone,Silverstone,5.891,18,glock,German,toyota,Japanese
7,2008,silverstone,Silverstone,5.891,18,piquet_jr,Brazilian,renault,French
9,2008,silverstone,Silverstone,5.891,18,massa,Brazilian,ferrari,Italian
7,2008,villeneuve,Montreal,4.361,14,kovalainen,Finnish,mclaren,British
12,2008,villeneuve,Montreal,4.361,14,nakajima,Japanese,williams,British
17,2008,magny_cours,Magny Cours,4.411,16,fisichella,Italian,force_india,Indian
20,2008,magny_cours,Magny Cours,4.411,16,barrichello,Brazilian,honda,Japanese
4,2008,silverstone,Silverstone,5.891,18,hamilton,British,mclaren,British
5,2008,silverstone,Silverstone,5.891,18,heidfeld,German,bmw_sauber,German
20,2008,silverstone,Silverstone,5.891,18,rosberg,German,williams,British
6,2008,silverstone,Silverstone,5.891,18,alonso,Spanish,renault,French
13,2008,hockenheimring,Hockenheim,4.574,16,rosberg,German,williams,British
5,2008,hockenheimring,Hockenheim,4.574,16,alonso,Spanish,renault,French
16,2008,istanbul,Istanbul,5.338,14,nakajima,Japanese,williams,British
18,2008,istanbul,Istanbul,5.338,14,bourdais,French,toro_rosso,Italian
4,2008,istanbul,Istanbul,5.338,14,raikkonen,Finnish,ferrari,Italian
5,2008,istanbul,Istanbul,5.338,14,kubica,Polish,bmw_sauber,German
15,2008,istanbul,Istanbul,5.338,14,glock,German,toyota,Japanese
17,2008,istanbul,Istanbul,5.338,14,piquet_jr,Brazilian,renault,French
5,2008,monaco,Monte-Carlo,3.337,19,kubica,Polish,bmw_sauber,German
10,2008,monaco,Monte-Carlo,3.337,19,glock,German,toyota,Japanese
21,2008,catalunya,Montmeló,4.657,14,davidson,British,super_aguri,Japanese
19,2008,catalunya,Montmeló,4.657,14,fisichella,Italian,force_india,Indian
11,2008,catalunya,Montmeló,4.657,14,barrichello,Brazilian,honda,Japanese
3,2008,istanbul,Istanbul,5.338,14,hamilton,British,mclaren,British
9,2008,istanbul,Istanbul,5.338,14,heidfeld,German,bmw_sauber,German
11,2008,istanbul,Istanbul,5.338,14,rosberg,German,williams,British
3,2008,monaco,Monte-Carlo,3.337,19,hamilton,British,mclaren,British
12,2008,monaco,Monte-Carlo,3.337,19,heidfeld,German,bmw_sauber,German
16,2008,villeneuve,Montreal,4.361,14,sutil,German,force_india,Indian
10,2008,villeneuve,Montreal,4.361,14,webber,Australian,red_bull,Austrian
20,2008,villeneuve,Montreal,4.361,14,button,British,honda,Japanese
19,2008,villeneuve,Montreal,4.361,14,vettel,German,toro_rosso,Italian
17,2008,villeneuve,Montreal,4.361,14,fisichella,Italian,force_india,Indian
9,2008,villeneuve,Montreal,4.361,14,barrichello,Brazilian,honda,Japanese
1,2008,istanbul,Istanbul,5.338,14,massa,Brazilian,ferrari,Italian
10,2008,istanbul,Istanbul,5.338,14,coulthard,British,red_bull,Austrian
18,2008,villeneuve,Montreal,4.361,14,bourdais,French,toro_rosso,Italian
3,2008,villeneuve,Montreal,4.361,14,raikkonen,Finnish,ferrari,Italian
2,2008,villeneuve,Montreal,4.361,14,kubica,Polish,bmw_sauber,German
11,2008,villeneuve,Montreal,4.361,14,glock,German,toyota,Japanese
15,2008,villeneuve,Montreal,4.361,14,piquet_jr,Brazilian,renault,French
6,2008,villeneuve,Montreal,4.361,14,massa,Brazilian,ferrari,Italian
5,2008,magny_cours,Magny Cours,4.411,16,kubica,Polish,bmw_sauber,German
8,2008,magny_cours,Magny Cours,4.411,16,glock,German,toyota,Japanese
7,2008,bahrain,Sakhir,5.412,15,trulli,Italian,toyota,Japanese
20,2008,bahrain,Sakhir,5.412,15,sutil,German,force_india,Indian
11,2008,bahrain,Sakhir,5.412,15,webber,Australian,red_bull,Austrian
9,2008,bahrain,Sakhir,5.412,15,button,British,honda,Japanese
21,2008,bahrain,Sakhir,5.412,15,davidson,British,super_aguri,Japanese
18,2008,bahrain,Sakhir,5.412,15,fisichella,Italian,force_india,Indian
7,2008,catalunya,Montmeló,4.657,14,webber,Australian,red_bull,Austrian
13,2008,catalunya,Montmeló,4.657,14,button,British,honda,Japanese
15,2008,bahrain,Sakhir,5.412,15,bourdais,French,toro_rosso,Italian
4,2008,bahrain,Sakhir,5.412,15,raikkonen,Finnish,ferrari,Italian
1,2008,bahrain,Sakhir,5.412,15,kubica,Polish,bmw_sauber,German
13,2008,bahrain,Sakhir,5.412,15,glock,German,toyota,Japanese
22,2008,bahrain,Sakhir,5.412,15,sato,Japanese,super_aguri,Japanese
14,2008,bahrain,Sakhir,5.412,15,piquet_jr,Brazilian,renault,French
1,2008,catalunya,Montmeló,4.657,14,raikkonen,Finnish,ferrari,Italian
4,2008,catalunya,Montmeló,4.657,14,kubica,Polish,bmw_sauber,German
6,2008,monaco,Monte-Carlo,3.337,19,rosberg,German,williams,British
7,2008,monaco,Monte-Carlo,3.337,19,alonso,Spanish,renault,French
4,2008,monaco,Monte-Carlo,3.337,19,kovalainen,Finnish,mclaren,British
13,2008,monaco,Monte-Carlo,3.337,19,nakajima,Japanese,williams,British
16,2008,monaco,Monte-Carlo,3.337,19,bourdais,French,toro_rosso,Italian
2,2008,monaco,Monte-Carlo,3.337,19,raikkonen,Finnish,ferrari,Italian
12,2008,bahrain,Sakhir,5.412,15,barrichello,Brazilian,honda,Japanese
5,2008,catalunya,Montmeló,4.657,14,hamilton,British,mclaren,British
8,2008,istanbul,Istanbul,5.338,14,trulli,Italian,toyota,Japanese
19,2008,istanbul,Istanbul,5.338,14,sutil,German,force_india,Indian
6,2008,istanbul,Istanbul,5.338,14,webber,Australian,red_bull,Austrian
13,2008,istanbul,Istanbul,5.338,14,button,British,honda,Japanese
14,2008,istanbul,Istanbul,5.338,14,vettel,German,toro_rosso,Italian
12,2008,istanbul,Istanbul,5.338,14,barrichello,Brazilian,honda,Japanese
11,2008,monaco,Monte-Carlo,3.337,19,button,British,honda,Japanese
19,2008,monaco,Monte-Carlo,3.337,19,vettel,German,toro_rosso,Italian
19,2008,fuji,Oyama,4.563,16,sutil,German,force_india,Indian
13,2008,fuji,Oyama,4.563,16,webber,Australian,red_bull,Austrian
18,2008,fuji,Oyama,4.563,16,button,British,honda,Japanese
9,2008,fuji,Oyama,4.563,16,vettel,German,toro_rosso,Italian
20,2008,fuji,Oyama,4.563,16,fisichella,Italian,force_india,Indian
17,2008,fuji,Oyama,4.563,16,barrichello,Brazilian,honda,Japanese
18,2008,shanghai,Shanghai,5.451,16,button,British,honda,Japanese
6,2008,shanghai,Shanghai,5.451,16,vettel,German,toro_rosso,Italian
14,2008,fuji,Oyama,4.563,16,nakajima,Japanese,williams,British
10,2008,fuji,Oyama,4.563,16,bourdais,French,toro_rosso,Italian
2,2008,fuji,Oyama,4.563,16,raikkonen,Finnish,ferrari,Italian
6,2008,fuji,Oyama,4.563,16,kubica,Polish,bmw_sauber,German
8,2008,fuji,Oyama,4.563,16,glock,German,toyota,Japanese
12,2008,fuji,Oyama,4.563,16,piquet_jr,Brazilian,renault,French
11,2008,shanghai,Shanghai,5.451,16,kubica,Polish,bmw_sauber,German
12,2008,shanghai,Shanghai,5.451,16,glock,German,toyota,Japanese
17,2008,sepang,Kuala Lumpur,5.543,15,fisichella,Italian,force_india,Indian
14,2008,sepang,Kuala Lumpur,5.543,15,barrichello,Brazilian,honda,Japanese
3,2008,bahrain,Sakhir,5.412,15,hamilton,British,mclaren,British
6,2008,bahrain,Sakhir,5.412,15,heidfeld,German,bmw_sauber,German
8,2008,bahrain,Sakhir,5.412,15,rosberg,German,williams,British
10,2008,bahrain,Sakhir,5.412,15,alonso,Spanish,renault,French
1,2008,shanghai,Shanghai,5.451,16,hamilton,British,mclaren,British
9,2008,shanghai,Shanghai,5.451,16,heidfeld,German,bmw_sauber,German
1,2008,sepang,Kuala Lumpur,5.543,15,massa,Brazilian,ferrari,Italian
12,2008,sepang,Kuala Lumpur,5.543,15,coulthard,British,red_bull,Austrian
3,2008,sepang,Kuala Lumpur,5.543,15,trulli,Italian,toyota,Japanese
20,2008,sepang,Kuala Lumpur,5.543,15,sutil,German,force_india,Indian
6,2008,sepang,Kuala Lumpur,5.543,15,webber,Australian,red_bull,Austrian
11,2008,sepang,Kuala Lumpur,5.543,15,button,British,honda,Japanese
2,2008,bahrain,Sakhir,5.412,15,massa,Brazilian,ferrari,Italian
17,2008,bahrain,Sakhir,5.412,15,coulthard,British,red_bull,Austrian
12,2009,sepang,Kuala Lumpur,5.543,15,hamilton,British,mclaren,British
10,2009,sepang,Kuala Lumpur,5.543,15,heidfeld,German,bmw_sauber,German
4,2009,sepang,Kuala Lumpur,5.543,15,rosberg,German,williams,British
9,2009,sepang,Kuala Lumpur,5.543,15,alonso,Spanish,renault,French
11,2009,sepang,Kuala Lumpur,5.543,15,nakajima,Japanese,williams,British
15,2009,sepang,Kuala Lumpur,5.543,15,bourdais,French,toro_rosso,Italian
7,2009,sepang,Kuala Lumpur,5.543,15,raikkonen,Finnish,ferrari,Italian
6,2009,sepang,Kuala Lumpur,5.543,15,kubica,Polish,bmw_sauber,German
8,2009,albert_park,Melbourne,5.278,16,webber,Australian,red_bull,Austrian
1,2009,albert_park,Melbourne,5.278,16,button,British,brawn,British
3,2009,albert_park,Melbourne,5.278,16,vettel,German,red_bull,Austrian
15,2009,albert_park,Melbourne,5.278,16,fisichella,Italian,force_india,Indian
2,2009,albert_park,Melbourne,5.278,16,barrichello,Brazilian,brawn,British
13,2009,albert_park,Melbourne,5.278,16,buemi,Swiss,toro_rosso,Italian
6,2009,catalunya,Montmeló,4.657,14,glock,German,toyota,Japanese
12,2009,catalunya,Montmeló,4.657,14,piquet_jr,Brazilian,renault,French
18,2009,bahrain,Sakhir,5.412,15,webber,Australian,red_bull,Austrian
4,2009,bahrain,Sakhir,5.412,15,button,British,brawn,British
3,2009,bahrain,Sakhir,5.412,15,vettel,German,red_bull,Austrian
17,2009,bahrain,Sakhir,5.412,15,fisichella,Italian,force_india,Indian
6,2009,bahrain,Sakhir,5.412,15,barrichello,Brazilian,brawn,British
16,2009,bahrain,Sakhir,5.412,15,buemi,Swiss,toro_rosso,Italian
2,2009,sepang,Kuala Lumpur,5.543,15,trulli,Italian,toyota,Japanese
4,2009,shanghai,Shanghai,5.451,16,barrichello,Brazilian,brawn,British
10,2009,shanghai,Shanghai,5.451,16,buemi,Swiss,toro_rosso,Italian
5,2009,bahrain,Sakhir,5.412,15,hamilton,British,mclaren,British
14,2009,bahrain,Sakhir,5.412,15,heidfeld,German,bmw_sauber,German
9,2009,bahrain,Sakhir,5.412,15,rosberg,German,williams,British
7,2009,bahrain,Sakhir,5.412,15,alonso,Spanish,renault,French
11,2009,bahrain,Sakhir,5.412,15,kovalainen,Finnish,mclaren,British
12,2009,bahrain,Sakhir,5.412,15,nakajima,Japanese,williams,British
16,2009,shanghai,Shanghai,5.451,16,piquet_jr,Brazilian,renault,French
14,2009,catalunya,Montmeló,4.657,14,hamilton,British,mclaren,British
13,2009,catalunya,Montmeló,4.657,14,heidfeld,German,bmw_sauber,German
20,2009,bahrain,Sakhir,5.412,15,bourdais,French,toro_rosso,Italian
10,2009,bahrain,Sakhir,5.412,15,raikkonen,Finnish,ferrari,Italian
13,2009,bahrain,Sakhir,5.412,15,kubica,Polish,bmw_sauber,German
2,2009,bahrain,Sakhir,5.412,15,glock,German,toyota,Japanese
3,2009,sepang,Kuala Lumpur,5.543,15,glock,German,toyota,Japanese
8,2009,bahrain,Sakhir,5.412,15,massa,Brazilian,ferrari,Italian
1,2009,bahrain,Sakhir,5.412,15,trulli,Italian,toyota,Japanese
19,2009,bahrain,Sakhir,5.412,15,sutil,German,force_india,Indian
19,2009,albert_park,Melbourne,5.278,16,glock,German,toyota,Japanese
14,2009,albert_park,Melbourne,5.278,16,piquet_jr,Brazilian,renault,French
6,2009,albert_park,Melbourne,5.278,16,massa,Brazilian,ferrari,Italian
20,2009,albert_park,Melbourne,5.278,16,trulli,Italian,toyota,Japanese
10,2009,yas_marina,Abu Dhabi,5.281,16,buemi,Swiss,toro_rosso,Italian
14,2009,yas_marina,Abu Dhabi,5.281,16,alguersuari,Spanish,toro_rosso,Italian
19,2009,yas_marina,Abu Dhabi,5.281,16,grosjean,French,renault,French
12,2009,yas_marina,Abu Dhabi,5.281,16,kobayashi,Japanese,toyota,Japanese
6,2009,yas_marina,Abu Dhabi,5.281,16,trulli,Italian,toyota,Japanese
17,2009,yas_marina,Abu Dhabi,5.281,16,sutil,German,force_india,Indian
3,2009,yas_marina,Abu Dhabi,5.281,16,webber,Australian,red_bull,Austrian
5,2009,yas_marina,Abu Dhabi,5.281,16,button,British,brawn,British
2,2009,yas_marina,Abu Dhabi,5.281,16,vettel,German,red_bull,Austrian
20,2009,yas_marina,Abu Dhabi,5.281,16,fisichella,Italian,ferrari,Italian
4,2009,yas_marina,Abu Dhabi,5.281,16,barrichello,Brazilian,brawn,British
16,2009,yas_marina,Abu Dhabi,5.281,16,liuzzi,Italian,force_india,Indian
1,2009,yas_marina,Abu Dhabi,5.281,16,hamilton,British,mclaren,British
8,2009,yas_marina,Abu Dhabi,5.281,16,heidfeld,German,bmw_sauber,German
9,2009,yas_marina,Abu Dhabi,5.281,16,rosberg,German,williams,British
15,2009,yas_marina,Abu Dhabi,5.281,16,alonso,Spanish,renault,French
18,2009,yas_marina,Abu Dhabi,5.281,16,kovalainen,Finnish,mclaren,British
13,2009,yas_marina,Abu Dhabi,5.281,16,nakajima,Japanese,williams,British
11,2009,yas_marina,Abu Dhabi,5.281,16,raikkonen,Finnish,ferrari,Italian
7,2009,yas_marina,Abu Dhabi,5.281,16,kubica,Polish,bmw_sauber,German
15,2009,interlagos,São Paulo,4.309,15,vettel,German,red_bull,Austrian
19,2009,interlagos,São Paulo,4.309,15,fisichella,Italian,ferrari,Italian
1,2009,interlagos,São Paulo,4.309,15,barrichello,Brazilian,brawn,British
20,2009,interlagos,São Paulo,4.309,15,liuzzi,Italian,force_india,Indian
6,2009,interlagos,São Paulo,4.309,15,buemi,Swiss,toro_rosso,Italian
12,2009,interlagos,São Paulo,4.309,15,alguersuari,Spanish,toro_rosso,Italian
13,2009,interlagos,São Paulo,4.309,15,grosjean,French,renault,French
11,2009,interlagos,São Paulo,4.309,15,kobayashi,Japanese,toyota,Japanese
18,2009,interlagos,São Paulo,4.309,15,heidfeld,German,bmw_sauber,German
7,2009,interlagos,São Paulo,4.309,15,rosberg,German,williams,British
16,2009,interlagos,São Paulo,4.309,15,kovalainen,Finnish,mclaren,British
9,2009,interlagos,São Paulo,4.309,15,nakajima,Japanese,williams,British
5,2009,interlagos,São Paulo,4.309,15,raikkonen,Finnish,ferrari,Italian
8,2009,interlagos,São Paulo,4.309,15,kubica,Polish,bmw_sauber,German
2,2009,interlagos,São Paulo,4.309,15,webber,Australian,red_bull,Austrian
14,2009,interlagos,São Paulo,4.309,15,button,British,brawn,British
1,2009,suzuka,Suzuka,5.807,18,vettel,German,red_bull,Austrian
14,2009,suzuka,Suzuka,5.807,18,fisichella,Italian,ferrari,Italian
6,2009,suzuka,Suzuka,5.807,18,barrichello,Brazilian,brawn,British
18,2009,suzuka,Suzuka,5.807,18,liuzzi,Italian,force_india,Indian
13,2009,suzuka,Suzuka,5.807,18,buemi,Swiss,toro_rosso,Italian
12,2009,suzuka,Suzuka,5.807,18,alguersuari,Spanish,toro_rosso,Italian
17,2009,suzuka,Suzuka,5.807,18,grosjean,French,renault,French
17,2009,interlagos,São Paulo,4.309,15,hamilton,British,mclaren,British
11,2009,suzuka,Suzuka,5.807,18,kovalainen,Finnish,mclaren,British
15,2009,suzuka,Suzuka,5.807,18,nakajima,Japanese,williams,British
5,2009,suzuka,Suzuka,5.807,18,raikkonen,Finnish,ferrari,Italian
9,2009,suzuka,Suzuka,5.807,18,kubica,Polish,bmw_sauber,German
2,2009,suzuka,Suzuka,5.807,18,trulli,Italian,toyota,Japanese
8,2009,suzuka,Suzuka,5.807,18,sutil,German,force_india,Indian
19,2009,suzuka,Suzuka,5.807,18,webber,Australian,red_bull,Austrian
10,2009,suzuka,Suzuka,5.807,18,button,British,brawn,British
19,2009,marina_bay,Marina Bay,4.94,19,liuzzi,Italian,force_india,Indian
13,2009,marina_bay,Marina Bay,4.94,19,buemi,Swiss,toro_rosso,Italian
16,2009,marina_bay,Marina Bay,4.94,19,alguersuari,Spanish,toro_rosso,Italian
18,2009,marina_bay,Marina Bay,4.94,19,grosjean,French,renault,French
3,2009,suzuka,Suzuka,5.807,18,hamilton,British,mclaren,British
4,2009,suzuka,Suzuka,5.807,18,heidfeld,German,bmw_sauber,German
7,2009,suzuka,Suzuka,5.807,18,rosberg,German,williams,British
16,2009,suzuka,Suzuka,5.807,18,alonso,Spanish,renault,French
6,2009,marina_bay,Marina Bay,4.94,19,glock,German,toyota,Japanese
14,2009,marina_bay,Marina Bay,4.94,19,trulli,Italian,toyota,Japanese
15,2009,marina_bay,Marina Bay,4.94,19,sutil,German,force_india,Indian
4,2009,marina_bay,Marina Bay,4.94,19,webber,Australian,red_bull,Austrian
11,2009,marina_bay,Marina Bay,4.94,19,button,British,brawn,British
2,2009,marina_bay,Marina Bay,4.94,19,vettel,German,red_bull,Austrian
17,2009,marina_bay,Marina Bay,4.94,19,fisichella,Italian,ferrari,Italian
9,2009,marina_bay,Marina Bay,4.94,19,barrichello,Brazilian,brawn,British
1,2009,marina_bay,Marina Bay,4.94,19,hamilton,British,mclaren,British
20,2009,marina_bay,Marina Bay,4.94,19,heidfeld,German,bmw_sauber,German
3,2009,marina_bay,Marina Bay,4.94,19,rosberg,German,williams,British
5,2009,marina_bay,Marina Bay,4.94,19,alonso,Spanish,renault,French
8,2009,marina_bay,Marina Bay,4.94,19,kovalainen,Finnish,mclaren,British
10,2009,marina_bay,Marina Bay,4.94,19,nakajima,Japanese,williams,British
12,2009,marina_bay,Marina Bay,4.94,19,raikkonen,Finnish,ferrari,Italian
7,2009,marina_bay,Marina Bay,4.94,19,kubica,Polish,bmw_sauber,German
10,2009,monza,Monza,5.793,11,webber,Australian,red_bull,Austrian
6,2009,monza,Monza,5.793,11,button,British,brawn,British
9,2009,monza,Monza,5.793,11,vettel,German,red_bull,Austrian
14,2009,monza,Monza,5.793,11,fisichella,Italian,ferrari,Italian
5,2009,monza,Monza,5.793,11,barrichello,Brazilian,brawn,British
7,2009,monza,Monza,5.793,11,liuzzi,Italian,force_india,Indian
19,2009,monza,Monza,5.793,11,buemi,Swiss,toro_rosso,Italian
12,2009,monza,Monza,5.793,11,grosjean,French,renault,French
8,2009,monza,Monza,5.793,11,alonso,Spanish,renault,French
4,2009,monza,Monza,5.793,11,kovalainen,Finnish,mclaren,British
17,2009,monza,Monza,5.793,11,nakajima,Japanese,williams,British
3,2009,monza,Monza,5.793,11,raikkonen,Finnish,ferrari,Italian
13,2009,monza,Monza,5.793,11,kubica,Polish,bmw_sauber,German
16,2009,monza,Monza,5.793,11,glock,German,toyota,Japanese
11,2009,monza,Monza,5.793,11,trulli,Italian,toyota,Japanese
2,2009,monza,Monza,5.793,11,sutil,German,force_india,Indian
8,2009,spa,Spa,7.004,20,vettel,German,red_bull,Austrian
1,2009,spa,Spa,7.004,20,fisichella,Italian,force_india,Indian
4,2009,spa,Spa,7.004,20,barrichello,Brazilian,brawn,British
16,2009,spa,Spa,7.004,20,buemi,Swiss,toro_rosso,Italian
20,2009,spa,Spa,7.004,20,badoer,Italian,ferrari,Italian
1,2009,monza,Monza,5.793,11,hamilton,British,mclaren,British
15,2009,monza,Monza,5.793,11,heidfeld,German,bmw_sauber,German
18,2009,monza,Monza,5.793,11,rosberg,German,williams,British
15,2009,spa,Spa,7.004,20,kovalainen,Finnish,mclaren,British
18,2009,spa,Spa,7.004,20,nakajima,Japanese,williams,British
6,2009,spa,Spa,7.004,20,raikkonen,Finnish,ferrari,Italian
5,2009,spa,Spa,7.004,20,kubica,Polish,bmw_sauber,German
7,2009,spa,Spa,7.004,20,glock,German,toyota,Japanese
2,2009,spa,Spa,7.004,20,trulli,Italian,toyota,Japanese
11,2009,spa,Spa,7.004,20,sutil,German,force_india,Indian
9,2009,spa,Spa,7.004,20,webber,Australian,red_bull,Austrian
3,2009,valencia,Valencia,5.419,25,barrichello,Brazilian,brawn,British
15,2009,valencia,Valencia,5.419,25,buemi,Swiss,toro_rosso,Italian
20,2009,valencia,Valencia,5.419,25,badoer,Italian,ferrari,Italian
19,2009,valencia,Valencia,5.419,25,alguersuari,Spanish,toro_rosso,Italian
14,2009,valencia,Valencia,5.419,25,grosjean,French,renault,French
3,2009,spa,Spa,7.004,20,heidfeld,German,bmw_sauber,German
10,2009,spa,Spa,7.004,20,rosberg,German,williams,British
13,2009,spa,Spa,7.004,20,alonso,Spanish,renault,French
10,2009,valencia,Valencia,5.419,25,kubica,Polish,bmw_sauber,German
13,2009,valencia,Valencia,5.419,25,glock,German,toyota,Japanese
18,2009,valencia,Valencia,5.419,25,trulli,Italian,toyota,Japanese
12,2009,valencia,Valencia,5.419,25,sutil,German,force_india,Indian
9,2009,valencia,Valencia,5.419,25,webber,Australian,red_bull,Austrian
5,2009,valencia,Valencia,5.419,25,button,British,brawn,British
4,2009,valencia,Valencia,5.419,25,vettel,German,red_bull,Austrian
16,2009,valencia,Valencia,5.419,25,fisichella,Italian,force_india,Indian
19,2009,hungaroring,Budapest,4.381,14,alguersuari,Spanish,toro_rosso,Italian
1,2009,valencia,Valencia,5.419,25,hamilton,British,mclaren,British
11,2009,valencia,Valencia,5.419,25,heidfeld,German,bmw_sauber,German
7,2009,valencia,Valencia,5.419,25,rosberg,German,williams,British
8,2009,valencia,Valencia,5.419,25,alonso,Spanish,renault,French
2,2009,valencia,Valencia,5.419,25,kovalainen,Finnish,mclaren,British
17,2009,valencia,Valencia,5.419,25,nakajima,Japanese,williams,British
6,2009,valencia,Valencia,5.419,25,raikkonen,Finnish,ferrari,Italian
11,2009,hungaroring,Budapest,4.381,14,trulli,Italian,toyota,Japanese
17,2009,hungaroring,Budapest,4.381,14,sutil,German,force_india,Indian
3,2009,hungaroring,Budapest,4.381,14,webber,Australian,red_bull,Austrian
8,2009,hungaroring,Budapest,4.381,14,button,British,brawn,British
2,2009,hungaroring,Budapest,4.381,14,vettel,German,red_bull,Austrian
16,2009,hungaroring,Budapest,4.381,14,fisichella,Italian,force_india,Indian
12,2009,hungaroring,Budapest,4.381,14,barrichello,Brazilian,brawn,British
10,2009,hungaroring,Budapest,4.381,14,buemi,Swiss,toro_rosso,Italian
5,2009,hungaroring,Budapest,4.381,14,rosberg,German,williams,British
1,2009,hungaroring,Budapest,4.381,14,alonso,Spanish,renault,French
6,2009,hungaroring,Budapest,4.381,14,kovalainen,Finnish,mclaren,British
9,2009,hungaroring,Budapest,4.381,14,nakajima,Japanese,williams,British
7,2009,hungaroring,Budapest,4.381,14,raikkonen,Finnish,ferrari,Italian
18,2009,hungaroring,Budapest,4.381,14,kubica,Polish,bmw_sauber,German
13,2009,hungaroring,Budapest,4.381,14,glock,German,toyota,Japanese
14,2009,hungaroring,Budapest,4.381,14,piquet_jr,Brazilian,renault,French
1,2009,nurburgring,Nürburg,5.148,15,webber,Australian,red_bull,Austrian
3,2009,nurburgring,Nürburg,5.148,15,button,British,brawn,British
4,2009,nurburgring,Nürburg,5.148,15,vettel,German,red_bull,Austrian
18,2009,nurburgring,Nürburg,5.148,15,fisichella,Italian,force_india,Indian
2,2009,nurburgring,Nürburg,5.148,15,barrichello,Brazilian,brawn,British
17,2009,nurburgring,Nürburg,5.148,15,buemi,Swiss,toro_rosso,Italian
4,2009,hungaroring,Budapest,4.381,14,hamilton,British,mclaren,British
15,2009,hungaroring,Budapest,4.381,14,heidfeld,German,bmw_sauber,German
19,2009,nurburgring,Nürburg,5.148,15,bourdais,French,toro_rosso,Italian
9,2009,nurburgring,Nürburg,5.148,15,raikkonen,Finnish,ferrari,Italian
16,2009,nurburgring,Nürburg,5.148,15,kubica,Polish,bmw_sauber,German
20,2009,nurburgring,Nürburg,5.148,15,glock,German,toyota,Japanese
10,2009,nurburgring,Nürburg,5.148,15,piquet_jr,Brazilian,renault,French
8,2009,nurburgring,Nürburg,5.148,15,massa,Brazilian,ferrari,Italian
14,2009,nurburgring,Nürburg,5.148,15,trulli,Italian,toyota,Japanese
7,2009,nurburgring,Nürburg,5.148,15,sutil,German,force_india,Indian
2,2009,silverstone,Silverstone,5.891,18,barrichello,Brazilian,brawn,British
19,2009,silverstone,Silverstone,5.891,18,buemi,Swiss,toro_rosso,Italian
5,2009,nurburgring,Nürburg,5.148,15,hamilton,British,mclaren,British
11,2009,nurburgring,Nürburg,5.148,15,heidfeld,German,bmw_sauber,German
15,2009,nurburgring,Nürburg,5.148,15,rosberg,German,williams,British
12,2009,nurburgring,Nürburg,5.148,15,alonso,Spanish,renault,French
6,2009,nurburgring,Nürburg,5.148,15,kovalainen,Finnish,mclaren,British
13,2009,nurburgring,Nürburg,5.148,15,nakajima,Japanese,williams,British
14,2009,silverstone,Silverstone,5.891,18,piquet_jr,Brazilian,renault,French
11,2009,silverstone,Silverstone,5.891,18,massa,Brazilian,ferrari,Italian
4,2009,silverstone,Silverstone,5.891,18,trulli,Italian,toyota,Japanese
20,2009,silverstone,Silverstone,5.891,18,sutil,German,force_india,Indian
3,2009,silverstone,Silverstone,5.891,18,webber,Australian,red_bull,Austrian
6,2009,silverstone,Silverstone,5.891,18,button,British,brawn,British
1,2009,silverstone,Silverstone,5.891,18,vettel,German,red_bull,Austrian
16,2009,silverstone,Silverstone,5.891,18,fisichella,Italian,force_india,Indian
7,2009,silverstone,Silverstone,5.891,18,rosberg,German,williams,British
10,2009,silverstone,Silverstone,5.891,18,alonso,Spanish,renault,French
13,2009,silverstone,Silverstone,5.891,18,kovalainen,Finnish,mclaren,British
5,2009,silverstone,Silverstone,5.891,18,nakajima,Japanese,williams,British
17,2009,silverstone,Silverstone,5.891,18,bourdais,French,toro_rosso,Italian
9,2009,silverstone,Silverstone,5.891,18,raikkonen,Finnish,ferrari,Italian
12,2009,silverstone,Silverstone,5.891,18,kubica,Polish,bmw_sauber,German
8,2009,silverstone,Silverstone,5.891,18,glock,German,toyota,Japanese
4,2009,istanbul,Istanbul,5.338,14,webber,Australian,red_bull,Austrian
2,2009,istanbul,Istanbul,5.338,14,button,British,brawn,British
1,2009,istanbul,Istanbul,5.338,14,vettel,German,red_bull,Austrian
19,2009,istanbul,Istanbul,5.338,14,fisichella,Italian,force_india,Indian
3,2009,istanbul,Istanbul,5.338,14,barrichello,Brazilian,brawn,British
18,2009,istanbul,Istanbul,5.338,14,buemi,Swiss,toro_rosso,Italian
18,2009,silverstone,Silverstone,5.891,18,hamilton,British,mclaren,British
15,2009,silverstone,Silverstone,5.891,18,heidfeld,German,bmw_sauber,German
20,2009,istanbul,Istanbul,5.338,14,bourdais,French,toro_rosso,Italian
6,2009,istanbul,Istanbul,5.338,14,raikkonen,Finnish,ferrari,Italian
10,2009,istanbul,Istanbul,5.338,14,kubica,Polish,bmw_sauber,German
13,2009,istanbul,Istanbul,5.338,14,glock,German,toyota,Japanese
17,2009,istanbul,Istanbul,5.338,14,piquet_jr,Brazilian,renault,French
7,2009,istanbul,Istanbul,5.338,14,massa,Brazilian,ferrari,Italian
5,2009,istanbul,Istanbul,5.338,14,trulli,Italian,toyota,Japanese
15,2009,istanbul,Istanbul,5.338,14,sutil,German,force_india,Indian
3,2009,monaco,Monte-Carlo,3.337,19,barrichello,Brazilian,brawn,British
11,2009,monaco,Monte-Carlo,3.337,19,buemi,Swiss,toro_rosso,Italian
16,2009,istanbul,Istanbul,5.338,14,hamilton,British,mclaren,British
11,2009,istanbul,Istanbul,5.338,14,heidfeld,German,bmw_sauber,German
9,2009,istanbul,Istanbul,5.338,14,rosberg,German,williams,British
8,2009,istanbul,Istanbul,5.338,14,alonso,Spanish,renault,French
14,2009,istanbul,Istanbul,5.338,14,kovalainen,Finnish,mclaren,British
12,2009,istanbul,Istanbul,5.338,14,nakajima,Japanese,williams,British
12,2009,monaco,Monte-Carlo,3.337,19,piquet_jr,Brazilian,renault,French
5,2009,monaco,Monte-Carlo,3.337,19,massa,Brazilian,ferrari,Italian
18,2009,monaco,Monte-Carlo,3.337,19,trulli,Italian,toyota,Japanese
15,2009,monaco,Monte-Carlo,3.337,19,sutil,German,force_india,Indian
8,2009,monaco,Monte-Carlo,3.337,19,webber,Australian,red_bull,Austrian
1,2009,monaco,Monte-Carlo,3.337,19,button,British,brawn,British
4,2009,monaco,Monte-Carlo,3.337,19,vettel,German,red_bull,Austrian
13,2009,monaco,Monte-Carlo,3.337,19,fisichella,Italian,force_india,Indian
6,2009,monaco,Monte-Carlo,3.337,19,rosberg,German,williams,British
9,2009,monaco,Monte-Carlo,3.337,19,alonso,Spanish,renault,French
7,2009,monaco,Monte-Carlo,3.337,19,kovalainen,Finnish,mclaren,British
10,2009,monaco,Monte-Carlo,3.337,19,nakajima,Japanese,williams,British
14,2009,monaco,Monte-Carlo,3.337,19,bourdais,French,toro_rosso,Italian
2,2009,monaco,Monte-Carlo,3.337,19,raikkonen,Finnish,ferrari,Italian
17,2009,monaco,Monte-Carlo,3.337,19,kubica,Polish,bmw_sauber,German
20,2009,monaco,Monte-Carlo,3.337,19,glock,German,toyota,Japanese
4,2009,catalunya,Montmeló,4.657,14,massa,Brazilian,ferrari,Italian
5,2009,catalunya,Montmeló,4.657,14,webber,Australian,red_bull,Austrian
1,2009,catalunya,Montmeló,4.657,14,button,British,brawn,British
2,2009,catalunya,Montmeló,4.657,14,vettel,German,red_bull,Austrian
20,2009,catalunya,Montmeló,4.657,14,fisichella,Italian,force_india,Indian
3,2009,catalunya,Montmeló,4.657,14,barrichello,Brazilian,brawn,British
19,2009,monaco,Monte-Carlo,3.337,19,hamilton,British,mclaren,British
16,2009,monaco,Monte-Carlo,3.337,19,heidfeld,German,bmw_sauber,German
9,2009,catalunya,Montmeló,4.657,14,rosberg,German,williams,British
8,2009,catalunya,Montmeló,4.657,14,alonso,Spanish,renault,French
18,2009,catalunya,Montmeló,4.657,14,kovalainen,Finnish,mclaren,British
11,2009,catalunya,Montmeló,4.657,14,nakajima,Japanese,williams,British
16,2009,catalunya,Montmeló,4.657,14,raikkonen,Finnish,ferrari,Italian
10,2009,catalunya,Montmeló,4.657,14,kubica,Polish,bmw_sauber,German
16,2009,albert_park,Melbourne,5.278,16,sutil,German,force_india,Indian
5,2009,sepang,Kuala Lumpur,5.543,15,webber,Australian,red_bull,Austrian
9,2009,albert_park,Melbourne,5.278,16,heidfeld,German,bmw_sauber,German
5,2009,albert_park,Melbourne,5.278,16,rosberg,German,williams,British
10,2009,albert_park,Melbourne,5.278,16,alonso,Spanish,renault,French
11,2009,albert_park,Melbourne,5.278,16,nakajima,Japanese,williams,British
17,2009,albert_park,Melbourne,5.278,16,bourdais,French,toro_rosso,Italian
7,2009,albert_park,Melbourne,5.278,16,raikkonen,Finnish,ferrari,Italian
19,2009,sepang,Kuala Lumpur,5.543,15,sutil,German,force_india,Indian
13,2009,shanghai,Shanghai,5.451,16,massa,Brazilian,ferrari,Italian
6,2009,shanghai,Shanghai,5.451,16,trulli,Italian,toyota,Japanese
18,2009,shanghai,Shanghai,5.451,16,sutil,German,force_india,Indian
3,2009,shanghai,Shanghai,5.451,16,webber,Australian,red_bull,Austrian
5,2009,shanghai,Shanghai,5.451,16,button,British,brawn,British
1,2009,shanghai,Shanghai,5.451,16,vettel,German,red_bull,Austrian
20,2009,shanghai,Shanghai,5.451,16,fisichella,Italian,force_india,Indian
7,2009,shanghai,Shanghai,5.451,16,rosberg,German,williams,British
2,2009,shanghai,Shanghai,5.451,16,alonso,Spanish,renault,French
12,2009,shanghai,Shanghai,5.451,16,kovalainen,Finnish,mclaren,British
14,2009,shanghai,Shanghai,5.451,16,nakajima,Japanese,williams,British
15,2009,shanghai,Shanghai,5.451,16,bourdais,French,toro_rosso,Italian
8,2009,shanghai,Shanghai,5.451,16,raikkonen,Finnish,ferrari,Italian
17,2009,shanghai,Shanghai,5.451,16,kubica,Polish,bmw_sauber,German
19,2009,shanghai,Shanghai,5.451,16,glock,German,toyota,Japanese
4,2009,albert_park,Melbourne,5.278,16,kubica,Polish,bmw_sauber,German
1,2009,sepang,Kuala Lumpur,5.543,15,button,British,brawn,British
13,2009,sepang,Kuala Lumpur,5.543,15,vettel,German,red_bull,Austrian
18,2009,sepang,Kuala Lumpur,5.543,15,fisichella,Italian,force_india,Indian
8,2009,sepang,Kuala Lumpur,5.543,15,barrichello,Brazilian,brawn,British
20,2009,sepang,Kuala Lumpur,5.543,15,buemi,Swiss,toro_rosso,Italian
9,2009,shanghai,Shanghai,5.451,16,hamilton,British,mclaren,British
11,2009,shanghai,Shanghai,5.451,16,heidfeld,German,bmw_sauber,German
17,2009,sepang,Kuala Lumpur,5.543,15,piquet_jr,Brazilian,renault,French
16,2009,sepang,Kuala Lumpur,5.543,15,massa,Brazilian,ferrari,Italian
18,2009,albert_park,Melbourne,5.278,16,hamilton,British,mclaren,British
15,2009,bahrain,Sakhir,5.412,15,piquet_jr,Brazilian,renault,French
2,2010,sepang,Kuala Lumpur,5.543,15,rosberg,German,mercedes,German
19,2010,sepang,Kuala Lumpur,5.543,15,alonso,Spanish,ferrari,Italian
11,2010,sepang,Kuala Lumpur,5.543,15,petrov,Russian,renault,French
24,2010,sepang,Kuala Lumpur,5.543,15,grassi,Brazilian,virgin,British
16,2010,sepang,Kuala Lumpur,5.543,15,glock,German,virgin,British
21,2010,sepang,Kuala Lumpur,5.543,15,massa,Brazilian,ferrari,Italian
18,2010,sepang,Kuala Lumpur,5.543,15,trulli,Italian,lotus_racing,Malaysian
4,2010,sepang,Kuala Lumpur,5.543,15,sutil,German,force_india,Indian
6,2010,sepang,Kuala Lumpur,5.543,15,kubica,Polish,renault,French
4,2010,albert_park,Melbourne,5.278,16,button,British,mclaren,British
3,2010,sepang,Kuala Lumpur,5.543,15,vettel,German,red_bull,Austrian
7,2010,sepang,Kuala Lumpur,5.543,15,barrichello,Brazilian,williams,British
24,2010,albert_park,Melbourne,5.278,16,grassi,Brazilian,virgin,British
21,2010,albert_park,Melbourne,5.278,16,bruno_senna,Brazilian,hrt,Spanish
22,2010,albert_park,Melbourne,5.278,16,chandhok,Indian,hrt,Spanish
20,2010,sepang,Kuala Lumpur,5.543,15,hamilton,British,mclaren,British
18,2010,albert_park,Melbourne,5.278,16,petrov,Russian,renault,French
4,2010,catalunya,Montmeló,4.657,14,alonso,Spanish,ferrari,Italian
7,2010,catalunya,Montmeló,4.657,14,kubica,Polish,renault,French
22,2010,catalunya,Montmeló,4.657,14,glock,German,virgin,British
9,2010,catalunya,Montmeló,4.657,14,massa,Brazilian,ferrari,Italian
18,2010,catalunya,Montmeló,4.657,14,trulli,Italian,lotus_racing,Malaysian
11,2010,catalunya,Montmeló,4.657,14,sutil,German,force_india,Indian
15,2010,sepang,Kuala Lumpur,5.543,15,kovalainen,Finnish,lotus_racing,Malaysian
5,2010,catalunya,Montmeló,4.657,14,button,British,mclaren,British
12,2010,shanghai,Shanghai,5.451,16,alguersuari,Spanish,toro_rosso,Italian
16,2010,shanghai,Shanghai,5.451,16,hulkenberg,German,williams,British
14,2010,shanghai,Shanghai,5.451,16,petrov,Russian,renault,French
22,2010,shanghai,Shanghai,5.451,16,grassi,Brazilian,virgin,British
23,2010,shanghai,Shanghai,5.451,16,bruno_senna,Brazilian,hrt,Spanish
24,2010,shanghai,Shanghai,5.451,16,chandhok,Indian,hrt,Spanish
17,2010,albert_park,Melbourne,5.278,16,alguersuari,Spanish,toro_rosso,Italian
13,2010,catalunya,Montmeló,4.657,14,hulkenberg,German,williams,British
19,2010,catalunya,Montmeló,4.657,14,petrov,Russian,renault,French
23,2010,catalunya,Montmeló,4.657,14,grassi,Brazilian,virgin,British
24,2010,catalunya,Montmeló,4.657,14,chandhok,Indian,hrt,Spanish
5,2010,monaco,Monte-Carlo,3.337,19,hamilton,British,mclaren,British
6,2010,monaco,Monte-Carlo,3.337,19,rosberg,German,mercedes,German
16,2010,monaco,Monte-Carlo,3.337,19,kobayashi,Japanese,sauber,Swiss
14,2010,monaco,Monte-Carlo,3.337,19,petrov,Russian,renault,French
5,2010,bahrain,Sakhir,5.412,15,rosberg,German,mercedes,German
1,2010,albert_park,Melbourne,5.278,16,vettel,German,red_bull,Austrian
8,2010,albert_park,Melbourne,5.278,16,barrichello,Brazilian,williams,British
13,2010,albert_park,Melbourne,5.278,16,liuzzi,Italian,force_india,Indian
7,2010,albert_park,Melbourne,5.278,16,michael_schumacher,German,mercedes,German
14,2010,albert_park,Melbourne,5.278,16,rosa,Spanish,sauber,Swiss
8,2010,monaco,Monte-Carlo,3.337,19,button,British,mclaren,British
3,2010,monaco,Monte-Carlo,3.337,19,vettel,German,red_bull,Austrian
22,2010,bahrain,Sakhir,5.412,15,grassi,Brazilian,virgin,British
17,2010,bahrain,Sakhir,5.412,15,petrov,Russian,renault,French
13,2010,bahrain,Sakhir,5.412,15,hulkenberg,German,williams,British
14,2010,sepang,Kuala Lumpur,5.543,15,alguersuari,Spanish,toro_rosso,Italian
9,2010,sepang,Kuala Lumpur,5.543,15,kobayashi,Japanese,sauber,Swiss
5,2010,sepang,Kuala Lumpur,5.543,15,hulkenberg,German,williams,British
14,2010,bahrain,Sakhir,5.412,15,rosa,Spanish,sauber,Swiss
15,2010,bahrain,Sakhir,5.412,15,buemi,Swiss,toro_rosso,Italian
1,2010,sepang,Kuala Lumpur,5.543,15,webber,Australian,red_bull,Austrian
23,2010,albert_park,Melbourne,5.278,16,glock,German,virgin,British
9,2010,albert_park,Melbourne,5.278,16,kubica,Polish,renault,French
19,2010,albert_park,Melbourne,5.278,16,kovalainen,Finnish,lotus_racing,Malaysian
3,2010,albert_park,Melbourne,5.278,16,alonso,Spanish,ferrari,Italian
6,2010,albert_park,Melbourne,5.278,16,rosberg,German,mercedes,German
4,2010,bahrain,Sakhir,5.412,15,hamilton,British,mclaren,British
23,2010,bahrain,Sakhir,5.412,15,bruno_senna,Brazilian,hrt,Spanish
5,2010,villeneuve,Montreal,4.361,14,liuzzi,Italian,force_india,Indian
13,2010,villeneuve,Montreal,4.361,14,michael_schumacher,German,mercedes,German
17,2010,villeneuve,Montreal,4.361,14,rosa,Spanish,sauber,Swiss
15,2010,villeneuve,Montreal,4.361,14,buemi,Swiss,toro_rosso,Italian
16,2010,villeneuve,Montreal,4.361,14,alguersuari,Spanish,toro_rosso,Italian
18,2010,villeneuve,Montreal,4.361,14,kobayashi,Japanese,sauber,Swiss
1,2010,valencia,Valencia,5.419,25,vettel,German,red_bull,Austrian
9,2010,valencia,Valencia,5.419,25,barrichello,Brazilian,williams,British
2,2010,catalunya,Montmeló,4.657,14,vettel,German,red_bull,Austrian
17,2010,catalunya,Montmeló,4.657,14,barrichello,Brazilian,williams,British
16,2010,catalunya,Montmeló,4.657,14,liuzzi,Italian,force_india,Indian
6,2010,catalunya,Montmeló,4.657,14,michael_schumacher,German,mercedes,German
12,2010,catalunya,Montmeló,4.657,14,rosa,Spanish,sauber,Swiss
14,2010,catalunya,Montmeló,4.657,14,buemi,Swiss,toro_rosso,Italian
20,2010,valencia,Valencia,5.419,25,kovalainen,Finnish,lotus_racing,Malaysian
6,2010,valencia,Valencia,5.419,25,kubica,Polish,renault,French
23,2010,istanbul,Istanbul,5.338,14,grassi,Brazilian,virgin,British
22,2010,istanbul,Istanbul,5.338,14,bruno_senna,Brazilian,hrt,Spanish
24,2010,istanbul,Istanbul,5.338,14,chandhok,Indian,hrt,Spanish
1,2010,villeneuve,Montreal,4.361,14,hamilton,British,mclaren,British
10,2010,villeneuve,Montreal,4.361,14,rosberg,German,mercedes,German
3,2010,villeneuve,Montreal,4.361,14,alonso,Spanish,ferrari,Italian
24,2010,monaco,Monte-Carlo,3.337,19,alonso,Spanish,ferrari,Italian
18,2010,monaco,Monte-Carlo,3.337,19,kovalainen,Finnish,lotus_racing,Malaysian
18,2010,istanbul,Istanbul,5.338,14,liuzzi,Italian,force_india,Indian
5,2010,istanbul,Istanbul,5.338,14,michael_schumacher,German,mercedes,German
13,2010,istanbul,Istanbul,5.338,14,rosa,Spanish,sauber,Swiss
14,2010,istanbul,Istanbul,5.338,14,buemi,Swiss,toro_rosso,Italian
16,2010,istanbul,Istanbul,5.338,14,alguersuari,Spanish,toro_rosso,Italian
10,2010,istanbul,Istanbul,5.338,14,kobayashi,Japanese,sauber,Swiss
15,2010,catalunya,Montmeló,4.657,14,alguersuari,Spanish,toro_rosso,Italian
10,2010,catalunya,Montmeló,4.657,14,kobayashi,Japanese,sauber,Swiss
21,2010,valencia,Valencia,5.419,25,grassi,Brazilian,virgin,British
24,2010,valencia,Valencia,5.419,25,bruno_senna,Brazilian,hrt,Spanish
23,2010,valencia,Valencia,5.419,25,chandhok,Indian,hrt,Spanish
4,2010,silverstone,Silverstone,5.891,18,hamilton,British,mclaren,British
5,2010,silverstone,Silverstone,5.891,18,rosberg,German,mercedes,German
3,2010,silverstone,Silverstone,5.891,18,alonso,Spanish,ferrari,Italian
12,2010,silverstone,Silverstone,5.891,18,kobayashi,Japanese,sauber,Swiss
13,2010,silverstone,Silverstone,5.891,18,hulkenberg,German,williams,British
21,2010,monaco,Monte-Carlo,3.337,19,grassi,Brazilian,virgin,British
22,2010,monaco,Monte-Carlo,3.337,19,bruno_senna,Brazilian,hrt,Spanish
23,2010,monaco,Monte-Carlo,3.337,19,chandhok,Indian,hrt,Spanish
2,2010,istanbul,Istanbul,5.338,14,hamilton,British,mclaren,British
6,2010,istanbul,Istanbul,5.338,14,rosberg,German,mercedes,German
12,2010,istanbul,Istanbul,5.338,14,alonso,Spanish,ferrari,Italian
1,2010,silverstone,Silverstone,5.891,18,vettel,German,red_bull,Austrian
8,2010,silverstone,Silverstone,5.891,18,barrichello,Brazilian,williams,British
22,2010,valencia,Valencia,5.419,25,glock,German,virgin,British
5,2010,valencia,Valencia,5.419,25,massa,Brazilian,ferrari,Italian
19,2010,valencia,Valencia,5.419,25,trulli,Italian,lotus_racing,Malaysian
13,2010,valencia,Valencia,5.419,25,sutil,German,force_india,Indian
2,2010,valencia,Valencia,5.419,25,webber,Australian,red_bull,Austrian
7,2010,valencia,Valencia,5.419,25,button,British,mclaren,British
3,2010,istanbul,Istanbul,5.338,14,vettel,German,red_bull,Austrian
15,2010,istanbul,Istanbul,5.338,14,barrichello,Brazilian,williams,British
23,2010,villeneuve,Montreal,4.361,14,grassi,Brazilian,virgin,British
22,2010,villeneuve,Montreal,4.361,14,bruno_senna,Brazilian,hrt,Spanish
24,2010,villeneuve,Montreal,4.361,14,chandhok,Indian,hrt,Spanish
3,2010,valencia,Valencia,5.419,25,hamilton,British,mclaren,British
12,2010,valencia,Valencia,5.419,25,rosberg,German,mercedes,German
4,2010,valencia,Valencia,5.419,25,alonso,Spanish,ferrari,Italian
20,2010,istanbul,Istanbul,5.338,14,kovalainen,Finnish,lotus_racing,Malaysian
7,2010,istanbul,Istanbul,5.338,14,kubica,Polish,renault,French
23,2010,hockenheimring,Hockenheim,4.574,16,glock,German,virgin,British
3,2010,hockenheimring,Hockenheim,4.574,16,massa,Brazilian,ferrari,Italian
17,2010,hockenheimring,Hockenheim,4.574,16,trulli,Italian,lotus_racing,Malaysian
19,2010,hockenheimring,Hockenheim,4.574,16,sutil,German,force_india,Indian
4,2010,hockenheimring,Hockenheim,4.574,16,webber,Australian,red_bull,Austrian
5,2010,hockenheimring,Hockenheim,4.574,16,button,British,mclaren,British
19,2010,hungaroring,Budapest,4.381,14,kovalainen,Finnish,lotus_racing,Malaysian
8,2010,hungaroring,Budapest,4.381,14,kubica,Polish,renault,French
21,2010,villeneuve,Montreal,4.361,14,glock,German,virgin,British
6,2010,villeneuve,Montreal,4.361,14,massa,Brazilian,ferrari,Italian
20,2010,villeneuve,Montreal,4.361,14,trulli,Italian,lotus_racing,Malaysian
9,2010,villeneuve,Montreal,4.361,14,sutil,German,force_india,Indian
7,2010,villeneuve,Montreal,4.361,14,webber,Australian,red_bull,Austrian
4,2010,villeneuve,Montreal,4.361,14,button,British,mclaren,British
12,2010,hockenheimring,Hockenheim,4.574,16,kobayashi,Japanese,sauber,Swiss
10,2010,hockenheimring,Hockenheim,4.574,16,hulkenberg,German,williams,British
20,2010,silverstone,Silverstone,5.891,18,liuzzi,Italian,force_india,Indian
24,2010,silverstone,Silverstone,5.891,18,yamamoto,Japanese,hrt,Spanish
10,2010,silverstone,Silverstone,5.891,18,michael_schumacher,German,mercedes,German
9,2010,silverstone,Silverstone,5.891,18,rosa,Spanish,sauber,Swiss
16,2010,silverstone,Silverstone,5.891,18,buemi,Swiss,toro_rosso,Italian
17,2010,silverstone,Silverstone,5.891,18,alguersuari,Spanish,toro_rosso,Italian
12,2010,villeneuve,Montreal,4.361,14,hulkenberg,German,williams,British
14,2010,villeneuve,Montreal,4.361,14,petrov,Russian,renault,French
19,2010,silverstone,Silverstone,5.891,18,glock,German,virgin,British
7,2010,silverstone,Silverstone,5.891,18,massa,Brazilian,ferrari,Italian
21,2010,silverstone,Silverstone,5.891,18,trulli,Italian,lotus_racing,Malaysian
11,2010,silverstone,Silverstone,5.891,18,sutil,German,force_india,Indian
2,2010,silverstone,Silverstone,5.891,18,webber,Australian,red_bull,Austrian
14,2010,silverstone,Silverstone,5.891,18,button,British,mclaren,British
2,2010,villeneuve,Montreal,4.361,14,vettel,German,red_bull,Austrian
11,2010,villeneuve,Montreal,4.361,14,barrichello,Brazilian,williams,British
16,2010,hungaroring,Budapest,4.381,14,liuzzi,Italian,force_india,Indian
24,2010,hungaroring,Budapest,4.381,14,yamamoto,Japanese,hrt,Spanish
14,2010,hungaroring,Budapest,4.381,14,michael_schumacher,German,mercedes,German
9,2010,hungaroring,Budapest,4.381,14,rosa,Spanish,sauber,Swiss
15,2010,hungaroring,Budapest,4.381,14,buemi,Swiss,toro_rosso,Italian
17,2010,hungaroring,Budapest,4.381,14,alguersuari,Spanish,toro_rosso,Italian
4,2010,spa,Spa,7.004,20,vettel,German,red_bull,Austrian
12,2010,spa,Spa,7.004,20,liuzzi,Italian,force_india,Indian
14,2010,valencia,Valencia,5.419,25,liuzzi,Italian,force_india,Indian
15,2010,valencia,Valencia,5.419,25,michael_schumacher,German,mercedes,German
16,2010,valencia,Valencia,5.419,25,rosa,Spanish,sauber,Swiss
11,2010,valencia,Valencia,5.419,25,buemi,Swiss,toro_rosso,Italian
17,2010,valencia,Valencia,5.419,25,alguersuari,Spanish,toro_rosso,Italian
18,2010,valencia,Valencia,5.419,25,kobayashi,Japanese,sauber,Swiss
13,2010,spa,Spa,7.004,20,kovalainen,Finnish,lotus_racing,Malaysian
3,2010,spa,Spa,7.004,20,kubica,Polish,renault,French
13,2010,hockenheimring,Hockenheim,4.574,16,petrov,Russian,renault,French
24,2010,hockenheimring,Hockenheim,4.574,16,grassi,Brazilian,virgin,British
20,2010,hockenheimring,Hockenheim,4.574,16,bruno_senna,Brazilian,hrt,Spanish
5,2010,hungaroring,Budapest,4.381,14,hamilton,British,mclaren,British
6,2010,hungaroring,Budapest,4.381,14,rosberg,German,mercedes,German
3,2010,hungaroring,Budapest,4.381,14,alonso,Spanish,ferrari,Italian
18,2010,silverstone,Silverstone,5.891,18,kovalainen,Finnish,lotus_racing,Malaysian
6,2010,silverstone,Silverstone,5.891,18,kubica,Polish,renault,French
21,2010,hockenheimring,Hockenheim,4.574,16,liuzzi,Italian,force_india,Indian
22,2010,hockenheimring,Hockenheim,4.574,16,yamamoto,Japanese,hrt,Spanish
11,2010,hockenheimring,Hockenheim,4.574,16,michael_schumacher,German,mercedes,German
14,2010,hockenheimring,Hockenheim,4.574,16,rosa,Spanish,sauber,Swiss
16,2010,hockenheimring,Hockenheim,4.574,16,buemi,Swiss,toro_rosso,Italian
15,2010,hockenheimring,Hockenheim,4.574,16,alguersuari,Spanish,toro_rosso,Italian
8,2010,valencia,Valencia,5.419,25,hulkenberg,German,williams,British
10,2010,valencia,Valencia,5.419,25,petrov,Russian,renault,French
22,2010,spa,Spa,7.004,20,grassi,Brazilian,virgin,British
18,2010,spa,Spa,7.004,20,bruno_senna,Brazilian,hrt,Spanish
7,2010,monza,Monza,5.793,11,rosberg,German,mercedes,German
1,2010,monza,Monza,5.793,11,alonso,Spanish,ferrari,Italian
18,2010,monza,Monza,5.793,11,kovalainen,Finnish,lotus_racing,Malaysian
9,2010,monza,Monza,5.793,11,kubica,Polish,renault,French
21,2010,monza,Monza,5.793,11,grassi,Brazilian,virgin,British
22,2010,monza,Monza,5.793,11,bruno_senna,Brazilian,hrt,Spanish
15,2010,silverstone,Silverstone,5.891,18,petrov,Russian,renault,French
22,2010,silverstone,Silverstone,5.891,18,grassi,Brazilian,virgin,British
23,2010,silverstone,Silverstone,5.891,18,chandhok,Indian,hrt,Spanish
6,2010,hockenheimring,Hockenheim,4.574,16,hamilton,British,mclaren,British
9,2010,hockenheimring,Hockenheim,4.574,16,rosberg,German,mercedes,German
2,2010,hockenheimring,Hockenheim,4.574,16,alonso,Spanish,ferrari,Italian
19,2010,monza,Monza,5.793,11,liuzzi,Italian,force_india,Indian
23,2010,monza,Monza,5.793,11,yamamoto,Japanese,hrt,Spanish
20,2010,spa,Spa,7.004,20,glock,German,virgin,British
6,2010,spa,Spa,7.004,20,massa,Brazilian,ferrari,Italian
15,2010,spa,Spa,7.004,20,trulli,Italian,lotus_racing,Malaysian
8,2010,spa,Spa,7.004,20,sutil,German,force_india,Indian
1,2010,spa,Spa,7.004,20,webber,Australian,red_bull,Austrian
5,2010,spa,Spa,7.004,20,button,British,mclaren,British
1,2010,hockenheimring,Hockenheim,4.574,16,vettel,German,red_bull,Austrian
8,2010,hockenheimring,Hockenheim,4.574,16,barrichello,Brazilian,williams,British
7,2010,hungaroring,Budapest,4.381,14,petrov,Russian,renault,French
21,2010,hungaroring,Budapest,4.381,14,grassi,Brazilian,virgin,British
22,2010,hungaroring,Budapest,4.381,14,bruno_senna,Brazilian,hrt,Spanish
2,2010,spa,Spa,7.004,20,hamilton,British,mclaren,British
14,2010,spa,Spa,7.004,20,rosberg,German,mercedes,German
10,2010,spa,Spa,7.004,20,alonso,Spanish,ferrari,Italian
18,2010,hockenheimring,Hockenheim,4.574,16,kovalainen,Finnish,lotus_racing,Malaysian
7,2010,hockenheimring,Hockenheim,4.574,16,kubica,Polish,renault,French
21,2010,marina_bay,Marina Bay,4.94,19,trulli,Italian,lotus_racing,Malaysian
15,2010,marina_bay,Marina Bay,4.94,19,sutil,German,force_india,Indian
5,2010,marina_bay,Marina Bay,4.94,19,webber,Australian,red_bull,Austrian
4,2010,marina_bay,Marina Bay,4.94,19,button,British,mclaren,British
2,2010,marina_bay,Marina Bay,4.94,19,vettel,German,red_bull,Austrian
6,2010,marina_bay,Marina Bay,4.94,19,barrichello,Brazilian,williams,British
22,2010,suzuka,Suzuka,5.807,18,glock,German,virgin,British
19,2010,suzuka,Suzuka,5.807,18,trulli,Italian,lotus_racing,Malaysian
18,2010,hungaroring,Budapest,4.381,14,glock,German,virgin,British
4,2010,hungaroring,Budapest,4.381,14,massa,Brazilian,ferrari,Italian
20,2010,hungaroring,Budapest,4.381,14,trulli,Italian,lotus_racing,Malaysian
13,2010,hungaroring,Budapest,4.381,14,sutil,German,force_india,Indian
2,2010,hungaroring,Budapest,4.381,14,webber,Australian,red_bull,Austrian
11,2010,hungaroring,Budapest,4.381,14,button,British,mclaren,British
20,2010,marina_bay,Marina Bay,4.94,19,grassi,Brazilian,virgin,British
23,2010,marina_bay,Marina Bay,4.94,19,bruno_senna,Brazilian,hrt,Spanish
12,2010,monza,Monza,5.793,11,michael_schumacher,German,mercedes,German
16,2010,monza,Monza,5.793,11,rosa,Spanish,sauber,Swiss
14,2010,monza,Monza,5.793,11,buemi,Swiss,toro_rosso,Italian
15,2010,monza,Monza,5.793,11,alguersuari,Spanish,toro_rosso,Italian
8,2010,monza,Monza,5.793,11,hulkenberg,German,williams,British
20,2010,monza,Monza,5.793,11,petrov,Russian,renault,French
23,2010,hungaroring,Budapest,4.381,14,kobayashi,Japanese,sauber,Swiss
10,2010,hungaroring,Budapest,4.381,14,hulkenberg,German,williams,British
17,2010,monza,Monza,5.793,11,trulli,Italian,lotus_racing,Malaysian
11,2010,monza,Monza,5.793,11,sutil,German,force_india,Indian
4,2010,monza,Monza,5.793,11,webber,Australian,red_bull,Austrian
2,2010,monza,Monza,5.793,11,button,British,mclaren,British
6,2010,monza,Monza,5.793,11,vettel,German,red_bull,Austrian
10,2010,monza,Monza,5.793,11,barrichello,Brazilian,williams,British
1,2010,hungaroring,Budapest,4.381,14,vettel,German,red_bull,Austrian
12,2010,hungaroring,Budapest,4.381,14,barrichello,Brazilian,williams,British
16,2010,suzuka,Suzuka,5.807,18,alguersuari,Spanish,toro_rosso,Italian
14,2010,suzuka,Suzuka,5.807,18,kobayashi,Japanese,sauber,Swiss
23,2010,suzuka,Suzuka,5.807,18,bruno_senna,Brazilian,hrt,Spanish
4,2010,yeongam,Yeongam County,5.615,18,hamilton,British,mclaren,British
13,2010,yeongam,Yeongam County,5.615,18,heidfeld,German,sauber,Swiss
5,2010,yeongam,Yeongam County,5.615,18,rosberg,German,mercedes,German
12,2010,yeongam,Yeongam County,5.615,18,kobayashi,Japanese,sauber,Swiss
11,2010,yeongam,Yeongam County,5.615,18,hulkenberg,German,williams,British
19,2010,spa,Spa,7.004,20,yamamoto,Japanese,hrt,Spanish
21,2010,spa,Spa,7.004,20,michael_schumacher,German,mercedes,German
24,2010,spa,Spa,7.004,20,rosa,Spanish,sauber,Swiss
16,2010,spa,Spa,7.004,20,buemi,Swiss,toro_rosso,Italian
11,2010,spa,Spa,7.004,20,alguersuari,Spanish,toro_rosso,Italian
17,2010,spa,Spa,7.004,20,kobayashi,Japanese,sauber,Swiss
7,2010,yeongam,Yeongam County,5.615,18,button,British,mclaren,British
1,2010,yeongam,Yeongam County,5.615,18,vettel,German,red_bull,Austrian
8,2010,suzuka,Suzuka,5.807,18,hamilton,British,mclaren,British
11,2010,suzuka,Suzuka,5.807,18,heidfeld,German,sauber,Swiss
6,2010,suzuka,Suzuka,5.807,18,rosberg,German,mercedes,German
4,2010,suzuka,Suzuka,5.807,18,alonso,Spanish,ferrari,Italian
20,2010,suzuka,Suzuka,5.807,18,kovalainen,Finnish,lotus_racing,Malaysian
3,2010,suzuka,Suzuka,5.807,18,kubica,Polish,renault,French
24,2010,monza,Monza,5.793,11,glock,German,virgin,British
3,2010,monza,Monza,5.793,11,massa,Brazilian,ferrari,Italian
22,2010,marina_bay,Marina Bay,4.94,19,klien,Austrian,hrt,Spanish
13,2010,marina_bay,Marina Bay,4.94,19,buemi,Swiss,toro_rosso,Italian
11,2010,marina_bay,Marina Bay,4.94,19,alguersuari,Spanish,toro_rosso,Italian
10,2010,marina_bay,Marina Bay,4.94,19,kobayashi,Japanese,sauber,Swiss
17,2010,marina_bay,Marina Bay,4.94,19,hulkenberg,German,williams,British
12,2010,marina_bay,Marina Bay,4.94,19,petrov,Russian,renault,French
9,2010,spa,Spa,7.004,20,hulkenberg,German,williams,British
23,2010,spa,Spa,7.004,20,petrov,Russian,renault,French
7,2010,interlagos,São Paulo,4.309,15,kubica,Polish,renault,French
17,2010,interlagos,São Paulo,4.309,15,glock,German,virgin,British
9,2010,interlagos,São Paulo,4.309,15,massa,Brazilian,ferrari,Italian
18,2010,interlagos,São Paulo,4.309,15,trulli,Italian,lotus_racing,Malaysian
22,2010,interlagos,São Paulo,4.309,15,sutil,German,force_india,Indian
3,2010,interlagos,São Paulo,4.309,15,webber,Australian,red_bull,Austrian
3,2010,yas_marina,Abu Dhabi,5.281,16,alonso,Spanish,ferrari,Italian
20,2010,yas_marina,Abu Dhabi,5.281,16,kovalainen,Finnish,lotus_racing,Malaysian
3,2010,marina_bay,Marina Bay,4.94,19,hamilton,British,mclaren,British
14,2010,marina_bay,Marina Bay,4.94,19,heidfeld,German,sauber,Swiss
7,2010,marina_bay,Marina Bay,4.94,19,rosberg,German,mercedes,German
1,2010,marina_bay,Marina Bay,4.94,19,alonso,Spanish,ferrari,Italian
19,2010,marina_bay,Marina Bay,4.94,19,kovalainen,Finnish,lotus_racing,Malaysian
8,2010,marina_bay,Marina Bay,4.94,19,kubica,Polish,renault,French
12,2010,interlagos,São Paulo,4.309,15,kobayashi,Japanese,sauber,Swiss
1,2010,interlagos,São Paulo,4.309,15,hulkenberg,German,williams,British
10,2010,yeongam,Yeongam County,5.615,18,barrichello,Brazilian,williams,British
17,2010,yeongam,Yeongam County,5.615,18,liuzzi,Italian,force_india,Indian
23,2010,yeongam,Yeongam County,5.615,18,yamamoto,Japanese,hrt,Spanish
9,2010,yeongam,Yeongam County,5.615,18,michael_schumacher,German,mercedes,German
16,2010,yeongam,Yeongam County,5.615,18,buemi,Swiss,toro_rosso,Italian
15,2010,yeongam,Yeongam County,5.615,18,alguersuari,Spanish,toro_rosso,Italian
16,2010,marina_bay,Marina Bay,4.94,19,liuzzi,Italian,force_india,Indian
9,2010,marina_bay,Marina Bay,4.94,19,michael_schumacher,German,mercedes,German
8,2010,yeongam,Yeongam County,5.615,18,kubica,Polish,renault,French
19,2010,yeongam,Yeongam County,5.615,18,glock,German,virgin,British
6,2010,yeongam,Yeongam County,5.615,18,massa,Brazilian,ferrari,Italian
18,2010,yeongam,Yeongam County,5.615,18,trulli,Italian,lotus_racing,Malaysian
14,2010,yeongam,Yeongam County,5.615,18,sutil,German,force_india,Indian
2,2010,yeongam,Yeongam County,5.615,18,webber,Australian,red_bull,Austrian
18,2010,marina_bay,Marina Bay,4.94,19,glock,German,virgin,British
24,2010,marina_bay,Marina Bay,4.94,19,massa,Brazilian,ferrari,Italian
18,2010,yas_marina,Abu Dhabi,5.281,16,buemi,Swiss,toro_rosso,Italian
17,2010,yas_marina,Abu Dhabi,5.281,16,alguersuari,Spanish,toro_rosso,Italian
12,2010,yas_marina,Abu Dhabi,5.281,16,kobayashi,Japanese,sauber,Swiss
15,2010,yas_marina,Abu Dhabi,5.281,16,hulkenberg,German,williams,British
23,2010,yas_marina,Abu Dhabi,5.281,16,bruno_senna,Brazilian,hrt,Spanish
5,2010,interlagos,São Paulo,4.309,15,alonso,Spanish,ferrari,Italian
20,2010,interlagos,São Paulo,4.309,15,kovalainen,Finnish,lotus_racing,Malaysian
11,2010,interlagos,São Paulo,4.309,15,button,British,mclaren,British
15,2010,suzuka,Suzuka,5.807,18,sutil,German,force_india,Indian
2,2010,suzuka,Suzuka,5.807,18,webber,Australian,red_bull,Austrian
5,2010,suzuka,Suzuka,5.807,18,button,British,mclaren,British
1,2010,suzuka,Suzuka,5.807,18,vettel,German,red_bull,Austrian
7,2010,suzuka,Suzuka,5.807,18,barrichello,Brazilian,williams,British
24,2010,suzuka,Suzuka,5.807,18,yamamoto,Japanese,hrt,Spanish
7,2010,yas_marina,Abu Dhabi,5.281,16,barrichello,Brazilian,williams,British
24,2010,yas_marina,Abu Dhabi,5.281,16,klien,Austrian,hrt,Spanish
10,2010,interlagos,São Paulo,4.309,15,petrov,Russian,renault,French
21,2010,interlagos,São Paulo,4.309,15,grassi,Brazilian,virgin,British
24,2010,interlagos,São Paulo,4.309,15,bruno_senna,Brazilian,hrt,Spanish
2,2010,yas_marina,Abu Dhabi,5.281,16,hamilton,British,mclaren,British
14,2010,yas_marina,Abu Dhabi,5.281,16,heidfeld,German,sauber,Swiss
9,2010,yas_marina,Abu Dhabi,5.281,16,rosberg,German,mercedes,German
3,2010,yeongam,Yeongam County,5.615,18,alonso,Spanish,ferrari,Italian
21,2010,yeongam,Yeongam County,5.615,18,kovalainen,Finnish,lotus_racing,Malaysian
6,2010,interlagos,São Paulo,4.309,15,barrichello,Brazilian,williams,British
16,2010,interlagos,São Paulo,4.309,15,liuzzi,Italian,force_india,Indian
8,2010,interlagos,São Paulo,4.309,15,michael_schumacher,German,mercedes,German
23,2010,interlagos,São Paulo,4.309,15,klien,Austrian,hrt,Spanish
19,2010,interlagos,São Paulo,4.309,15,buemi,Swiss,toro_rosso,Italian
14,2010,interlagos,São Paulo,4.309,15,alguersuari,Spanish,toro_rosso,Italian
10,2010,suzuka,Suzuka,5.807,18,michael_schumacher,German,mercedes,German
18,2010,suzuka,Suzuka,5.807,18,buemi,Swiss,toro_rosso,Italian
8,2010,catalunya,Montmeló,4.657,14,rosberg,German,mercedes,German
20,2010,shanghai,Shanghai,5.451,16,trulli,Italian,lotus_racing,Malaysian
10,2010,shanghai,Shanghai,5.451,16,sutil,German,force_india,Indian
2,2010,shanghai,Shanghai,5.451,16,webber,Australian,red_bull,Austrian
5,2010,shanghai,Shanghai,5.451,16,button,British,mclaren,British
1,2010,shanghai,Shanghai,5.451,16,vettel,German,red_bull,Austrian
11,2010,shanghai,Shanghai,5.451,16,barrichello,Brazilian,williams,British
1,2010,catalunya,Montmeló,4.657,14,webber,Australian,red_bull,Austrian
22,2010,yas_marina,Abu Dhabi,5.281,16,grassi,Brazilian,virgin,British
11,2010,yas_marina,Abu Dhabi,5.281,16,kubica,Polish,renault,French
3,2010,bahrain,Sakhir,5.412,15,alonso,Spanish,ferrari,Italian
21,2010,bahrain,Sakhir,5.412,15,kovalainen,Finnish,lotus_racing,Malaysian
9,2010,bahrain,Sakhir,5.412,15,kubica,Polish,renault,French
19,2010,bahrain,Sakhir,5.412,15,glock,German,virgin,British
2,2010,bahrain,Sakhir,5.412,15,massa,Brazilian,ferrari,Italian
3,2010,catalunya,Montmeló,4.657,14,hamilton,British,mclaren,British
22,2010,yeongam,Yeongam County,5.615,18,grassi,Brazilian,virgin,British
24,2010,yeongam,Yeongam County,5.615,18,bruno_senna,Brazilian,hrt,Spanish
4,2010,interlagos,São Paulo,4.309,15,hamilton,British,mclaren,British
15,2010,interlagos,São Paulo,4.309,15,heidfeld,German,sauber,Swiss
13,2010,interlagos,São Paulo,4.309,15,rosberg,German,mercedes,German
4,2010,yas_marina,Abu Dhabi,5.281,16,button,British,mclaren,British
1,2010,yas_marina,Abu Dhabi,5.281,16,vettel,German,red_bull,Austrian
10,2010,yas_marina,Abu Dhabi,5.281,16,petrov,Russian,renault,French
2,2010,interlagos,São Paulo,4.309,15,vettel,German,red_bull,Austrian
20,2010,yeongam,Yeongam County,5.615,18,petrov,Russian,renault,French
16,2010,bahrain,Sakhir,5.412,15,kobayashi,Japanese,sauber,Swiss
21,2010,yas_marina,Abu Dhabi,5.281,16,glock,German,virgin,British
6,2010,yas_marina,Abu Dhabi,5.281,16,massa,Brazilian,ferrari,Italian
19,2010,yas_marina,Abu Dhabi,5.281,16,trulli,Italian,lotus_racing,Malaysian
13,2010,yas_marina,Abu Dhabi,5.281,16,sutil,German,force_india,Indian
5,2010,yas_marina,Abu Dhabi,5.281,16,webber,Australian,red_bull,Austrian
21,2010,istanbul,Istanbul,5.338,14,glock,German,virgin,British
8,2010,istanbul,Istanbul,5.338,14,massa,Brazilian,ferrari,Italian
19,2010,istanbul,Istanbul,5.338,14,trulli,Italian,lotus_racing,Malaysian
11,2010,istanbul,Istanbul,5.338,14,sutil,German,force_india,Indian
1,2010,istanbul,Istanbul,5.338,14,webber,Australian,red_bull,Austrian
4,2010,istanbul,Istanbul,5.338,14,button,British,mclaren,British
19,2010,villeneuve,Montreal,4.361,14,kovalainen,Finnish,lotus_racing,Malaysian
8,2010,villeneuve,Montreal,4.361,14,kubica,Polish,renault,French
23,2010,sepang,Kuala Lumpur,5.543,15,bruno_senna,Brazilian,hrt,Spanish
22,2010,sepang,Kuala Lumpur,5.543,15,chandhok,Indian,hrt,Spanish
6,2010,shanghai,Shanghai,5.451,16,hamilton,British,mclaren,British
4,2010,shanghai,Shanghai,5.451,16,rosberg,German,mercedes,German
3,2010,shanghai,Shanghai,5.451,16,alonso,Spanish,ferrari,Italian
21,2010,shanghai,Shanghai,5.451,16,kovalainen,Finnish,lotus_racing,Malaysian
17,2010,istanbul,Istanbul,5.338,14,hulkenberg,German,williams,British
9,2010,istanbul,Istanbul,5.338,14,petrov,Russian,renault,French
9,2010,monaco,Monte-Carlo,3.337,19,barrichello,Brazilian,williams,British
10,2010,monaco,Monte-Carlo,3.337,19,liuzzi,Italian,force_india,Indian
7,2010,monaco,Monte-Carlo,3.337,19,michael_schumacher,German,mercedes,German
15,2010,monaco,Monte-Carlo,3.337,19,rosa,Spanish,sauber,Swiss
13,2010,monaco,Monte-Carlo,3.337,19,buemi,Swiss,toro_rosso,Italian
17,2010,monaco,Monte-Carlo,3.337,19,alguersuari,Spanish,toro_rosso,Italian
9,2010,shanghai,Shanghai,5.451,16,michael_schumacher,German,mercedes,German
17,2010,shanghai,Shanghai,5.451,16,rosa,Spanish,sauber,Swiss
2,2010,monaco,Monte-Carlo,3.337,19,kubica,Polish,renault,French
20,2010,monaco,Monte-Carlo,3.337,19,glock,German,virgin,British
4,2010,monaco,Monte-Carlo,3.337,19,massa,Brazilian,ferrari,Italian
19,2010,monaco,Monte-Carlo,3.337,19,trulli,Italian,lotus_racing,Malaysian
12,2010,monaco,Monte-Carlo,3.337,19,sutil,German,force_india,Indian
1,2010,monaco,Monte-Carlo,3.337,19,webber,Australian,red_bull,Austrian
8,2010,shanghai,Shanghai,5.451,16,kubica,Polish,renault,French
7,2010,shanghai,Shanghai,5.451,16,massa,Brazilian,ferrari,Italian
17,2010,sepang,Kuala Lumpur,5.543,15,button,British,mclaren,British
20,2010,bahrain,Sakhir,5.412,15,trulli,Italian,lotus_racing,Malaysian
10,2010,bahrain,Sakhir,5.412,15,sutil,German,force_india,Indian
10,2010,sepang,Kuala Lumpur,5.543,15,liuzzi,Italian,force_india,Indian
8,2010,sepang,Kuala Lumpur,5.543,15,michael_schumacher,German,mercedes,German
13,2010,sepang,Kuala Lumpur,5.543,15,buemi,Swiss,toro_rosso,Italian
24,2010,bahrain,Sakhir,5.412,15,chandhok,Indian,hrt,Spanish
11,2010,albert_park,Melbourne,5.278,16,hamilton,British,mclaren,British
6,2010,bahrain,Sakhir,5.412,15,webber,Australian,red_bull,Austrian
8,2010,bahrain,Sakhir,5.412,15,button,British,mclaren,British
1,2010,bahrain,Sakhir,5.412,15,vettel,German,red_bull,Austrian
11,2010,bahrain,Sakhir,5.412,15,barrichello,Brazilian,williams,British
12,2010,bahrain,Sakhir,5.412,15,liuzzi,Italian,force_india,Indian
7,2010,bahrain,Sakhir,5.412,15,michael_schumacher,German,mercedes,German
10,2010,albert_park,Melbourne,5.278,16,sutil,German,force_india,Indian
2,2010,albert_park,Melbourne,5.278,16,webber,Australian,red_bull,Austrian
18,2010,bahrain,Sakhir,5.412,15,alguersuari,Spanish,toro_rosso,Italian
5,2010,albert_park,Melbourne,5.278,16,massa,Brazilian,ferrari,Italian
10,2011,sepang,Kuala Lumpur,5.543,15,kobayashi,Japanese,sauber,Swiss
8,2011,sepang,Kuala Lumpur,5.543,15,petrov,Russian,renault,French
18,2011,sepang,Kuala Lumpur,5.543,15,maldonado,Venezuelan,williams,British
14,2011,sepang,Kuala Lumpur,5.543,15,resta,British,force_india,Indian
16,2011,sepang,Kuala Lumpur,5.543,15,perez,Mexican,sauber,Swiss
4,2011,sepang,Kuala Lumpur,5.543,15,button,British,mclaren,British
1,2011,sepang,Kuala Lumpur,5.543,15,vettel,German,red_bull,Austrian
15,2011,sepang,Kuala Lumpur,5.543,15,barrichello,Brazilian,williams,British
23,2011,sepang,Kuala Lumpur,5.543,15,liuzzi,Italian,hrt,Spanish
11,2011,sepang,Kuala Lumpur,5.543,15,michael_schumacher,German,mercedes,German
13,2011,sepang,Kuala Lumpur,5.543,15,alguersuari,Spanish,toro_rosso,Italian
9,2011,sepang,Kuala Lumpur,5.543,15,rosberg,German,mercedes,German
5,2011,sepang,Kuala Lumpur,5.543,15,alonso,Spanish,ferrari,Italian
19,2011,sepang,Kuala Lumpur,5.543,15,kovalainen,Finnish,lotus_racing,Malaysian
21,2011,sepang,Kuala Lumpur,5.543,15,glock,German,virgin,British
7,2011,sepang,Kuala Lumpur,5.543,15,massa,Brazilian,ferrari,Italian
22,2011,sepang,Kuala Lumpur,5.543,15,ambrosio,Belgian,virgin,British
3,2011,shanghai,Shanghai,5.451,16,hamilton,British,mclaren,British
3,2011,sepang,Kuala Lumpur,5.543,15,webber,Australian,red_bull,Austrian
24,2011,sepang,Kuala Lumpur,5.543,15,karthikeyan,Indian,hrt,Spanish
12,2011,sepang,Kuala Lumpur,5.543,15,buemi,Swiss,toro_rosso,Italian
6,2011,sepang,Kuala Lumpur,5.543,15,heidfeld,German,renault,French
3,2011,istanbul,Istanbul,5.338,14,rosberg,German,mercedes,German
5,2011,istanbul,Istanbul,5.338,14,alonso,Spanish,ferrari,Italian
18,2011,istanbul,Istanbul,5.338,14,kovalainen,Finnish,lotus_racing,Malaysian
10,2011,istanbul,Istanbul,5.338,14,massa,Brazilian,ferrari,Italian
19,2011,istanbul,Istanbul,5.338,14,trulli,Italian,lotus_racing,Malaysian
20,2011,sepang,Kuala Lumpur,5.543,15,trulli,Italian,lotus_racing,Malaysian
17,2011,sepang,Kuala Lumpur,5.543,15,sutil,German,force_india,Indian
12,2011,albert_park,Melbourne,5.278,16,alguersuari,Spanish,toro_rosso,Italian
13,2011,shanghai,Shanghai,5.451,16,kobayashi,Japanese,sauber,Swiss
10,2011,shanghai,Shanghai,5.451,16,petrov,Russian,renault,French
17,2011,shanghai,Shanghai,5.451,16,maldonado,Venezuelan,williams,British
8,2011,shanghai,Shanghai,5.451,16,resta,British,force_india,Indian
12,2011,shanghai,Shanghai,5.451,16,perez,Mexican,sauber,Swiss
22,2011,albert_park,Melbourne,5.278,16,ambrosio,Belgian,virgin,British
2,2011,sepang,Kuala Lumpur,5.543,15,hamilton,British,mclaren,British
9,2011,istanbul,Istanbul,5.338,14,heidfeld,German,renault,French
2,2011,shanghai,Shanghai,5.451,16,button,British,mclaren,British
1,2011,shanghai,Shanghai,5.451,16,vettel,German,red_bull,Austrian
15,2011,shanghai,Shanghai,5.451,16,barrichello,Brazilian,williams,British
23,2011,shanghai,Shanghai,5.451,16,liuzzi,Italian,hrt,Spanish
14,2011,shanghai,Shanghai,5.451,16,michael_schumacher,German,mercedes,German
12,2011,istanbul,Istanbul,5.338,14,sutil,German,force_india,Indian
2,2011,istanbul,Istanbul,5.338,14,webber,Australian,red_bull,Austrian
7,2011,shanghai,Shanghai,5.451,16,alguersuari,Spanish,toro_rosso,Italian
21,2011,shanghai,Shanghai,5.451,16,ambrosio,Belgian,virgin,British
4,2011,istanbul,Istanbul,5.338,14,hamilton,British,mclaren,British
18,2011,shanghai,Shanghai,5.451,16,webber,Australian,red_bull,Austrian
2,2011,catalunya,Montmeló,4.657,14,vettel,German,red_bull,Austrian
19,2011,catalunya,Montmeló,4.657,14,barrichello,Brazilian,williams,British
21,2011,catalunya,Montmeló,4.657,14,liuzzi,Italian,hrt,Spanish
10,2011,catalunya,Montmeló,4.657,14,michael_schumacher,German,mercedes,German
22,2011,catalunya,Montmeló,4.657,14,karthikeyan,Indian,hrt,Spanish
24,2011,shanghai,Shanghai,5.451,16,karthikeyan,Indian,hrt,Spanish
9,2011,shanghai,Shanghai,5.451,16,buemi,Swiss,toro_rosso,Italian
16,2011,shanghai,Shanghai,5.451,16,heidfeld,German,renault,French
4,2011,catalunya,Montmeló,4.657,14,alonso,Spanish,ferrari,Italian
15,2011,catalunya,Montmeló,4.657,14,kovalainen,Finnish,lotus_racing,Malaysian
20,2011,catalunya,Montmeló,4.657,14,glock,German,virgin,British
8,2011,catalunya,Montmeló,4.657,14,massa,Brazilian,ferrari,Italian
18,2011,catalunya,Montmeló,4.657,14,trulli,Italian,lotus_racing,Malaysian
20,2011,shanghai,Shanghai,5.451,16,trulli,Italian,lotus_racing,Malaysian
11,2011,shanghai,Shanghai,5.451,16,sutil,German,force_india,Indian
5,2011,catalunya,Montmeló,4.657,14,button,British,mclaren,British
7,2011,istanbul,Istanbul,5.338,14,petrov,Russian,renault,French
14,2011,istanbul,Istanbul,5.338,14,maldonado,Venezuelan,williams,British
13,2011,istanbul,Istanbul,5.338,14,resta,British,force_india,Indian
15,2011,istanbul,Istanbul,5.338,14,perez,Mexican,sauber,Swiss
23,2011,istanbul,Istanbul,5.338,14,ambrosio,Belgian,virgin,British
11,2011,catalunya,Montmeló,4.657,14,buemi,Swiss,toro_rosso,Italian
13,2011,catalunya,Montmeló,4.657,14,alguersuari,Spanish,toro_rosso,Italian
7,2011,catalunya,Montmeló,4.657,14,rosberg,German,mercedes,German
9,2011,albert_park,Melbourne,5.278,16,kobayashi,Japanese,sauber,Swiss
6,2011,albert_park,Melbourne,5.278,16,petrov,Russian,renault,French
15,2011,albert_park,Melbourne,5.278,16,maldonado,Venezuelan,williams,British
14,2011,albert_park,Melbourne,5.278,16,resta,British,force_india,Indian
13,2011,albert_park,Melbourne,5.278,16,perez,Mexican,sauber,Swiss
17,2011,catalunya,Montmeló,4.657,14,sutil,German,force_india,Indian
1,2011,catalunya,Montmeló,4.657,14,webber,Australian,red_bull,Austrian
24,2011,istanbul,Istanbul,5.338,14,kobayashi,Japanese,sauber,Swiss
10,2011,monaco,Monte-Carlo,3.337,19,petrov,Russian,renault,French
8,2011,monaco,Monte-Carlo,3.337,19,maldonado,Venezuelan,williams,British
13,2011,monaco,Monte-Carlo,3.337,19,resta,British,force_india,Indian
21,2011,monaco,Monte-Carlo,3.337,19,ambrosio,Belgian,virgin,British
5,2011,villeneuve,Montreal,4.361,14,hamilton,British,mclaren,British
3,2011,catalunya,Montmeló,4.657,14,hamilton,British,mclaren,British
24,2011,catalunya,Montmeló,4.657,14,heidfeld,German,renault,French
6,2011,istanbul,Istanbul,5.338,14,button,British,mclaren,British
1,2011,monaco,Monte-Carlo,3.337,19,vettel,German,red_bull,Austrian
11,2011,monaco,Monte-Carlo,3.337,19,barrichello,Brazilian,williams,British
23,2011,monaco,Monte-Carlo,3.337,19,liuzzi,Italian,hrt,Spanish
5,2011,monaco,Monte-Carlo,3.337,19,michael_schumacher,German,mercedes,German
22,2011,monaco,Monte-Carlo,3.337,19,karthikeyan,Indian,hrt,Spanish
16,2011,istanbul,Istanbul,5.338,14,buemi,Swiss,toro_rosso,Italian
17,2011,istanbul,Istanbul,5.338,14,alguersuari,Spanish,toro_rosso,Italian
12,2011,monaco,Monte-Carlo,3.337,19,kobayashi,Japanese,sauber,Swiss
4,2011,monaco,Monte-Carlo,3.337,19,alonso,Spanish,ferrari,Italian
17,2011,monaco,Monte-Carlo,3.337,19,kovalainen,Finnish,lotus_racing,Malaysian
20,2011,monaco,Monte-Carlo,3.337,19,glock,German,virgin,British
6,2011,monaco,Monte-Carlo,3.337,19,massa,Brazilian,ferrari,Italian
18,2011,monaco,Monte-Carlo,3.337,19,trulli,Italian,lotus_racing,Malaysian
9,2011,villeneuve,Montreal,4.361,14,heidfeld,German,renault,French
6,2011,villeneuve,Montreal,4.361,14,rosberg,German,mercedes,German
2,2011,monaco,Monte-Carlo,3.337,19,button,British,mclaren,British
4,2011,shanghai,Shanghai,5.451,16,rosberg,German,mercedes,German
5,2011,shanghai,Shanghai,5.451,16,alonso,Spanish,ferrari,Italian
19,2011,shanghai,Shanghai,5.451,16,kovalainen,Finnish,lotus_racing,Malaysian
22,2011,shanghai,Shanghai,5.451,16,glock,German,virgin,British
6,2011,shanghai,Shanghai,5.451,16,massa,Brazilian,ferrari,Italian
16,2011,monaco,Monte-Carlo,3.337,19,buemi,Swiss,toro_rosso,Italian
19,2011,monaco,Monte-Carlo,3.337,19,alguersuari,Spanish,toro_rosso,Italian
7,2011,monaco,Monte-Carlo,3.337,19,rosberg,German,mercedes,German
19,2011,valencia,Valencia,5.419,25,kovalainen,Finnish,lotus_racing,Malaysian
21,2011,valencia,Valencia,5.419,25,glock,German,virgin,British
5,2011,valencia,Valencia,5.419,25,massa,Brazilian,ferrari,Italian
20,2011,valencia,Valencia,5.419,25,trulli,Italian,lotus_racing,Malaysian
10,2011,valencia,Valencia,5.419,25,sutil,German,force_india,Indian
14,2011,monaco,Monte-Carlo,3.337,19,sutil,German,force_india,Indian
3,2011,monaco,Monte-Carlo,3.337,19,webber,Australian,red_bull,Austrian
14,2011,catalunya,Montmeló,4.657,14,kobayashi,Japanese,sauber,Swiss
10,2011,villeneuve,Montreal,4.361,14,petrov,Russian,renault,French
12,2011,villeneuve,Montreal,4.361,14,maldonado,Venezuelan,williams,British
11,2011,villeneuve,Montreal,4.361,14,resta,British,force_india,Indian
23,2011,villeneuve,Montreal,4.361,14,ambrosio,Belgian,virgin,British
3,2011,valencia,Valencia,5.419,25,hamilton,British,mclaren,British
9,2011,monaco,Monte-Carlo,3.337,19,hamilton,British,mclaren,British
15,2011,monaco,Monte-Carlo,3.337,19,heidfeld,German,renault,French
4,2011,valencia,Valencia,5.419,25,alonso,Spanish,ferrari,Italian
16,2011,villeneuve,Montreal,4.361,14,barrichello,Brazilian,williams,British
20,2011,villeneuve,Montreal,4.361,14,liuzzi,Italian,hrt,Spanish
8,2011,villeneuve,Montreal,4.361,14,michael_schumacher,German,mercedes,German
17,2011,villeneuve,Montreal,4.361,14,rosa,Spanish,sauber,Swiss
22,2011,villeneuve,Montreal,4.361,14,karthikeyan,Indian,hrt,Spanish
2,2011,valencia,Valencia,5.419,25,webber,Australian,red_bull,Austrian
6,2011,valencia,Valencia,5.419,25,button,British,mclaren,British
13,2011,villeneuve,Montreal,4.361,14,kobayashi,Japanese,sauber,Swiss
1,2011,istanbul,Istanbul,5.338,14,vettel,German,red_bull,Austrian
11,2011,istanbul,Istanbul,5.338,14,barrichello,Brazilian,williams,British
20,2011,istanbul,Istanbul,5.338,14,liuzzi,Italian,hrt,Spanish
8,2011,istanbul,Istanbul,5.338,14,michael_schumacher,German,mercedes,German
22,2011,istanbul,Istanbul,5.338,14,karthikeyan,Indian,hrt,Spanish
9,2011,valencia,Valencia,5.419,25,heidfeld,German,renault,French
7,2011,valencia,Valencia,5.419,25,rosberg,German,mercedes,German
1,2011,villeneuve,Montreal,4.361,14,vettel,German,red_bull,Austrian
15,2011,silverstone,Silverstone,5.891,18,barrichello,Brazilian,williams,British
23,2011,silverstone,Silverstone,5.891,18,liuzzi,Italian,hrt,Spanish
13,2011,silverstone,Silverstone,5.891,18,michael_schumacher,German,mercedes,German
19,2011,silverstone,Silverstone,5.891,18,buemi,Swiss,toro_rosso,Italian
18,2011,silverstone,Silverstone,5.891,18,alguersuari,Spanish,toro_rosso,Italian
15,2011,villeneuve,Montreal,4.361,14,buemi,Swiss,toro_rosso,Italian
24,2011,villeneuve,Montreal,4.361,14,alguersuari,Spanish,toro_rosso,Italian
2,2011,villeneuve,Montreal,4.361,14,alonso,Spanish,ferrari,Italian
17,2011,silverstone,Silverstone,5.891,18,kovalainen,Finnish,lotus_racing,Malaysian
20,2011,silverstone,Silverstone,5.891,18,glock,German,virgin,British
4,2011,silverstone,Silverstone,5.891,18,massa,Brazilian,ferrari,Italian
21,2011,silverstone,Silverstone,5.891,18,trulli,Italian,lotus_racing,Malaysian
11,2011,silverstone,Silverstone,5.891,18,sutil,German,force_india,Indian
4,2011,villeneuve,Montreal,4.361,14,webber,Australian,red_bull,Austrian
7,2011,villeneuve,Montreal,4.361,14,button,British,mclaren,British
2,2011,silverstone,Silverstone,5.891,18,vettel,German,red_bull,Austrian
15,2011,valencia,Valencia,5.419,25,maldonado,Venezuelan,williams,British
12,2011,valencia,Valencia,5.419,25,resta,British,force_india,Indian
16,2011,valencia,Valencia,5.419,25,perez,Mexican,sauber,Swiss
23,2011,valencia,Valencia,5.419,25,ambrosio,Belgian,virgin,British
10,2011,silverstone,Silverstone,5.891,18,hamilton,British,mclaren,British
8,2011,silverstone,Silverstone,5.891,18,kobayashi,Japanese,sauber,Swiss
14,2011,silverstone,Silverstone,5.891,18,petrov,Russian,renault,French
3,2011,silverstone,Silverstone,5.891,18,alonso,Spanish,ferrari,Italian
6,2011,catalunya,Montmeló,4.657,14,petrov,Russian,renault,French
9,2011,catalunya,Montmeló,4.657,14,maldonado,Venezuelan,williams,British
16,2011,catalunya,Montmeló,4.657,14,resta,British,force_india,Indian
12,2011,catalunya,Montmeló,4.657,14,perez,Mexican,sauber,Swiss
23,2011,catalunya,Montmeló,4.657,14,ambrosio,Belgian,virgin,British
1,2011,silverstone,Silverstone,5.891,18,webber,Australian,red_bull,Austrian
5,2011,silverstone,Silverstone,5.891,18,button,British,mclaren,British
11,2011,valencia,Valencia,5.419,25,petrov,Russian,renault,French
12,2011,nurburgring,Nürburg,5.148,15,resta,British,force_india,Indian
15,2011,nurburgring,Nürburg,5.148,15,perez,Mexican,sauber,Swiss
21,2011,nurburgring,Nürburg,5.148,15,ambrosio,Belgian,virgin,British
22,2011,nurburgring,Nürburg,5.148,15,ricciardo,Australian,hrt,Spanish
2,2011,hungaroring,Budapest,4.381,14,hamilton,British,mclaren,British
16,2011,silverstone,Silverstone,5.891,18,heidfeld,German,renault,French
9,2011,silverstone,Silverstone,5.891,18,rosberg,German,mercedes,German
1,2011,valencia,Valencia,5.419,25,vettel,German,red_bull,Austrian
23,2011,nurburgring,Nürburg,5.148,15,liuzzi,Italian,hrt,Spanish
10,2011,nurburgring,Nürburg,5.148,15,michael_schumacher,German,mercedes,German
24,2011,nurburgring,Nürburg,5.148,15,buemi,Swiss,toro_rosso,Italian
16,2011,nurburgring,Nürburg,5.148,15,alguersuari,Spanish,toro_rosso,Italian
17,2011,nurburgring,Nürburg,5.148,15,kobayashi,Japanese,sauber,Swiss
18,2011,valencia,Valencia,5.419,25,alguersuari,Spanish,toro_rosso,Italian
14,2011,valencia,Valencia,5.419,25,kobayashi,Japanese,sauber,Swiss
13,2011,nurburgring,Nürburg,5.148,15,maldonado,Venezuelan,williams,British
18,2011,nurburgring,Nürburg,5.148,15,kovalainen,Finnish,lotus_racing,Malaysian
19,2011,nurburgring,Nürburg,5.148,15,glock,German,virgin,British
5,2011,nurburgring,Nürburg,5.148,15,massa,Brazilian,ferrari,Italian
8,2011,nurburgring,Nürburg,5.148,15,sutil,German,force_india,Indian
1,2011,nurburgring,Nürburg,5.148,15,webber,Australian,red_bull,Austrian
14,2011,hungaroring,Budapest,4.381,14,heidfeld,German,renault,French
7,2011,hungaroring,Budapest,4.381,14,rosberg,German,mercedes,German
14,2011,nurburgring,Nürburg,5.148,15,barrichello,Brazilian,williams,British
19,2011,villeneuve,Montreal,4.361,14,kovalainen,Finnish,lotus_racing,Malaysian
21,2011,villeneuve,Montreal,4.361,14,glock,German,virgin,British
3,2011,villeneuve,Montreal,4.361,14,massa,Brazilian,ferrari,Italian
18,2011,villeneuve,Montreal,4.361,14,trulli,Italian,lotus_racing,Malaysian
14,2011,villeneuve,Montreal,4.361,14,sutil,German,force_india,Indian
9,2011,nurburgring,Nürburg,5.148,15,petrov,Russian,renault,French
20,2011,nurburgring,Nürburg,5.148,15,chandhok,Indian,lotus_racing,Malaysian
4,2011,nurburgring,Nürburg,5.148,15,alonso,Spanish,ferrari,Italian
19,2011,spa,Spa,7.004,20,glock,German,virgin,British
4,2011,spa,Spa,7.004,20,massa,Brazilian,ferrari,Italian
18,2011,spa,Spa,7.004,20,trulli,Italian,lotus_racing,Malaysian
15,2011,spa,Spa,7.004,20,sutil,German,force_india,Indian
3,2011,spa,Spa,7.004,20,webber,Australian,red_bull,Austrian
7,2011,nurburgring,Nürburg,5.148,15,button,British,mclaren,British
3,2011,nurburgring,Nürburg,5.148,15,vettel,German,red_bull,Austrian
7,2011,silverstone,Silverstone,5.891,18,maldonado,Venezuelan,williams,British
11,2011,hungaroring,Budapest,4.381,14,resta,British,force_india,Indian
10,2011,hungaroring,Budapest,4.381,14,perez,Mexican,sauber,Swiss
24,2011,hungaroring,Budapest,4.381,14,ambrosio,Belgian,virgin,British
22,2011,hungaroring,Budapest,4.381,14,ricciardo,Australian,hrt,Spanish
2,2011,spa,Spa,7.004,20,hamilton,British,mclaren,British
11,2011,nurburgring,Nürburg,5.148,15,heidfeld,German,renault,French
6,2011,nurburgring,Nürburg,5.148,15,rosberg,German,mercedes,German
16,2011,spa,Spa,7.004,20,kovalainen,Finnish,lotus_racing,Malaysian
15,2011,hungaroring,Budapest,4.381,14,barrichello,Brazilian,williams,British
21,2011,hungaroring,Budapest,4.381,14,liuzzi,Italian,hrt,Spanish
9,2011,hungaroring,Budapest,4.381,14,michael_schumacher,German,mercedes,German
23,2011,hungaroring,Budapest,4.381,14,buemi,Swiss,toro_rosso,Italian
16,2011,hungaroring,Budapest,4.381,14,alguersuari,Spanish,toro_rosso,Italian
13,2011,spa,Spa,7.004,20,button,British,mclaren,British
1,2011,spa,Spa,7.004,20,vettel,German,red_bull,Austrian
17,2011,hungaroring,Budapest,4.381,14,maldonado,Venezuelan,williams,British
13,2011,valencia,Valencia,5.419,25,barrichello,Brazilian,williams,British
22,2011,valencia,Valencia,5.419,25,liuzzi,Italian,hrt,Spanish
8,2011,valencia,Valencia,5.419,25,michael_schumacher,German,mercedes,German
24,2011,valencia,Valencia,5.419,25,karthikeyan,Indian,hrt,Spanish
17,2011,valencia,Valencia,5.419,25,buemi,Swiss,toro_rosso,Italian
5,2011,spa,Spa,7.004,20,rosberg,German,mercedes,German
8,2011,spa,Spa,7.004,20,alonso,Spanish,ferrari,Italian
1,2011,hungaroring,Budapest,4.381,14,vettel,German,red_bull,Austrian
18,2011,monza,Monza,5.793,11,alguersuari,Spanish,toro_rosso,Italian
17,2011,monza,Monza,5.793,11,kobayashi,Japanese,sauber,Swiss
10,2011,monza,Monza,5.793,11,bruno_senna,Brazilian,renault,French
14,2011,monza,Monza,5.793,11,maldonado,Venezuelan,williams,British
11,2011,monza,Monza,5.793,11,resta,British,force_india,Indian
13,2011,hungaroring,Budapest,4.381,14,kobayashi,Japanese,sauber,Swiss
12,2011,hungaroring,Budapest,4.381,14,petrov,Russian,renault,French
5,2011,hungaroring,Budapest,4.381,14,alonso,Spanish,ferrari,Italian
19,2011,monza,Monza,5.793,11,trulli,Italian,lotus_racing,Malaysian
12,2011,monza,Monza,5.793,11,sutil,German,force_india,Indian
5,2011,monza,Monza,5.793,11,webber,Australian,red_bull,Austrian
3,2011,monza,Monza,5.793,11,button,British,mclaren,British
1,2011,monza,Monza,5.793,11,vettel,German,red_bull,Austrian
6,2011,hungaroring,Budapest,4.381,14,webber,Australian,red_bull,Austrian
3,2011,hungaroring,Budapest,4.381,14,button,British,mclaren,British
16,2011,monza,Monza,5.793,11,buemi,Swiss,toro_rosso,Italian
9,2011,spa,Spa,7.004,20,perez,Mexican,sauber,Swiss
20,2011,spa,Spa,7.004,20,ambrosio,Belgian,virgin,British
23,2011,spa,Spa,7.004,20,ricciardo,Australian,hrt,Spanish
2,2011,monza,Monza,5.793,11,hamilton,British,mclaren,British
4,2011,monza,Monza,5.793,11,alonso,Spanish,ferrari,Italian
15,2011,monza,Monza,5.793,11,perez,Mexican,sauber,Swiss
22,2011,monza,Monza,5.793,11,ambrosio,Belgian,virgin,British
6,2011,monza,Monza,5.793,11,massa,Brazilian,ferrari,Italian
6,2011,silverstone,Silverstone,5.891,18,resta,British,force_india,Indian
12,2011,silverstone,Silverstone,5.891,18,perez,Mexican,sauber,Swiss
22,2011,silverstone,Silverstone,5.891,18,ambrosio,Belgian,virgin,British
24,2011,silverstone,Silverstone,5.891,18,ricciardo,Australian,hrt,Spanish
2,2011,nurburgring,Nürburg,5.148,15,hamilton,British,mclaren,British
13,2011,monza,Monza,5.793,11,barrichello,Brazilian,williams,British
8,2011,monza,Monza,5.793,11,michael_schumacher,German,mercedes,German
17,2011,spa,Spa,7.004,20,resta,British,force_india,Indian
3,2011,suzuka,Suzuka,5.807,18,hamilton,British,mclaren,British
23,2011,suzuka,Suzuka,5.807,18,rosberg,German,mercedes,German
5,2011,suzuka,Suzuka,5.807,18,alonso,Spanish,ferrari,Italian
18,2011,suzuka,Suzuka,5.807,18,kovalainen,Finnish,lotus_racing,Malaysian
21,2011,suzuka,Suzuka,5.807,18,glock,German,virgin,British
20,2011,monza,Monza,5.793,11,kovalainen,Finnish,lotus_racing,Malaysian
21,2011,monza,Monza,5.793,11,glock,German,virgin,British
14,2011,spa,Spa,7.004,20,barrichello,Brazilian,williams,British
17,2011,marina_bay,Marina Bay,4.94,19,kobayashi,Japanese,sauber,Swiss
18,2011,marina_bay,Marina Bay,4.94,19,petrov,Russian,renault,French
15,2011,marina_bay,Marina Bay,4.94,19,bruno_senna,Brazilian,renault,French
13,2011,marina_bay,Marina Bay,4.94,19,maldonado,Venezuelan,williams,British
10,2011,marina_bay,Marina Bay,4.94,19,resta,British,force_india,Indian
7,2011,spa,Spa,7.004,20,bruno_senna,Brazilian,renault,French
21,2011,spa,Spa,7.004,20,maldonado,Venezuelan,williams,British
23,2011,marina_bay,Marina Bay,4.94,19,ricciardo,Australian,hrt,Spanish
2,2011,marina_bay,Marina Bay,4.94,19,webber,Australian,red_bull,Austrian
3,2011,marina_bay,Marina Bay,4.94,19,button,British,mclaren,British
1,2011,marina_bay,Marina Bay,4.94,19,vettel,German,red_bull,Austrian
12,2011,marina_bay,Marina Bay,4.94,19,barrichello,Brazilian,williams,British
24,2011,marina_bay,Marina Bay,4.94,19,liuzzi,Italian,hrt,Spanish
4,2011,suzuka,Suzuka,5.807,18,massa,Brazilian,ferrari,Italian
19,2011,suzuka,Suzuka,5.807,18,trulli,Italian,lotus_racing,Malaysian
16,2011,marina_bay,Marina Bay,4.94,19,alguersuari,Spanish,toro_rosso,Italian
18,2011,hungaroring,Budapest,4.381,14,kovalainen,Finnish,lotus_racing,Malaysian
20,2011,hungaroring,Budapest,4.381,14,glock,German,virgin,British
4,2011,hungaroring,Budapest,4.381,14,massa,Brazilian,ferrari,Italian
19,2011,hungaroring,Budapest,4.381,14,trulli,Italian,lotus_racing,Malaysian
8,2011,hungaroring,Budapest,4.381,14,sutil,German,force_india,Indian
11,2011,marina_bay,Marina Bay,4.94,19,perez,Mexican,sauber,Swiss
22,2011,marina_bay,Marina Bay,4.94,19,ambrosio,Belgian,virgin,British
9,2011,marina_bay,Marina Bay,4.94,19,sutil,German,force_india,Indian
4,2011,yeongam,Yeongam County,5.615,18,webber,Australian,red_bull,Austrian
3,2011,yeongam,Yeongam County,5.615,18,button,British,mclaren,British
2,2011,yeongam,Yeongam County,5.615,18,vettel,German,red_bull,Austrian
18,2011,yeongam,Yeongam County,5.615,18,barrichello,Brazilian,williams,British
23,2011,yeongam,Yeongam County,5.615,18,liuzzi,Italian,hrt,Spanish
8,2011,marina_bay,Marina Bay,4.94,19,michael_schumacher,German,mercedes,German
14,2011,marina_bay,Marina Bay,4.94,19,buemi,Swiss,toro_rosso,Italian
23,2011,monza,Monza,5.793,11,ricciardo,Australian,hrt,Spanish
1,2011,yeongam,Yeongam County,5.615,18,hamilton,British,mclaren,British
7,2011,yeongam,Yeongam County,5.615,18,rosberg,German,mercedes,German
6,2011,yeongam,Yeongam County,5.615,18,alonso,Spanish,ferrari,Italian
19,2011,yeongam,Yeongam County,5.615,18,kovalainen,Finnish,lotus_racing,Malaysian
21,2011,yeongam,Yeongam County,5.615,18,glock,German,virgin,British
6,2011,marina_bay,Marina Bay,4.94,19,massa,Brazilian,ferrari,Italian
20,2011,marina_bay,Marina Bay,4.94,19,trulli,Italian,lotus_racing,Malaysian
10,2011,yeongam,Yeongam County,5.615,18,sutil,German,force_india,Indian
7,2011,suzuka,Suzuka,5.807,18,kobayashi,Japanese,sauber,Swiss
10,2011,suzuka,Suzuka,5.807,18,petrov,Russian,renault,French
9,2011,suzuka,Suzuka,5.807,18,bruno_senna,Brazilian,renault,French
14,2011,suzuka,Suzuka,5.807,18,maldonado,Venezuelan,williams,British
12,2011,suzuka,Suzuka,5.807,18,resta,British,force_india,Indian
12,2011,yeongam,Yeongam County,5.615,18,michael_schumacher,German,mercedes,German
13,2011,yeongam,Yeongam County,5.615,18,buemi,Swiss,toro_rosso,Italian
22,2011,suzuka,Suzuka,5.807,18,ricciardo,Australian,hrt,Spanish
22,2011,spa,Spa,7.004,20,liuzzi,Italian,hrt,Spanish
24,2011,spa,Spa,7.004,20,michael_schumacher,German,mercedes,German
11,2011,spa,Spa,7.004,20,buemi,Swiss,toro_rosso,Italian
12,2011,spa,Spa,7.004,20,kobayashi,Japanese,sauber,Swiss
10,2011,spa,Spa,7.004,20,petrov,Russian,renault,French
5,2011,yeongam,Yeongam County,5.615,18,massa,Brazilian,ferrari,Italian
20,2011,yeongam,Yeongam County,5.615,18,trulli,Italian,lotus_racing,Malaysian
16,2011,suzuka,Suzuka,5.807,18,alguersuari,Spanish,toro_rosso,Italian
16,2011,buddh,Uttar Pradesh,5.141,16,petrov,Russian,renault,French
14,2011,buddh,Uttar Pradesh,5.141,16,bruno_senna,Brazilian,renault,French
13,2011,buddh,Uttar Pradesh,5.141,16,maldonado,Venezuelan,williams,British
12,2011,buddh,Uttar Pradesh,5.141,16,resta,British,force_india,Indian
20,2011,buddh,Uttar Pradesh,5.141,16,perez,Mexican,sauber,Swiss
17,2011,suzuka,Suzuka,5.807,18,perez,Mexican,sauber,Swiss
20,2011,suzuka,Suzuka,5.807,18,ambrosio,Belgian,virgin,British
11,2011,suzuka,Suzuka,5.807,18,sutil,German,force_india,Indian
2,2011,buddh,Uttar Pradesh,5.141,16,webber,Australian,red_bull,Austrian
4,2011,buddh,Uttar Pradesh,5.141,16,button,British,mclaren,British
1,2011,buddh,Uttar Pradesh,5.141,16,vettel,German,red_bull,Austrian
15,2011,buddh,Uttar Pradesh,5.141,16,barrichello,Brazilian,williams,British
11,2011,buddh,Uttar Pradesh,5.141,16,michael_schumacher,German,mercedes,German
8,2011,suzuka,Suzuka,5.807,18,michael_schumacher,German,mercedes,German
15,2011,suzuka,Suzuka,5.807,18,buemi,Swiss,toro_rosso,Italian
10,2011,buddh,Uttar Pradesh,5.141,16,alguersuari,Spanish,toro_rosso,Italian
5,2011,buddh,Uttar Pradesh,5.141,16,hamilton,British,mclaren,British
7,2011,buddh,Uttar Pradesh,5.141,16,rosberg,German,mercedes,German
3,2011,buddh,Uttar Pradesh,5.141,16,alonso,Spanish,ferrari,Italian
18,2011,buddh,Uttar Pradesh,5.141,16,kovalainen,Finnish,lotus_racing,Malaysian
22,2011,buddh,Uttar Pradesh,5.141,16,glock,German,virgin,British
21,2011,buddh,Uttar Pradesh,5.141,16,ambrosio,Belgian,virgin,British
23,2011,buddh,Uttar Pradesh,5.141,16,ricciardo,Australian,hrt,Spanish
8,2011,buddh,Uttar Pradesh,5.141,16,sutil,German,force_india,Indian
4,2011,marina_bay,Marina Bay,4.94,19,hamilton,British,mclaren,British
7,2011,marina_bay,Marina Bay,4.94,19,rosberg,German,mercedes,German
5,2011,marina_bay,Marina Bay,4.94,19,alonso,Spanish,ferrari,Italian
19,2011,marina_bay,Marina Bay,4.94,19,kovalainen,Finnish,lotus_racing,Malaysian
21,2011,marina_bay,Marina Bay,4.94,19,glock,German,virgin,British
24,2011,buddh,Uttar Pradesh,5.141,16,karthikeyan,Indian,hrt,Spanish
9,2011,buddh,Uttar Pradesh,5.141,16,buemi,Swiss,toro_rosso,Italian
24,2011,yeongam,Yeongam County,5.615,18,ricciardo,Australian,hrt,Spanish
6,2011,interlagos,São Paulo,4.309,15,rosberg,German,mercedes,German
5,2011,interlagos,São Paulo,4.309,15,alonso,Spanish,ferrari,Italian
19,2011,interlagos,São Paulo,4.309,15,kovalainen,Finnish,lotus_racing,Malaysian
24,2011,interlagos,São Paulo,4.309,15,glock,German,virgin,British
7,2011,interlagos,São Paulo,4.309,15,massa,Brazilian,ferrari,Italian
6,2011,buddh,Uttar Pradesh,5.141,16,massa,Brazilian,ferrari,Italian
19,2011,buddh,Uttar Pradesh,5.141,16,trulli,Italian,lotus_racing,Malaysian
11,2011,yeongam,Yeongam County,5.615,18,alguersuari,Spanish,toro_rosso,Italian
12,2011,yas_marina,Abu Dhabi,5.281,16,petrov,Russian,renault,French
14,2011,yas_marina,Abu Dhabi,5.281,16,bruno_senna,Brazilian,renault,French
23,2011,yas_marina,Abu Dhabi,5.281,16,maldonado,Venezuelan,williams,British
10,2011,yas_marina,Abu Dhabi,5.281,16,resta,British,force_india,Indian
11,2011,yas_marina,Abu Dhabi,5.281,16,perez,Mexican,sauber,Swiss
17,2011,yeongam,Yeongam County,5.615,18,perez,Mexican,sauber,Swiss
22,2011,yeongam,Yeongam County,5.615,18,ambrosio,Belgian,virgin,British
4,2011,interlagos,São Paulo,4.309,15,hamilton,British,mclaren,British
3,2011,yas_marina,Abu Dhabi,5.281,16,button,British,mclaren,British
1,2011,yas_marina,Abu Dhabi,5.281,16,vettel,German,red_bull,Austrian
24,2011,yas_marina,Abu Dhabi,5.281,16,barrichello,Brazilian,williams,British
22,2011,yas_marina,Abu Dhabi,5.281,16,liuzzi,Italian,hrt,Spanish
8,2011,yas_marina,Abu Dhabi,5.281,16,michael_schumacher,German,mercedes,German
20,2011,interlagos,São Paulo,4.309,15,trulli,Italian,lotus_racing,Malaysian
8,2011,interlagos,São Paulo,4.309,15,sutil,German,force_india,Indian
16,2011,yas_marina,Abu Dhabi,5.281,16,kobayashi,Japanese,sauber,Swiss
6,2011,suzuka,Suzuka,5.807,18,webber,Australian,red_bull,Austrian
2,2011,suzuka,Suzuka,5.807,18,button,British,mclaren,British
1,2011,suzuka,Suzuka,5.807,18,vettel,German,red_bull,Austrian
13,2011,suzuka,Suzuka,5.807,18,barrichello,Brazilian,williams,British
24,2011,suzuka,Suzuka,5.807,18,liuzzi,Italian,hrt,Spanish
21,2011,yas_marina,Abu Dhabi,5.281,16,ambrosio,Belgian,virgin,British
20,2011,yas_marina,Abu Dhabi,5.281,16,ricciardo,Australian,hrt,Spanish
4,2011,yas_marina,Abu Dhabi,5.281,16,webber,Australian,red_bull,Austrian
7,2011,yas_marina,Abu Dhabi,5.281,16,rosberg,German,mercedes,German
5,2011,yas_marina,Abu Dhabi,5.281,16,alonso,Spanish,ferrari,Italian
17,2011,yas_marina,Abu Dhabi,5.281,16,kovalainen,Finnish,lotus_racing,Malaysian
19,2011,yas_marina,Abu Dhabi,5.281,16,glock,German,virgin,British
6,2011,yas_marina,Abu Dhabi,5.281,16,massa,Brazilian,ferrari,Italian
14,2011,interlagos,São Paulo,4.309,15,buemi,Swiss,toro_rosso,Italian
13,2011,interlagos,São Paulo,4.309,15,alguersuari,Spanish,toro_rosso,Italian
3,2011,interlagos,São Paulo,4.309,15,button,British,mclaren,British
1,2011,interlagos,São Paulo,4.309,15,vettel,German,red_bull,Austrian
12,2011,interlagos,São Paulo,4.309,15,barrichello,Brazilian,williams,British
21,2011,interlagos,São Paulo,4.309,15,liuzzi,Italian,hrt,Spanish
10,2011,interlagos,São Paulo,4.309,15,michael_schumacher,German,mercedes,German
13,2011,yas_marina,Abu Dhabi,5.281,16,buemi,Swiss,toro_rosso,Italian
15,2011,yas_marina,Abu Dhabi,5.281,16,alguersuari,Spanish,toro_rosso,Italian
2,2011,yas_marina,Abu Dhabi,5.281,16,hamilton,British,mclaren,British
18,2011,interlagos,São Paulo,4.309,15,maldonado,Venezuelan,williams,British
11,2011,interlagos,São Paulo,4.309,15,resta,British,force_india,Indian
17,2011,interlagos,São Paulo,4.309,15,perez,Mexican,sauber,Swiss
18,2011,yas_marina,Abu Dhabi,5.281,16,trulli,Italian,lotus_racing,Malaysian
9,2011,yas_marina,Abu Dhabi,5.281,16,sutil,German,force_india,Indian
23,2011,interlagos,São Paulo,4.309,15,ambrosio,Belgian,virgin,British
22,2011,interlagos,São Paulo,4.309,15,ricciardo,Australian,hrt,Spanish
2,2011,interlagos,São Paulo,4.309,15,webber,Australian,red_bull,Austrian
14,2011,yeongam,Yeongam County,5.615,18,kobayashi,Japanese,sauber,Swiss
8,2011,yeongam,Yeongam County,5.615,18,petrov,Russian,renault,French
15,2011,yeongam,Yeongam County,5.615,18,bruno_senna,Brazilian,renault,French
16,2011,yeongam,Yeongam County,5.615,18,maldonado,Venezuelan,williams,British
9,2011,yeongam,Yeongam County,5.615,18,resta,British,force_india,Indian
16,2011,interlagos,São Paulo,4.309,15,kobayashi,Japanese,sauber,Swiss
15,2011,interlagos,São Paulo,4.309,15,petrov,Russian,renault,French
9,2011,interlagos,São Paulo,4.309,15,bruno_senna,Brazilian,renault,French
16,2011,albert_park,Melbourne,5.278,16,sutil,German,force_india,Indian
3,2011,albert_park,Melbourne,5.278,16,webber,Australian,red_bull,Austrian
4,2011,albert_park,Melbourne,5.278,16,button,British,mclaren,British
1,2011,albert_park,Melbourne,5.278,16,vettel,German,red_bull,Austrian
17,2011,albert_park,Melbourne,5.278,16,barrichello,Brazilian,williams,British
2,2011,albert_park,Melbourne,5.278,16,hamilton,British,mclaren,British
18,2011,albert_park,Melbourne,5.278,16,heidfeld,German,renault,French
7,2011,albert_park,Melbourne,5.278,16,rosberg,German,mercedes,German
5,2011,albert_park,Melbourne,5.278,16,alonso,Spanish,ferrari,Italian
19,2011,albert_park,Melbourne,5.278,16,kovalainen,Finnish,lotus_racing,Malaysian
20,2011,albert_park,Melbourne,5.278,16,trulli,Italian,lotus_racing,Malaysian
11,2011,albert_park,Melbourne,5.278,16,michael_schumacher,German,mercedes,German
10,2011,albert_park,Melbourne,5.278,16,buemi,Swiss,toro_rosso,Italian
21,2011,albert_park,Melbourne,5.278,16,glock,German,virgin,British
8,2011,albert_park,Melbourne,5.278,16,massa,Brazilian,ferrari,Italian
17,2012,yas_marina,Abu Dhabi,5.281,16,vergne,French,toro_rosso,Italian
19,2012,yas_marina,Abu Dhabi,5.281,16,pic,French,marussia,Russian
2,2012,yas_marina,Abu Dhabi,5.281,16,webber,Australian,red_bull,Austrian
5,2012,yas_marina,Abu Dhabi,5.281,16,button,British,mclaren,British
24,2012,yas_marina,Abu Dhabi,5.281,16,vettel,German,red_bull,Austrian
13,2012,americas,Austin,5.513,20,resta,British,force_india,Indian
15,2012,americas,Austin,5.513,20,perez,Mexican,sauber,Swiss
18,2012,americas,Austin,5.513,20,ricciardo,Australian,toro_rosso,Italian
14,2012,americas,Austin,5.513,20,vergne,French,toro_rosso,Italian
20,2012,americas,Austin,5.513,20,pic,French,marussia,Russian
13,2012,yas_marina,Abu Dhabi,5.281,16,michael_schumacher,German,mercedes,German
22,2012,yas_marina,Abu Dhabi,5.281,16,rosa,Spanish,hrt,Spanish
23,2012,yas_marina,Abu Dhabi,5.281,16,karthikeyan,Indian,hrt,Spanish
15,2012,interlagos,São Paulo,4.309,15,ricciardo,Australian,toro_rosso,Italian
17,2012,interlagos,São Paulo,4.309,15,vergne,French,toro_rosso,Italian
22,2012,interlagos,São Paulo,4.309,15,pic,French,marussia,Russian
23,2012,americas,Austin,5.513,20,rosa,Spanish,hrt,Spanish
24,2012,americas,Austin,5.513,20,karthikeyan,Indian,hrt,Spanish
8,2012,americas,Austin,5.513,20,grosjean,French,lotus_f1,British
11,2012,buddh,Uttar Pradesh,5.141,16,grosjean,French,lotus_f1,British
17,2012,buddh,Uttar Pradesh,5.141,16,kobayashi,Japanese,sauber,Swiss
24,2012,yeongam,Yeongam County,5.615,18,pic,French,marussia,Russian
3,2012,buddh,Uttar Pradesh,5.141,16,hamilton,British,mclaren,British
10,2012,buddh,Uttar Pradesh,5.141,16,rosberg,German,mercedes,German
21,2012,americas,Austin,5.513,20,petrov,Russian,caterham,Malaysian
10,2012,americas,Austin,5.513,20,bruno_senna,Brazilian,williams,British
9,2012,americas,Austin,5.513,20,maldonado,Venezuelan,williams,British
14,2012,interlagos,São Paulo,4.309,15,kobayashi,Japanese,sauber,Swiss
6,2012,interlagos,São Paulo,4.309,15,hulkenberg,German,force_india,Indian
1,2012,interlagos,São Paulo,4.309,15,hamilton,British,mclaren,British
9,2012,interlagos,São Paulo,4.309,15,rosberg,German,mercedes,German
7,2012,interlagos,São Paulo,4.309,15,alonso,Spanish,ferrari,Italian
7,2012,sepang,Kuala Lumpur,5.543,15,rosberg,German,mercedes,German
8,2012,sepang,Kuala Lumpur,5.543,15,alonso,Spanish,ferrari,Italian
16,2012,bahrain,Sakhir,5.412,15,kovalainen,Finnish,caterham,Malaysian
11,2012,bahrain,Sakhir,5.412,15,raikkonen,Finnish,lotus_f1,British
23,2012,bahrain,Sakhir,5.412,15,glock,German,marussia,Russian
3,2012,shanghai,Shanghai,5.451,16,kobayashi,Japanese,sauber,Swiss
16,2012,shanghai,Shanghai,5.451,16,hulkenberg,German,force_india,Indian
19,2012,shanghai,Shanghai,5.451,16,petrov,Russian,caterham,Malaysian
10,2012,sepang,Kuala Lumpur,5.543,15,raikkonen,Finnish,lotus_f1,British
20,2012,sepang,Kuala Lumpur,5.543,15,glock,German,marussia,Russian
3,2012,albert_park,Melbourne,5.278,16,grosjean,French,lotus_f1,British
13,2012,albert_park,Melbourne,5.278,16,kobayashi,Japanese,sauber,Swiss
19,2012,albert_park,Melbourne,5.278,16,petrov,Russian,caterham,Malaysian
24,2012,shanghai,Shanghai,5.451,16,vergne,French,toro_rosso,Italian
21,2012,shanghai,Shanghai,5.451,16,pic,French,marussia,Russian
2,2012,bahrain,Sakhir,5.412,15,hamilton,British,mclaren,British
1,2012,shanghai,Shanghai,5.451,16,rosberg,German,mercedes,German
9,2012,shanghai,Shanghai,5.451,16,alonso,Spanish,ferrari,Italian
22,2012,sepang,Kuala Lumpur,5.543,15,rosa,Spanish,hrt,Spanish
23,2012,sepang,Kuala Lumpur,5.543,15,karthikeyan,Indian,hrt,Spanish
6,2012,sepang,Kuala Lumpur,5.543,15,grosjean,French,lotus_f1,British
13,2012,sepang,Kuala Lumpur,5.543,15,bruno_senna,Brazilian,williams,British
11,2012,sepang,Kuala Lumpur,5.543,15,maldonado,Venezuelan,williams,British
24,2012,sepang,Kuala Lumpur,5.543,15,kovalainen,Finnish,caterham,Malaysian
17,2012,sepang,Kuala Lumpur,5.543,15,kobayashi,Japanese,sauber,Swiss
19,2012,sepang,Kuala Lumpur,5.543,15,petrov,Russian,caterham,Malaysian
14,2012,sepang,Kuala Lumpur,5.543,15,resta,British,force_india,Indian
9,2012,sepang,Kuala Lumpur,5.543,15,perez,Mexican,sauber,Swiss
15,2012,sepang,Kuala Lumpur,5.543,15,ricciardo,Australian,toro_rosso,Italian
12,2012,sepang,Kuala Lumpur,5.543,15,massa,Brazilian,ferrari,Italian
4,2012,sepang,Kuala Lumpur,5.543,15,webber,Australian,red_bull,Austrian
2,2012,sepang,Kuala Lumpur,5.543,15,button,British,mclaren,British
12,2012,villeneuve,Montreal,4.361,14,raikkonen,Finnish,lotus_f1,British
21,2012,villeneuve,Montreal,4.361,14,glock,German,marussia,Russian
22,2012,monaco,Monte-Carlo,3.337,19,karthikeyan,Indian,hrt,Spanish
11,2012,monaco,Monte-Carlo,3.337,19,kobayashi,Japanese,sauber,Swiss
10,2012,monaco,Monte-Carlo,3.337,19,hulkenberg,German,force_india,Indian
12,2012,shanghai,Shanghai,5.451,16,massa,Brazilian,ferrari,Italian
6,2012,shanghai,Shanghai,5.451,16,webber,Australian,red_bull,Austrian
5,2012,shanghai,Shanghai,5.451,16,button,British,mclaren,British
15,2012,bahrain,Sakhir,5.412,15,bruno_senna,Brazilian,williams,British
21,2012,bahrain,Sakhir,5.412,15,maldonado,Venezuelan,williams,British
16,2012,monaco,Monte-Carlo,3.337,19,vergne,French,toro_rosso,Italian
21,2012,monaco,Monte-Carlo,3.337,19,pic,French,marussia,Russian
2,2012,villeneuve,Montreal,4.361,14,hamilton,British,mclaren,British
7,2012,monaco,Monte-Carlo,3.337,19,massa,Brazilian,ferrari,Italian
1,2012,monaco,Monte-Carlo,3.337,19,webber,Australian,red_bull,Austrian
12,2012,monaco,Monte-Carlo,3.337,19,button,British,mclaren,British
5,2012,sepang,Kuala Lumpur,5.543,15,vettel,German,red_bull,Austrian
3,2012,sepang,Kuala Lumpur,5.543,15,michael_schumacher,German,mercedes,German
15,2012,albert_park,Melbourne,5.278,16,resta,British,force_india,Indian
22,2012,albert_park,Melbourne,5.278,16,perez,Mexican,sauber,Swiss
10,2012,albert_park,Melbourne,5.278,16,ricciardo,Australian,toro_rosso,Italian
18,2012,monaco,Monte-Carlo,3.337,19,petrov,Russian,caterham,Malaysian
13,2012,monaco,Monte-Carlo,3.337,19,bruno_senna,Brazilian,williams,British
14,2012,monaco,Monte-Carlo,3.337,19,resta,British,force_india,Indian
7,2012,catalunya,Montmeló,4.657,14,vettel,German,red_bull,Austrian
8,2012,catalunya,Montmeló,4.657,14,michael_schumacher,German,mercedes,German
10,2012,bahrain,Sakhir,5.412,15,resta,British,force_india,Indian
8,2012,bahrain,Sakhir,5.412,15,perez,Mexican,sauber,Swiss
6,2012,bahrain,Sakhir,5.412,15,ricciardo,Australian,toro_rosso,Italian
14,2012,bahrain,Sakhir,5.412,15,massa,Brazilian,ferrari,Italian
3,2012,bahrain,Sakhir,5.412,15,webber,Australian,red_bull,Austrian
4,2012,bahrain,Sakhir,5.412,15,button,British,mclaren,British
4,2012,valencia,Valencia,5.419,25,grosjean,French,lotus_f1,British
7,2012,valencia,Valencia,5.419,25,kobayashi,Japanese,sauber,Swiss
19,2012,villeneuve,Montreal,4.361,14,vergne,French,toro_rosso,Italian
23,2012,villeneuve,Montreal,4.361,14,pic,French,marussia,Russian
2,2012,valencia,Valencia,5.419,25,hamilton,British,mclaren,British
12,2012,bahrain,Sakhir,5.412,15,kobayashi,Japanese,sauber,Swiss
13,2012,bahrain,Sakhir,5.412,15,hulkenberg,German,force_india,Indian
18,2012,bahrain,Sakhir,5.412,15,petrov,Russian,caterham,Malaysian
2,2012,monaco,Monte-Carlo,3.337,19,rosberg,German,mercedes,German
5,2012,monaco,Monte-Carlo,3.337,19,alonso,Spanish,ferrari,Italian
19,2012,valencia,Valencia,5.419,25,webber,Australian,red_bull,Austrian
9,2012,valencia,Valencia,5.419,25,button,British,mclaren,British
1,2012,valencia,Valencia,5.419,25,vettel,German,red_bull,Austrian
16,2012,villeneuve,Montreal,4.361,14,bruno_senna,Brazilian,williams,British
22,2012,villeneuve,Montreal,4.361,14,maldonado,Venezuelan,williams,British
8,2012,villeneuve,Montreal,4.361,14,resta,British,force_india,Indian
14,2012,shanghai,Shanghai,5.451,16,bruno_senna,Brazilian,williams,British
13,2012,shanghai,Shanghai,5.451,16,maldonado,Venezuelan,williams,British
18,2012,shanghai,Shanghai,5.451,16,kovalainen,Finnish,caterham,Malaysian
4,2012,shanghai,Shanghai,5.451,16,raikkonen,Finnish,lotus_f1,British
20,2012,shanghai,Shanghai,5.451,16,glock,German,marussia,Russian
6,2012,valencia,Valencia,5.419,25,rosberg,German,mercedes,German
11,2012,valencia,Valencia,5.419,25,alonso,Spanish,ferrari,Italian
16,2012,valencia,Valencia,5.419,25,kovalainen,Finnish,caterham,Malaysian
23,2012,monaco,Monte-Carlo,3.337,19,perez,Mexican,sauber,Swiss
15,2012,monaco,Monte-Carlo,3.337,19,ricciardo,Australian,toro_rosso,Italian
17,2012,monaco,Monte-Carlo,3.337,19,kovalainen,Finnish,caterham,Malaysian
8,2012,monaco,Monte-Carlo,3.337,19,raikkonen,Finnish,lotus_f1,British
19,2012,monaco,Monte-Carlo,3.337,19,glock,German,marussia,Russian
9,2012,catalunya,Montmeló,4.657,14,kobayashi,Japanese,sauber,Swiss
13,2012,catalunya,Montmeló,4.657,14,hulkenberg,German,force_india,Indian
18,2012,catalunya,Montmeló,4.657,14,petrov,Russian,caterham,Malaysian
23,2012,silverstone,Silverstone,5.891,18,vergne,French,toro_rosso,Italian
24,2012,silverstone,Silverstone,5.891,18,pic,French,marussia,Russian
2,2012,silverstone,Silverstone,5.891,18,webber,Australian,red_bull,Austrian
16,2012,silverstone,Silverstone,5.891,18,button,British,mclaren,British
4,2012,silverstone,Silverstone,5.891,18,vettel,German,red_bull,Austrian
14,2012,catalunya,Montmeló,4.657,14,vergne,French,toro_rosso,Italian
20,2012,catalunya,Montmeló,4.657,14,pic,French,marussia,Russian
3,2012,monaco,Monte-Carlo,3.337,19,hamilton,British,mclaren,British
24,2012,villeneuve,Montreal,4.361,14,karthikeyan,Indian,hrt,Spanish
7,2012,villeneuve,Montreal,4.361,14,grosjean,French,lotus_f1,British
14,2012,silverstone,Silverstone,5.891,18,hulkenberg,German,force_india,Indian
13,2012,silverstone,Silverstone,5.891,18,bruno_senna,Brazilian,williams,British
7,2012,silverstone,Silverstone,5.891,18,maldonado,Venezuelan,williams,British
1,2012,silverstone,Silverstone,5.891,18,alonso,Spanish,ferrari,Italian
19,2012,silverstone,Silverstone,5.891,18,kovalainen,Finnish,caterham,Malaysian
6,2012,silverstone,Silverstone,5.891,18,raikkonen,Finnish,lotus_f1,British
6,2012,catalunya,Montmeló,4.657,14,rosberg,German,mercedes,German
2,2012,catalunya,Montmeló,4.657,14,alonso,Spanish,ferrari,Italian
20,2012,bahrain,Sakhir,5.412,15,rosa,Spanish,hrt,Spanish
24,2012,bahrain,Sakhir,5.412,15,karthikeyan,Indian,hrt,Spanish
7,2012,bahrain,Sakhir,5.412,15,grosjean,French,lotus_f1,British
3,2012,silverstone,Silverstone,5.891,18,michael_schumacher,German,mercedes,German
21,2012,silverstone,Silverstone,5.891,18,rosa,Spanish,hrt,Spanish
22,2012,silverstone,Silverstone,5.891,18,karthikeyan,Indian,hrt,Spanish
5,2012,valencia,Valencia,5.419,25,raikkonen,Finnish,lotus_f1,British
13,2012,valencia,Valencia,5.419,25,massa,Brazilian,ferrari,Italian
11,2012,villeneuve,Montreal,4.361,14,kobayashi,Japanese,sauber,Swiss
13,2012,villeneuve,Montreal,4.361,14,hulkenberg,German,force_india,Indian
18,2012,villeneuve,Montreal,4.361,14,petrov,Russian,caterham,Malaysian
5,2012,villeneuve,Montreal,4.361,14,rosberg,German,mercedes,German
3,2012,villeneuve,Montreal,4.361,14,alonso,Spanish,ferrari,Italian
17,2012,villeneuve,Montreal,4.361,14,kovalainen,Finnish,caterham,Malaysian
7,2012,hungaroring,Budapest,4.381,14,massa,Brazilian,ferrari,Italian
11,2012,hungaroring,Budapest,4.381,14,webber,Australian,red_bull,Austrian
18,2012,hockenheimring,Hockenheim,4.574,16,petrov,Russian,caterham,Malaysian
14,2012,hockenheimring,Hockenheim,4.574,16,bruno_senna,Brazilian,williams,British
5,2012,hockenheimring,Hockenheim,4.574,16,maldonado,Venezuelan,williams,British
1,2012,villeneuve,Montreal,4.361,14,vettel,German,red_bull,Austrian
9,2012,villeneuve,Montreal,4.361,14,michael_schumacher,German,mercedes,German
20,2012,villeneuve,Montreal,4.361,14,rosa,Spanish,hrt,Spanish
17,2012,valencia,Valencia,5.419,25,ricciardo,Australian,toro_rosso,Italian
18,2012,valencia,Valencia,5.419,25,vergne,French,toro_rosso,Italian
1,2012,hungaroring,Budapest,4.381,14,hamilton,British,mclaren,British
13,2012,hungaroring,Budapest,4.381,14,rosberg,German,mercedes,German
6,2012,hungaroring,Budapest,4.381,14,alonso,Spanish,ferrari,Italian
23,2012,hockenheimring,Hockenheim,4.574,16,rosa,Spanish,hrt,Spanish
24,2012,hockenheimring,Hockenheim,4.574,16,karthikeyan,Indian,hrt,Spanish
19,2012,hockenheimring,Hockenheim,4.574,16,grosjean,French,lotus_f1,British
9,2012,monaco,Monte-Carlo,3.337,19,vettel,German,red_bull,Austrian
6,2012,monaco,Monte-Carlo,3.337,19,michael_schumacher,German,mercedes,German
12,2012,catalunya,Montmeló,4.657,14,resta,British,force_india,Indian
5,2012,catalunya,Montmeló,4.657,14,perez,Mexican,sauber,Swiss
15,2012,catalunya,Montmeló,4.657,14,ricciardo,Australian,toro_rosso,Italian
9,2012,hockenheimring,Hockenheim,4.574,16,resta,British,force_india,Indian
17,2012,hockenheimring,Hockenheim,4.574,16,perez,Mexican,sauber,Swiss
11,2012,hockenheimring,Hockenheim,4.574,16,ricciardo,Australian,toro_rosso,Italian
9,2012,silverstone,Silverstone,5.891,18,grosjean,French,lotus_f1,British
17,2012,silverstone,Silverstone,5.891,18,kobayashi,Japanese,sauber,Swiss
23,2012,valencia,Valencia,5.419,25,pic,French,marussia,Russian
8,2012,silverstone,Silverstone,5.891,18,hamilton,British,mclaren,British
11,2012,silverstone,Silverstone,5.891,18,rosberg,German,mercedes,German
12,2012,valencia,Valencia,5.419,25,michael_schumacher,German,mercedes,German
21,2012,valencia,Valencia,5.419,25,rosa,Spanish,hrt,Spanish
22,2012,valencia,Valencia,5.419,25,karthikeyan,Indian,hrt,Spanish
17,2012,spa,Spa,7.004,20,bruno_senna,Brazilian,williams,British
6,2012,spa,Spa,7.004,20,maldonado,Venezuelan,williams,British
23,2012,spa,Spa,7.004,20,rosberg,German,mercedes,German
18,2012,spa,Spa,7.004,20,kovalainen,Finnish,caterham,Malaysian
3,2012,spa,Spa,7.004,20,raikkonen,Finnish,lotus_f1,British
3,2012,valencia,Valencia,5.419,25,maldonado,Venezuelan,williams,British
10,2012,valencia,Valencia,5.419,25,resta,British,force_india,Indian
15,2012,valencia,Valencia,5.419,25,perez,Mexican,sauber,Swiss
13,2012,hockenheimring,Hockenheim,4.574,16,massa,Brazilian,ferrari,Italian
8,2012,hockenheimring,Hockenheim,4.574,16,webber,Australian,red_bull,Austrian
13,2012,spa,Spa,7.004,20,michael_schumacher,German,mercedes,German
21,2012,spa,Spa,7.004,20,rosa,Spanish,hrt,Spanish
24,2012,spa,Spa,7.004,20,karthikeyan,Indian,hrt,Spanish
12,2012,hungaroring,Budapest,4.381,14,resta,British,force_india,Indian
14,2012,hungaroring,Budapest,4.381,14,perez,Mexican,sauber,Swiss
18,2012,hungaroring,Budapest,4.381,14,ricciardo,Australian,toro_rosso,Italian
15,2012,villeneuve,Montreal,4.361,14,perez,Mexican,sauber,Swiss
14,2012,villeneuve,Montreal,4.361,14,ricciardo,Australian,toro_rosso,Italian
6,2012,villeneuve,Montreal,4.361,14,massa,Brazilian,ferrari,Italian
4,2012,villeneuve,Montreal,4.361,14,webber,Australian,red_bull,Austrian
10,2012,villeneuve,Montreal,4.361,14,button,British,mclaren,British
20,2012,spa,Spa,7.004,20,glock,German,marussia,Russian
14,2012,spa,Spa,7.004,20,massa,Brazilian,ferrari,Italian
12,2012,spa,Spa,7.004,20,webber,Australian,red_bull,Austrian
15,2012,hockenheimring,Hockenheim,4.574,16,vergne,French,toro_rosso,Italian
20,2012,hockenheimring,Hockenheim,4.574,16,pic,French,marussia,Russian
6,2012,hockenheimring,Hockenheim,4.574,16,button,British,mclaren,British
2,2012,hockenheimring,Hockenheim,4.574,16,vettel,German,red_bull,Austrian
3,2012,hockenheimring,Hockenheim,4.574,16,michael_schumacher,German,mercedes,German
10,2012,silverstone,Silverstone,5.891,18,resta,British,force_india,Indian
15,2012,silverstone,Silverstone,5.891,18,perez,Mexican,sauber,Swiss
12,2012,silverstone,Silverstone,5.891,18,ricciardo,Australian,toro_rosso,Italian
5,2012,marina_bay,Marina Bay,4.94,19,alonso,Spanish,ferrari,Italian
19,2012,marina_bay,Marina Bay,4.94,19,kovalainen,Finnish,caterham,Malaysian
21,2012,monza,Monza,5.793,11,karthikeyan,Indian,hrt,Spanish
8,2012,monza,Monza,5.793,11,kobayashi,Japanese,sauber,Swiss
24,2012,monza,Monza,5.793,11,hulkenberg,German,force_india,Indian
16,2012,hockenheimring,Hockenheim,4.574,16,kovalainen,Finnish,caterham,Malaysian
10,2012,hockenheimring,Hockenheim,4.574,16,raikkonen,Finnish,lotus_f1,British
22,2012,hockenheimring,Hockenheim,4.574,16,glock,German,marussia,Russian
15,2012,hungaroring,Budapest,4.381,14,kobayashi,Japanese,sauber,Swiss
10,2012,hungaroring,Budapest,4.381,14,hulkenberg,German,force_india,Indian
15,2012,monza,Monza,5.793,11,ambrosio,Belgian,lotus_f1,British
14,2012,monza,Monza,5.793,11,ricciardo,Australian,toro_rosso,Italian
16,2012,monza,Monza,5.793,11,vergne,French,toro_rosso,Italian
11,2012,monza,Monza,5.793,11,webber,Australian,red_bull,Austrian
2,2012,monza,Monza,5.793,11,button,British,mclaren,British
5,2012,monza,Monza,5.793,11,vettel,German,red_bull,Austrian
20,2012,silverstone,Silverstone,5.891,18,glock,German,marussia,Russian
5,2012,silverstone,Silverstone,5.891,18,massa,Brazilian,ferrari,Italian
8,2012,valencia,Valencia,5.419,25,hulkenberg,German,force_india,Indian
20,2012,valencia,Valencia,5.419,25,petrov,Russian,caterham,Malaysian
14,2012,valencia,Valencia,5.419,25,bruno_senna,Brazilian,williams,British
18,2012,monza,Monza,5.793,11,petrov,Russian,caterham,Malaysian
13,2012,monza,Monza,5.793,11,bruno_senna,Brazilian,williams,British
22,2012,monza,Monza,5.793,11,maldonado,Venezuelan,williams,British
1,2012,spa,Spa,7.004,20,button,British,mclaren,British
10,2012,spa,Spa,7.004,20,vettel,German,red_bull,Austrian
20,2012,hungaroring,Budapest,4.381,14,petrov,Russian,caterham,Malaysian
9,2012,hungaroring,Budapest,4.381,14,bruno_senna,Brazilian,williams,British
8,2012,hungaroring,Budapest,4.381,14,maldonado,Venezuelan,williams,British
19,2012,hungaroring,Budapest,4.381,14,kovalainen,Finnish,caterham,Malaysian
5,2012,hungaroring,Budapest,4.381,14,raikkonen,Finnish,lotus_f1,British
22,2012,hungaroring,Budapest,4.381,14,glock,German,marussia,Russian
24,2012,suzuka,Suzuka,5.807,18,karthikeyan,Indian,hrt,Spanish
4,2012,suzuka,Suzuka,5.807,18,grosjean,French,lotus_f1,British
14,2012,marina_bay,Marina Bay,4.94,19,perez,Mexican,sauber,Swiss
15,2012,marina_bay,Marina Bay,4.94,19,ricciardo,Australian,toro_rosso,Italian
16,2012,marina_bay,Marina Bay,4.94,19,vergne,French,toro_rosso,Italian
23,2012,hungaroring,Budapest,4.381,14,rosa,Spanish,hrt,Spanish
24,2012,hungaroring,Budapest,4.381,14,karthikeyan,Indian,hrt,Spanish
2,2012,hungaroring,Budapest,4.381,14,grosjean,French,lotus_f1,British
10,2012,monza,Monza,5.793,11,alonso,Spanish,ferrari,Italian
17,2012,monza,Monza,5.793,11,kovalainen,Finnish,caterham,Malaysian
10,2012,suzuka,Suzuka,5.807,18,massa,Brazilian,ferrari,Italian
2,2012,suzuka,Suzuka,5.807,18,webber,Australian,red_bull,Austrian
8,2012,suzuka,Suzuka,5.807,18,button,British,mclaren,British
11,2012,marina_bay,Marina Bay,4.94,19,hulkenberg,German,force_india,Indian
18,2012,marina_bay,Marina Bay,4.94,19,petrov,Russian,caterham,Malaysian
22,2012,marina_bay,Marina Bay,4.94,19,bruno_senna,Brazilian,williams,British
12,2012,hockenheimring,Hockenheim,4.574,16,kobayashi,Japanese,sauber,Swiss
4,2012,hockenheimring,Hockenheim,4.574,16,hulkenberg,German,force_india,Indian
7,2012,hockenheimring,Hockenheim,4.574,16,hamilton,British,mclaren,British
21,2012,hockenheimring,Hockenheim,4.574,16,rosberg,German,mercedes,German
1,2012,hockenheimring,Hockenheim,4.574,16,alonso,Spanish,ferrari,Italian
21,2012,marina_bay,Marina Bay,4.94,19,pic,French,marussia,Russian
9,2012,suzuka,Suzuka,5.807,18,hamilton,British,mclaren,British
17,2012,suzuka,Suzuka,5.807,18,kovalainen,Finnish,caterham,Malaysian
9,2012,monza,Monza,5.793,11,resta,British,force_india,Indian
12,2012,monza,Monza,5.793,11,perez,Mexican,sauber,Swiss
7,2012,monza,Monza,5.793,11,raikkonen,Finnish,lotus_f1,British
19,2012,monza,Monza,5.793,11,glock,German,marussia,Russian
3,2012,monza,Monza,5.793,11,massa,Brazilian,ferrari,Italian
2,2012,spa,Spa,7.004,20,kobayashi,Japanese,sauber,Swiss
11,2012,spa,Spa,7.004,20,hulkenberg,German,force_india,Indian
19,2012,spa,Spa,7.004,20,petrov,Russian,caterham,Malaysian
21,2012,yeongam,Yeongam County,5.615,18,ricciardo,Australian,toro_rosso,Italian
16,2012,yeongam,Yeongam County,5.615,18,vergne,French,toro_rosso,Italian
6,2012,yeongam,Yeongam County,5.615,18,massa,Brazilian,ferrari,Italian
1,2012,yeongam,Yeongam County,5.615,18,webber,Australian,red_bull,Austrian
2,2012,yeongam,Yeongam County,5.615,18,vettel,German,red_bull,Austrian
22,2012,spa,Spa,7.004,20,pic,French,marussia,Russian
1,2012,monza,Monza,5.793,11,hamilton,British,mclaren,British
6,2012,monza,Monza,5.793,11,rosberg,German,mercedes,German
9,2012,marina_bay,Marina Bay,4.94,19,michael_schumacher,German,mercedes,German
24,2012,marina_bay,Marina Bay,4.94,19,rosa,Spanish,hrt,Spanish
8,2012,yeongam,Yeongam County,5.615,18,hulkenberg,German,force_india,Indian
18,2012,yeongam,Yeongam County,5.615,18,petrov,Russian,caterham,Malaysian
17,2012,yeongam,Yeongam County,5.615,18,bruno_senna,Brazilian,williams,British
9,2012,yeongam,Yeongam County,5.615,18,rosberg,German,mercedes,German
4,2012,yeongam,Yeongam County,5.615,18,alonso,Spanish,ferrari,Italian
19,2012,yeongam,Yeongam County,5.615,18,kovalainen,Finnish,caterham,Malaysian
16,2012,hungaroring,Budapest,4.381,14,vergne,French,toro_rosso,Italian
21,2012,hungaroring,Budapest,4.381,14,pic,French,marussia,Russian
4,2012,hungaroring,Budapest,4.381,14,button,British,mclaren,British
3,2012,hungaroring,Budapest,4.381,14,vettel,German,red_bull,Austrian
17,2012,hungaroring,Budapest,4.381,14,michael_schumacher,German,mercedes,German
10,2012,yeongam,Yeongam County,5.615,18,michael_schumacher,German,mercedes,German
22,2012,yeongam,Yeongam County,5.615,18,rosa,Spanish,hrt,Spanish
23,2012,yeongam,Yeongam County,5.615,18,karthikeyan,Indian,hrt,Spanish
7,2012,suzuka,Suzuka,5.807,18,raikkonen,Finnish,lotus_f1,British
18,2012,suzuka,Suzuka,5.807,18,glock,German,marussia,Russian
23,2012,marina_bay,Marina Bay,4.94,19,karthikeyan,Indian,hrt,Spanish
8,2012,marina_bay,Marina Bay,4.94,19,grosjean,French,lotus_f1,British
17,2012,marina_bay,Marina Bay,4.94,19,kobayashi,Japanese,sauber,Swiss
20,2012,monza,Monza,5.793,11,pic,French,marussia,Russian
1,2012,marina_bay,Marina Bay,4.94,19,hamilton,British,mclaren,British
10,2012,marina_bay,Marina Bay,4.94,19,rosberg,German,mercedes,German
21,2012,yas_marina,Abu Dhabi,5.281,16,glock,German,marussia,Russian
8,2012,yas_marina,Abu Dhabi,5.281,16,massa,Brazilian,ferrari,Italian
12,2012,buddh,Uttar Pradesh,5.141,16,hulkenberg,German,force_india,Indian
19,2012,buddh,Uttar Pradesh,5.141,16,petrov,Russian,caterham,Malaysian
13,2012,buddh,Uttar Pradesh,5.141,16,bruno_senna,Brazilian,williams,British
7,2012,marina_bay,Marina Bay,4.94,19,webber,Australian,red_bull,Austrian
4,2012,marina_bay,Marina Bay,4.94,19,button,British,mclaren,British
3,2012,marina_bay,Marina Bay,4.94,19,vettel,German,red_bull,Austrian
5,2012,suzuka,Suzuka,5.807,18,perez,Mexican,sauber,Swiss
14,2012,suzuka,Suzuka,5.807,18,ricciardo,Australian,toro_rosso,Italian
24,2012,buddh,Uttar Pradesh,5.141,16,pic,French,marussia,Russian
1,2012,yas_marina,Abu Dhabi,5.281,16,hamilton,British,mclaren,British
7,2012,yas_marina,Abu Dhabi,5.281,16,rosberg,German,mercedes,German
14,2012,buddh,Uttar Pradesh,5.141,16,michael_schumacher,German,mercedes,German
22,2012,buddh,Uttar Pradesh,5.141,16,rosa,Spanish,hrt,Spanish
23,2012,buddh,Uttar Pradesh,5.141,16,karthikeyan,Indian,hrt,Spanish
4,2012,monza,Monza,5.793,11,michael_schumacher,German,mercedes,German
23,2012,monza,Monza,5.793,11,rosa,Spanish,hrt,Spanish
9,2012,spa,Spa,7.004,20,resta,British,force_india,Indian
16,2012,spa,Spa,7.004,20,ricciardo,Australian,toro_rosso,Italian
15,2012,spa,Spa,7.004,20,vergne,French,toro_rosso,Italian
9,2012,buddh,Uttar Pradesh,5.141,16,maldonado,Venezuelan,williams,British
16,2012,buddh,Uttar Pradesh,5.141,16,resta,British,force_india,Indian
8,2012,buddh,Uttar Pradesh,5.141,16,perez,Mexican,sauber,Swiss
7,2012,yeongam,Yeongam County,5.615,18,grosjean,French,lotus_f1,British
13,2012,yeongam,Yeongam County,5.615,18,kobayashi,Japanese,sauber,Swiss
19,2012,suzuka,Suzuka,5.807,18,vergne,French,toro_rosso,Italian
21,2012,suzuka,Suzuka,5.807,18,pic,French,marussia,Russian
3,2012,yeongam,Yeongam County,5.615,18,hamilton,British,mclaren,British
1,2012,suzuka,Suzuka,5.807,18,vettel,German,red_bull,Austrian
23,2012,suzuka,Suzuka,5.807,18,michael_schumacher,German,mercedes,German
20,2012,suzuka,Suzuka,5.807,18,rosa,Spanish,hrt,Spanish
16,2012,americas,Austin,5.513,20,kobayashi,Japanese,sauber,Swiss
6,2012,americas,Austin,5.513,20,hulkenberg,German,force_india,Indian
2,2012,americas,Austin,5.513,20,hamilton,British,mclaren,British
17,2012,americas,Austin,5.513,20,rosberg,German,mercedes,German
7,2012,americas,Austin,5.513,20,alonso,Spanish,ferrari,Italian
16,2012,suzuka,Suzuka,5.807,18,bruno_senna,Brazilian,williams,British
12,2012,suzuka,Suzuka,5.807,18,maldonado,Venezuelan,williams,British
11,2012,suzuka,Suzuka,5.807,18,resta,British,force_india,Indian
21,2012,buddh,Uttar Pradesh,5.141,16,glock,German,marussia,Russian
6,2012,buddh,Uttar Pradesh,5.141,16,massa,Brazilian,ferrari,Italian
12,2012,americas,Austin,5.513,20,button,British,mclaren,British
1,2012,americas,Austin,5.513,20,vettel,German,red_bull,Austrian
5,2012,americas,Austin,5.513,20,michael_schumacher,German,mercedes,German
12,2012,yas_marina,Abu Dhabi,5.281,16,resta,British,force_india,Indian
11,2012,yas_marina,Abu Dhabi,5.281,16,perez,Mexican,sauber,Swiss
16,2012,yas_marina,Abu Dhabi,5.281,16,ricciardo,Australian,toro_rosso,Italian
2,2012,marina_bay,Marina Bay,4.94,19,maldonado,Venezuelan,williams,British
6,2012,marina_bay,Marina Bay,4.94,19,resta,British,force_india,Indian
12,2012,marina_bay,Marina Bay,4.94,19,raikkonen,Finnish,lotus_f1,British
20,2012,marina_bay,Marina Bay,4.94,19,glock,German,marussia,Russian
13,2012,marina_bay,Marina Bay,4.94,19,massa,Brazilian,ferrari,Italian
22,2012,americas,Austin,5.513,20,kovalainen,Finnish,caterham,Malaysian
4,2012,americas,Austin,5.513,20,raikkonen,Finnish,lotus_f1,British
19,2012,americas,Austin,5.513,20,glock,German,marussia,Russian
15,2012,buddh,Uttar Pradesh,5.141,16,ricciardo,Australian,toro_rosso,Italian
18,2012,buddh,Uttar Pradesh,5.141,16,vergne,French,toro_rosso,Italian
2,2012,buddh,Uttar Pradesh,5.141,16,webber,Australian,red_bull,Austrian
4,2012,buddh,Uttar Pradesh,5.141,16,button,British,mclaren,British
1,2012,buddh,Uttar Pradesh,5.141,16,vettel,German,red_bull,Austrian
15,2012,yeongam,Yeongam County,5.615,18,maldonado,Venezuelan,williams,British
14,2012,yeongam,Yeongam County,5.615,18,resta,British,force_india,Indian
12,2012,yeongam,Yeongam County,5.615,18,perez,Mexican,sauber,Swiss
2,2012,interlagos,São Paulo,4.309,15,button,British,mclaren,British
4,2012,interlagos,São Paulo,4.309,15,vettel,German,red_bull,Austrian
13,2012,interlagos,São Paulo,4.309,15,michael_schumacher,German,mercedes,German
5,2012,buddh,Uttar Pradesh,5.141,16,alonso,Spanish,ferrari,Italian
20,2012,buddh,Uttar Pradesh,5.141,16,kovalainen,Finnish,caterham,Malaysian
7,2012,buddh,Uttar Pradesh,5.141,16,raikkonen,Finnish,lotus_f1,British
5,2012,interlagos,São Paulo,4.309,15,massa,Brazilian,ferrari,Italian
3,2012,interlagos,São Paulo,4.309,15,webber,Australian,red_bull,Austrian
9,2012,yas_marina,Abu Dhabi,5.281,16,grosjean,French,lotus_f1,British
15,2012,yas_marina,Abu Dhabi,5.281,16,kobayashi,Japanese,sauber,Swiss
19,2012,interlagos,São Paulo,4.309,15,petrov,Russian,caterham,Malaysian
16,2012,interlagos,São Paulo,4.309,15,maldonado,Venezuelan,williams,British
10,2012,interlagos,São Paulo,4.309,15,resta,British,force_india,Indian
20,2012,interlagos,São Paulo,4.309,15,kovalainen,Finnish,caterham,Malaysian
8,2012,interlagos,São Paulo,4.309,15,raikkonen,Finnish,lotus_f1,British
21,2012,interlagos,São Paulo,4.309,15,glock,German,marussia,Russian
5,2012,yeongam,Yeongam County,5.615,18,raikkonen,Finnish,lotus_f1,British
20,2012,yeongam,Yeongam County,5.615,18,glock,German,marussia,Russian
3,2012,suzuka,Suzuka,5.807,18,kobayashi,Japanese,sauber,Swiss
15,2012,suzuka,Suzuka,5.807,18,hulkenberg,German,force_india,Indian
22,2012,suzuka,Suzuka,5.807,18,petrov,Russian,caterham,Malaysian
24,2012,interlagos,São Paulo,4.309,15,rosa,Spanish,hrt,Spanish
23,2012,interlagos,São Paulo,4.309,15,karthikeyan,Indian,hrt,Spanish
18,2012,interlagos,São Paulo,4.309,15,grosjean,French,lotus_f1,British
11,2012,americas,Austin,5.513,20,massa,Brazilian,ferrari,Italian
3,2012,americas,Austin,5.513,20,webber,Australian,red_bull,Austrian
20,2012,yas_marina,Abu Dhabi,5.281,16,petrov,Russian,caterham,Malaysian
14,2012,yas_marina,Abu Dhabi,5.281,16,bruno_senna,Brazilian,williams,British
3,2012,yas_marina,Abu Dhabi,5.281,16,maldonado,Venezuelan,williams,British
6,2012,yas_marina,Abu Dhabi,5.281,16,alonso,Spanish,ferrari,Italian
18,2012,yas_marina,Abu Dhabi,5.281,16,kovalainen,Finnish,caterham,Malaysian
4,2012,yas_marina,Abu Dhabi,5.281,16,raikkonen,Finnish,lotus_f1,British
17,2012,catalunya,Montmeló,4.657,14,bruno_senna,Brazilian,williams,British
1,2012,catalunya,Montmeló,4.657,14,maldonado,Venezuelan,williams,British
19,2012,catalunya,Montmeló,4.657,14,kovalainen,Finnish,caterham,Malaysian
4,2012,catalunya,Montmeló,4.657,14,raikkonen,Finnish,lotus_f1,British
21,2012,catalunya,Montmeló,4.657,14,glock,German,marussia,Russian
11,2012,albert_park,Melbourne,5.278,16,vergne,French,toro_rosso,Italian
21,2012,albert_park,Melbourne,5.278,16,pic,French,marussia,Russian
1,2012,sepang,Kuala Lumpur,5.543,15,hamilton,British,mclaren,British
11,2012,shanghai,Shanghai,5.451,16,vettel,German,red_bull,Austrian
2,2012,shanghai,Shanghai,5.451,16,michael_schumacher,German,mercedes,German
22,2012,catalunya,Montmeló,4.657,14,rosa,Spanish,hrt,Spanish
23,2012,catalunya,Montmeló,4.657,14,karthikeyan,Indian,hrt,Spanish
3,2012,catalunya,Montmeló,4.657,14,grosjean,French,lotus_f1,British
17,2012,bahrain,Sakhir,5.412,15,vergne,French,toro_rosso,Italian
19,2012,bahrain,Sakhir,5.412,15,pic,French,marussia,Russian
24,2012,catalunya,Montmeló,4.657,14,hamilton,British,mclaren,British
23,2012,shanghai,Shanghai,5.451,16,karthikeyan,Indian,hrt,Spanish
10,2012,shanghai,Shanghai,5.451,16,grosjean,French,lotus_f1,British
18,2012,sepang,Kuala Lumpur,5.543,15,vergne,French,toro_rosso,Italian
21,2012,sepang,Kuala Lumpur,5.543,15,pic,French,marussia,Russian
7,2012,shanghai,Shanghai,5.451,16,hamilton,British,mclaren,British
16,2012,catalunya,Montmeló,4.657,14,massa,Brazilian,ferrari,Italian
11,2012,catalunya,Montmeló,4.657,14,webber,Australian,red_bull,Austrian
10,2012,catalunya,Montmeló,4.657,14,button,British,mclaren,British
1,2012,bahrain,Sakhir,5.412,15,vettel,German,red_bull,Austrian
22,2012,bahrain,Sakhir,5.412,15,michael_schumacher,German,mercedes,German
15,2012,shanghai,Shanghai,5.451,16,resta,British,force_india,Indian
8,2012,shanghai,Shanghai,5.451,16,perez,Mexican,sauber,Swiss
17,2012,shanghai,Shanghai,5.451,16,ricciardo,Australian,toro_rosso,Italian
5,2012,bahrain,Sakhir,5.412,15,rosberg,German,mercedes,German
9,2012,bahrain,Sakhir,5.412,15,alonso,Spanish,ferrari,Italian
22,2012,shanghai,Shanghai,5.451,16,rosa,Spanish,hrt,Spanish
18,2012,albert_park,Melbourne,5.278,16,kovalainen,Finnish,caterham,Malaysian
17,2012,albert_park,Melbourne,5.278,16,raikkonen,Finnish,lotus_f1,British
20,2012,albert_park,Melbourne,5.278,16,glock,German,marussia,Russian
2,2012,albert_park,Melbourne,5.278,16,button,British,mclaren,British
6,2012,albert_park,Melbourne,5.278,16,vettel,German,red_bull,Austrian
4,2012,albert_park,Melbourne,5.278,16,michael_schumacher,German,mercedes,German
14,2012,albert_park,Melbourne,5.278,16,bruno_senna,Brazilian,williams,British
8,2012,albert_park,Melbourne,5.278,16,maldonado,Venezuelan,williams,British
1,2012,albert_park,Melbourne,5.278,16,hamilton,British,mclaren,British
7,2012,albert_park,Melbourne,5.278,16,rosberg,German,mercedes,German
12,2012,albert_park,Melbourne,5.278,16,alonso,Spanish,ferrari,Italian
16,2012,albert_park,Melbourne,5.278,16,massa,Brazilian,ferrari,Italian
5,2012,albert_park,Melbourne,5.278,16,webber,Australian,red_bull,Austrian
16,2012,sepang,Kuala Lumpur,5.543,15,hulkenberg,German,force_india,Indian
6,2013,interlagos,São Paulo,4.309,15,grosjean,French,lotus_f1,British
1,2013,interlagos,São Paulo,4.309,15,vettel,German,red_bull,Austrian
14,2013,interlagos,São Paulo,4.309,15,button,British,mclaren,British
4,2013,interlagos,São Paulo,4.309,15,webber,Australian,red_bull,Austrian
15,2013,interlagos,São Paulo,4.309,15,sutil,German,force_india,Indian
11,2013,interlagos,São Paulo,4.309,15,kovalainen,Finnish,lotus_f1,British
20,2013,yeongam,Yeongam County,5.615,18,garde,Dutch,caterham,Malaysian
22,2013,yeongam,Yeongam County,5.615,18,jules_bianchi,French,marussia,Russian
13,2013,yeongam,Yeongam County,5.615,18,webber,Australian,red_bull,Austrian
11,2013,yeongam,Yeongam County,5.615,18,button,British,mclaren,British
1,2013,yeongam,Yeongam County,5.615,18,vettel,German,red_bull,Austrian
1,2013,americas,Austin,5.513,20,vettel,German,red_bull,Austrian
3,2013,americas,Austin,5.513,20,grosjean,French,lotus_f1,British
13,2013,yas_marina,Abu Dhabi,5.281,16,vergne,French,toro_rosso,Italian
19,2013,yas_marina,Abu Dhabi,5.281,16,pic,French,caterham,Malaysian
20,2013,yas_marina,Abu Dhabi,5.281,16,chilton,British,marussia,Russian
3,2013,yas_marina,Abu Dhabi,5.281,16,rosberg,German,mercedes,German
10,2013,yas_marina,Abu Dhabi,5.281,16,alonso,Spanish,ferrari,Italian
7,2013,yas_marina,Abu Dhabi,5.281,16,massa,Brazilian,ferrari,Italian
10,2013,interlagos,São Paulo,4.309,15,hulkenberg,German,sauber,Swiss
16,2013,interlagos,São Paulo,4.309,15,maldonado,Venezuelan,williams,British
20,2013,americas,Austin,5.513,20,gutierrez,Mexican,sauber,Swiss
7,2013,interlagos,São Paulo,4.309,15,ricciardo,Australian,toro_rosso,Italian
8,2013,interlagos,São Paulo,4.309,15,vergne,French,toro_rosso,Italian
18,2013,interlagos,São Paulo,4.309,15,pic,French,caterham,Malaysian
22,2013,interlagos,São Paulo,4.309,15,chilton,British,marussia,Russian
7,2013,buddh,Uttar Pradesh,5.141,16,hulkenberg,German,sauber,Swiss
18,2013,buddh,Uttar Pradesh,5.141,16,maldonado,Venezuelan,williams,British
20,2013,suzuka,Suzuka,5.807,18,pic,French,caterham,Malaysian
18,2013,suzuka,Suzuka,5.807,18,chilton,British,marussia,Russian
14,2013,suzuka,Suzuka,5.807,18,gutierrez,Mexican,sauber,Swiss
17,2013,interlagos,São Paulo,4.309,15,gutierrez,Mexican,sauber,Swiss
13,2013,interlagos,São Paulo,4.309,15,bottas,Finnish,williams,British
9,2013,interlagos,São Paulo,4.309,15,massa,Brazilian,ferrari,Italian
8,2013,yas_marina,Abu Dhabi,5.281,16,perez,Mexican,mclaren,British
9,2013,yas_marina,Abu Dhabi,5.281,16,ricciardo,Australian,toro_rosso,Italian
21,2013,yas_marina,Abu Dhabi,5.281,16,jules_bianchi,French,marussia,Russian
5,2013,americas,Austin,5.513,20,hamilton,British,mercedes,German
12,2013,yas_marina,Abu Dhabi,5.281,16,button,British,mclaren,British
7,2013,americas,Austin,5.513,20,perez,Mexican,mclaren,British
10,2013,americas,Austin,5.513,20,ricciardo,Australian,toro_rosso,Italian
14,2013,americas,Austin,5.513,20,vergne,French,toro_rosso,Italian
3,2013,interlagos,São Paulo,4.309,15,alonso,Spanish,ferrari,Italian
6,2013,yas_marina,Abu Dhabi,5.281,16,grosjean,French,lotus_f1,British
5,2013,yas_marina,Abu Dhabi,5.281,16,hulkenberg,German,sauber,Swiss
14,2013,yas_marina,Abu Dhabi,5.281,16,maldonado,Venezuelan,williams,British
11,2013,yas_marina,Abu Dhabi,5.281,16,resta,British,force_india,Indian
13,2013,suzuka,Suzuka,5.807,18,bottas,Finnish,williams,British
3,2013,buddh,Uttar Pradesh,5.141,16,hamilton,British,mercedes,German
2,2013,buddh,Uttar Pradesh,5.141,16,rosberg,German,mercedes,German
18,2013,shanghai,Shanghai,5.451,16,jules_bianchi,French,marussia,Russian
9,2013,bahrain,Sakhir,5.412,15,hamilton,British,mercedes,German
8,2013,shanghai,Shanghai,5.451,16,button,British,mclaren,British
9,2013,shanghai,Shanghai,5.451,16,vettel,German,red_bull,Austrian
6,2013,shanghai,Shanghai,5.451,16,grosjean,French,lotus_f1,British
1,2013,albert_park,Melbourne,5.278,16,vettel,German,red_bull,Austrian
8,2013,albert_park,Melbourne,5.278,16,grosjean,French,lotus_f1,British
15,2013,shanghai,Shanghai,5.451,16,vergne,French,toro_rosso,Italian
20,2013,shanghai,Shanghai,5.451,16,pic,French,caterham,Malaysian
19,2013,shanghai,Shanghai,5.451,16,chilton,British,marussia,Russian
3,2013,shanghai,Shanghai,5.451,16,alonso,Spanish,ferrari,Italian
2,2013,shanghai,Shanghai,5.451,16,raikkonen,Finnish,lotus_f1,British
5,2013,shanghai,Shanghai,5.451,16,massa,Brazilian,ferrari,Italian
10,2013,shanghai,Shanghai,5.451,16,hulkenberg,German,sauber,Swiss
14,2013,shanghai,Shanghai,5.451,16,maldonado,Venezuelan,williams,British
11,2013,shanghai,Shanghai,5.451,16,resta,British,force_india,Indian
10,2013,sepang,Kuala Lumpur,5.543,15,raikkonen,Finnish,lotus_f1,British
2,2013,sepang,Kuala Lumpur,5.543,15,massa,Brazilian,ferrari,Italian
17,2013,albert_park,Melbourne,5.278,16,maldonado,Venezuelan,williams,British
9,2013,albert_park,Melbourne,5.278,16,resta,British,force_india,Indian
15,2013,albert_park,Melbourne,5.278,16,perez,Mexican,mclaren,British
16,2013,sepang,Kuala Lumpur,5.543,15,maldonado,Venezuelan,williams,British
15,2013,sepang,Kuala Lumpur,5.543,15,resta,British,force_india,Indian
16,2013,albert_park,Melbourne,5.278,16,bottas,Finnish,williams,British
21,2013,albert_park,Melbourne,5.278,16,garde,Dutch,caterham,Malaysian
19,2013,albert_park,Melbourne,5.278,16,jules_bianchi,French,marussia,Russian
8,2013,sepang,Kuala Lumpur,5.543,15,sutil,German,force_india,Indian
5,2013,sepang,Kuala Lumpur,5.543,15,webber,Australian,red_bull,Austrian
7,2013,sepang,Kuala Lumpur,5.543,15,button,British,mclaren,British
14,2013,albert_park,Melbourne,5.278,16,ricciardo,Australian,toro_rosso,Italian
13,2013,albert_park,Melbourne,5.278,16,vergne,French,toro_rosso,Italian
22,2013,albert_park,Melbourne,5.278,16,pic,French,caterham,Malaysian
4,2013,sepang,Kuala Lumpur,5.543,15,hamilton,British,mercedes,German
6,2013,sepang,Kuala Lumpur,5.543,15,rosberg,German,mercedes,German
3,2013,sepang,Kuala Lumpur,5.543,15,alonso,Spanish,ferrari,Italian
6,2013,catalunya,Montmeló,4.657,14,grosjean,French,lotus_f1,British
15,2013,catalunya,Montmeló,4.657,14,hulkenberg,German,sauber,Swiss
21,2013,bahrain,Sakhir,5.412,15,chilton,British,marussia,Russian
22,2013,bahrain,Sakhir,5.412,15,gutierrez,Mexican,sauber,Swiss
15,2013,bahrain,Sakhir,5.412,15,bottas,Finnish,williams,British
12,2013,albert_park,Melbourne,5.278,16,sutil,German,force_india,Indian
2,2013,albert_park,Melbourne,5.278,16,webber,Australian,red_bull,Austrian
10,2013,albert_park,Melbourne,5.278,16,button,British,mclaren,British
18,2013,sepang,Kuala Lumpur,5.543,15,bottas,Finnish,williams,British
22,2013,sepang,Kuala Lumpur,5.543,15,garde,Dutch,caterham,Malaysian
4,2013,catalunya,Montmeló,4.657,14,raikkonen,Finnish,lotus_f1,British
9,2013,catalunya,Montmeló,4.657,14,massa,Brazilian,ferrari,Italian
13,2013,catalunya,Montmeló,4.657,14,sutil,German,force_india,Indian
5,2013,bahrain,Sakhir,5.412,15,resta,British,force_india,Indian
12,2013,bahrain,Sakhir,5.412,15,perez,Mexican,mclaren,British
13,2013,bahrain,Sakhir,5.412,15,ricciardo,Australian,toro_rosso,Italian
20,2013,bahrain,Sakhir,5.412,15,garde,Dutch,caterham,Malaysian
19,2013,bahrain,Sakhir,5.412,15,jules_bianchi,French,marussia,Russian
2,2013,catalunya,Montmeló,4.657,14,hamilton,British,mercedes,German
12,2013,shanghai,Shanghai,5.451,16,perez,Mexican,mclaren,British
7,2013,shanghai,Shanghai,5.451,16,ricciardo,Australian,toro_rosso,Italian
19,2013,sepang,Kuala Lumpur,5.543,15,jules_bianchi,French,marussia,Russian
1,2013,shanghai,Shanghai,5.451,16,hamilton,British,mercedes,German
4,2013,shanghai,Shanghai,5.451,16,rosberg,German,mercedes,German
1,2013,sepang,Kuala Lumpur,5.543,15,vettel,German,red_bull,Austrian
11,2013,sepang,Kuala Lumpur,5.543,15,grosjean,French,lotus_f1,British
12,2013,sepang,Kuala Lumpur,5.543,15,hulkenberg,German,sauber,Swiss
14,2013,monaco,Monte-Carlo,3.337,19,bottas,Finnish,williams,British
15,2013,monaco,Monte-Carlo,3.337,19,garde,Dutch,caterham,Malaysian
8,2013,monaco,Monte-Carlo,3.337,19,sutil,German,force_india,Indian
4,2013,monaco,Monte-Carlo,3.337,19,webber,Australian,red_bull,Austrian
9,2013,monaco,Monte-Carlo,3.337,19,button,British,mclaren,British
20,2013,sepang,Kuala Lumpur,5.543,15,pic,French,caterham,Malaysian
21,2013,sepang,Kuala Lumpur,5.543,15,chilton,British,marussia,Russian
14,2013,sepang,Kuala Lumpur,5.543,15,gutierrez,Mexican,sauber,Swiss
10,2013,bahrain,Sakhir,5.412,15,button,British,mclaren,British
2,2013,bahrain,Sakhir,5.412,15,vettel,German,red_bull,Austrian
7,2013,monaco,Monte-Carlo,3.337,19,perez,Mexican,mclaren,British
12,2013,monaco,Monte-Carlo,3.337,19,ricciardo,Australian,toro_rosso,Italian
10,2013,monaco,Monte-Carlo,3.337,19,vergne,French,toro_rosso,Italian
2,2013,monaco,Monte-Carlo,3.337,19,hamilton,British,mercedes,German
1,2013,monaco,Monte-Carlo,3.337,19,rosberg,German,mercedes,German
6,2013,monaco,Monte-Carlo,3.337,19,alonso,Spanish,ferrari,Italian
20,2013,albert_park,Melbourne,5.278,16,chilton,British,marussia,Russian
18,2013,albert_park,Melbourne,5.278,16,gutierrez,Mexican,sauber,Swiss
5,2013,albert_park,Melbourne,5.278,16,alonso,Spanish,ferrari,Italian
7,2013,albert_park,Melbourne,5.278,16,raikkonen,Finnish,lotus_f1,British
4,2013,albert_park,Melbourne,5.278,16,massa,Brazilian,ferrari,Italian
3,2013,monaco,Monte-Carlo,3.337,19,vettel,German,red_bull,Austrian
13,2013,monaco,Monte-Carlo,3.337,19,grosjean,French,lotus_f1,British
11,2013,monaco,Monte-Carlo,3.337,19,hulkenberg,German,sauber,Swiss
1,2013,catalunya,Montmeló,4.657,14,rosberg,German,mercedes,German
5,2013,catalunya,Montmeló,4.657,14,alonso,Spanish,ferrari,Italian
11,2013,bahrain,Sakhir,5.412,15,grosjean,French,lotus_f1,British
14,2013,bahrain,Sakhir,5.412,15,hulkenberg,German,sauber,Swiss
17,2013,bahrain,Sakhir,5.412,15,maldonado,Venezuelan,williams,British
17,2013,shanghai,Shanghai,5.451,16,gutierrez,Mexican,sauber,Swiss
16,2013,shanghai,Shanghai,5.451,16,bottas,Finnish,williams,British
21,2013,shanghai,Shanghai,5.451,16,garde,Dutch,caterham,Malaysian
10,2013,silverstone,Silverstone,5.891,18,button,British,mclaren,British
3,2013,silverstone,Silverstone,5.891,18,vettel,German,red_bull,Austrian
7,2013,villeneuve,Montreal,4.361,14,vergne,French,toro_rosso,Italian
18,2013,villeneuve,Montreal,4.361,14,pic,French,caterham,Malaysian
20,2013,villeneuve,Montreal,4.361,14,chilton,British,marussia,Russian
4,2013,bahrain,Sakhir,5.412,15,massa,Brazilian,ferrari,Italian
6,2013,bahrain,Sakhir,5.412,15,sutil,German,force_india,Indian
7,2013,bahrain,Sakhir,5.412,15,webber,Australian,red_bull,Austrian
21,2013,catalunya,Montmeló,4.657,14,chilton,British,marussia,Russian
19,2013,catalunya,Montmeló,4.657,14,gutierrez,Mexican,sauber,Swiss
2,2013,silverstone,Silverstone,5.891,18,rosberg,German,mercedes,German
9,2013,silverstone,Silverstone,5.891,18,alonso,Spanish,ferrari,Italian
8,2013,silverstone,Silverstone,5.891,18,raikkonen,Finnish,lotus_f1,British
9,2013,villeneuve,Montreal,4.361,14,hulkenberg,German,sauber,Swiss
13,2013,villeneuve,Montreal,4.361,14,maldonado,Venezuelan,williams,British
17,2013,villeneuve,Montreal,4.361,14,resta,British,force_india,Indian
13,2013,shanghai,Shanghai,5.451,16,sutil,German,force_india,Indian
22,2013,shanghai,Shanghai,5.451,16,webber,Australian,red_bull,Austrian
9,2013,sepang,Kuala Lumpur,5.543,15,perez,Mexican,mclaren,British
13,2013,sepang,Kuala Lumpur,5.543,15,ricciardo,Australian,toro_rosso,Italian
17,2013,sepang,Kuala Lumpur,5.543,15,vergne,French,toro_rosso,Italian
15,2013,villeneuve,Montreal,4.361,14,gutierrez,Mexican,sauber,Swiss
3,2013,villeneuve,Montreal,4.361,14,bottas,Finnish,williams,British
21,2013,villeneuve,Montreal,4.361,14,garde,Dutch,caterham,Malaysian
16,2013,monaco,Monte-Carlo,3.337,19,maldonado,Venezuelan,williams,British
17,2013,monaco,Monte-Carlo,3.337,19,resta,British,force_india,Indian
16,2013,catalunya,Montmeló,4.657,14,bottas,Finnish,williams,British
18,2013,catalunya,Montmeló,4.657,14,garde,Dutch,caterham,Malaysian
20,2013,catalunya,Montmeló,4.657,14,jules_bianchi,French,marussia,Russian
7,2013,catalunya,Montmeló,4.657,14,webber,Australian,red_bull,Austrian
14,2013,catalunya,Montmeló,4.657,14,button,British,mclaren,British
3,2013,catalunya,Montmeló,4.657,14,vettel,German,red_bull,Austrian
21,2013,nurburgring,Nürburg,5.148,15,chilton,British,marussia,Russian
14,2013,nurburgring,Nürburg,5.148,15,gutierrez,Mexican,sauber,Swiss
4,2013,nurburgring,Nürburg,5.148,15,raikkonen,Finnish,lotus_f1,British
7,2013,nurburgring,Nürburg,5.148,15,massa,Brazilian,ferrari,Italian
15,2013,nurburgring,Nürburg,5.148,15,sutil,German,force_india,Indian
11,2013,catalunya,Montmeló,4.657,14,ricciardo,Australian,toro_rosso,Italian
12,2013,catalunya,Montmeló,4.657,14,vergne,French,toro_rosso,Italian
22,2013,catalunya,Montmeló,4.657,14,pic,French,caterham,Malaysian
8,2013,villeneuve,Montreal,4.361,14,sutil,German,force_india,Indian
5,2013,villeneuve,Montreal,4.361,14,webber,Australian,red_bull,Austrian
18,2013,nurburgring,Nürburg,5.148,15,maldonado,Venezuelan,williams,British
12,2013,nurburgring,Nürburg,5.148,15,resta,British,force_india,Indian
13,2013,nurburgring,Nürburg,5.148,15,perez,Mexican,mclaren,British
22,2013,silverstone,Silverstone,5.891,18,garde,Dutch,caterham,Malaysian
19,2013,silverstone,Silverstone,5.891,18,jules_bianchi,French,marussia,Russian
1,2013,nurburgring,Nürburg,5.148,15,hamilton,British,mercedes,German
16,2013,bahrain,Sakhir,5.412,15,vergne,French,toro_rosso,Italian
18,2013,bahrain,Sakhir,5.412,15,pic,French,caterham,Malaysian
1,2013,bahrain,Sakhir,5.412,15,rosberg,German,mercedes,German
3,2013,bahrain,Sakhir,5.412,15,alonso,Spanish,ferrari,Italian
8,2013,bahrain,Sakhir,5.412,15,raikkonen,Finnish,lotus_f1,British
3,2013,nurburgring,Nürburg,5.148,15,webber,Australian,red_bull,Austrian
9,2013,nurburgring,Nürburg,5.148,15,button,British,mclaren,British
2,2013,nurburgring,Nürburg,5.148,15,vettel,German,red_bull,Austrian
19,2013,villeneuve,Montreal,4.361,14,jules_bianchi,French,marussia,Russian
1,2013,silverstone,Silverstone,5.891,18,hamilton,British,mercedes,German
14,2013,villeneuve,Montreal,4.361,14,button,British,mclaren,British
1,2013,villeneuve,Montreal,4.361,14,vettel,German,red_bull,Austrian
22,2013,villeneuve,Montreal,4.361,14,grosjean,French,lotus_f1,British
18,2013,monaco,Monte-Carlo,3.337,19,pic,French,caterham,Malaysian
22,2013,monaco,Monte-Carlo,3.337,19,chilton,British,marussia,Russian
19,2013,monaco,Monte-Carlo,3.337,19,gutierrez,Mexican,sauber,Swiss
12,2013,spa,Spa,7.004,20,sutil,German,force_india,Indian
3,2013,spa,Spa,7.004,20,webber,Australian,red_bull,Austrian
9,2013,hungaroring,Budapest,4.381,14,perez,Mexican,mclaren,British
8,2013,hungaroring,Budapest,4.381,14,ricciardo,Australian,toro_rosso,Italian
14,2013,hungaroring,Budapest,4.381,14,vergne,French,toro_rosso,Italian
6,2013,villeneuve,Montreal,4.361,14,alonso,Spanish,ferrari,Italian
10,2013,villeneuve,Montreal,4.361,14,raikkonen,Finnish,lotus_f1,British
16,2013,villeneuve,Montreal,4.361,14,massa,Brazilian,ferrari,Italian
12,2013,silverstone,Silverstone,5.891,18,vergne,French,toro_rosso,Italian
18,2013,silverstone,Silverstone,5.891,18,pic,French,caterham,Malaysian
21,2013,hungaroring,Budapest,4.381,14,jules_bianchi,French,marussia,Russian
1,2013,spa,Spa,7.004,20,hamilton,British,mercedes,German
4,2013,spa,Spa,7.004,20,rosberg,German,mercedes,German
2,2013,hungaroring,Budapest,4.381,14,vettel,German,red_bull,Austrian
3,2013,hungaroring,Budapest,4.381,14,grosjean,French,lotus_f1,British
12,2013,hungaroring,Budapest,4.381,14,hulkenberg,German,sauber,Swiss
5,2013,monaco,Monte-Carlo,3.337,19,raikkonen,Finnish,lotus_f1,British
21,2013,monaco,Monte-Carlo,3.337,19,massa,Brazilian,ferrari,Italian
17,2013,catalunya,Montmeló,4.657,14,maldonado,Venezuelan,williams,British
10,2013,catalunya,Montmeló,4.657,14,resta,British,force_india,Indian
8,2013,catalunya,Montmeló,4.657,14,perez,Mexican,mclaren,British
19,2013,hungaroring,Budapest,4.381,14,pic,French,caterham,Malaysian
22,2013,hungaroring,Budapest,4.381,14,chilton,British,marussia,Russian
17,2013,hungaroring,Budapest,4.381,14,gutierrez,Mexican,sauber,Swiss
5,2013,nurburgring,Nürburg,5.148,15,grosjean,French,lotus_f1,British
10,2013,nurburgring,Nürburg,5.148,15,hulkenberg,German,sauber,Swiss
20,2013,silverstone,Silverstone,5.891,18,chilton,British,marussia,Russian
17,2013,silverstone,Silverstone,5.891,18,gutierrez,Mexican,sauber,Swiss
16,2013,silverstone,Silverstone,5.891,18,bottas,Finnish,williams,British
11,2013,silverstone,Silverstone,5.891,18,massa,Brazilian,ferrari,Italian
6,2013,silverstone,Silverstone,5.891,18,sutil,German,force_india,Indian
4,2013,silverstone,Silverstone,5.891,18,webber,Australian,red_bull,Austrian
20,2013,monza,Monza,5.793,11,pic,French,caterham,Malaysian
22,2013,monza,Monza,5.793,11,chilton,British,marussia,Russian
6,2013,monza,Monza,5.793,11,rosberg,German,mercedes,German
5,2013,monza,Monza,5.793,11,alonso,Spanish,ferrari,Italian
11,2013,monza,Monza,5.793,11,raikkonen,Finnish,lotus_f1,British
21,2013,silverstone,Silverstone,5.891,18,resta,British,force_india,Indian
13,2013,silverstone,Silverstone,5.891,18,perez,Mexican,mclaren,British
5,2013,silverstone,Silverstone,5.891,18,ricciardo,Australian,toro_rosso,Italian
6,2013,hungaroring,Budapest,4.381,14,raikkonen,Finnish,lotus_f1,British
7,2013,hungaroring,Budapest,4.381,14,massa,Brazilian,ferrari,Italian
13,2013,monza,Monza,5.793,11,grosjean,French,lotus_f1,British
3,2013,monza,Monza,5.793,11,hulkenberg,German,sauber,Swiss
14,2013,monza,Monza,5.793,11,maldonado,Venezuelan,williams,British
21,2013,spa,Spa,7.004,20,gutierrez,Mexican,sauber,Swiss
20,2013,spa,Spa,7.004,20,bottas,Finnish,williams,British
14,2013,spa,Spa,7.004,20,garde,Dutch,caterham,Malaysian
12,2013,villeneuve,Montreal,4.361,14,perez,Mexican,mclaren,British
11,2013,villeneuve,Montreal,4.361,14,ricciardo,Australian,toro_rosso,Italian
20,2013,monaco,Monte-Carlo,3.337,19,jules_bianchi,French,marussia,Russian
2,2013,villeneuve,Montreal,4.361,14,hamilton,British,mercedes,German
4,2013,villeneuve,Montreal,4.361,14,rosberg,German,mercedes,German
4,2013,monza,Monza,5.793,11,massa,Brazilian,ferrari,Italian
17,2013,monza,Monza,5.793,11,sutil,German,force_india,Indian
2,2013,monza,Monza,5.793,11,webber,Australian,red_bull,Austrian
16,2013,hungaroring,Budapest,4.381,14,bottas,Finnish,williams,British
20,2013,hungaroring,Budapest,4.381,14,garde,Dutch,caterham,Malaysian
11,2013,hungaroring,Budapest,4.381,14,sutil,German,force_india,Indian
10,2013,hungaroring,Budapest,4.381,14,webber,Australian,red_bull,Austrian
13,2013,hungaroring,Budapest,4.381,14,button,British,mclaren,British
6,2013,nurburgring,Nürburg,5.148,15,ricciardo,Australian,toro_rosso,Italian
16,2013,nurburgring,Nürburg,5.148,15,vergne,French,toro_rosso,Italian
22,2013,nurburgring,Nürburg,5.148,15,pic,French,caterham,Malaysian
6,2013,yeongam,Yeongam County,5.615,18,massa,Brazilian,ferrari,Italian
14,2013,yeongam,Yeongam County,5.615,18,sutil,German,force_india,Indian
17,2013,marina_bay,Marina Bay,4.94,19,resta,British,force_india,Indian
14,2013,marina_bay,Marina Bay,4.94,19,perez,Mexican,mclaren,British
9,2013,marina_bay,Marina Bay,4.94,19,ricciardo,Australian,toro_rosso,Italian
1,2013,hungaroring,Budapest,4.381,14,hamilton,British,mercedes,German
4,2013,hungaroring,Budapest,4.381,14,rosberg,German,mercedes,German
5,2013,hungaroring,Budapest,4.381,14,alonso,Spanish,ferrari,Italian
13,2013,spa,Spa,7.004,20,perez,Mexican,mclaren,British
19,2013,spa,Spa,7.004,20,ricciardo,Australian,toro_rosso,Italian
20,2013,marina_bay,Marina Bay,4.94,19,garde,Dutch,caterham,Malaysian
21,2013,marina_bay,Marina Bay,4.94,19,jules_bianchi,French,marussia,Russian
2,2013,yeongam,Yeongam County,5.615,18,hamilton,British,mercedes,German
8,2013,marina_bay,Marina Bay,4.94,19,button,British,mclaren,British
1,2013,marina_bay,Marina Bay,4.94,19,vettel,German,red_bull,Austrian
3,2013,marina_bay,Marina Bay,4.94,19,grosjean,French,lotus_f1,British
11,2013,nurburgring,Nürburg,5.148,15,rosberg,German,mercedes,German
8,2013,nurburgring,Nürburg,5.148,15,alonso,Spanish,ferrari,Italian
7,2013,silverstone,Silverstone,5.891,18,grosjean,French,lotus_f1,British
14,2013,silverstone,Silverstone,5.891,18,hulkenberg,German,sauber,Swiss
15,2013,silverstone,Silverstone,5.891,18,maldonado,Venezuelan,williams,British
12,2013,marina_bay,Marina Bay,4.94,19,vergne,French,toro_rosso,Italian
19,2013,marina_bay,Marina Bay,4.94,19,pic,French,caterham,Malaysian
22,2013,marina_bay,Marina Bay,4.94,19,chilton,British,marussia,Russian
9,2013,monza,Monza,5.793,11,button,British,mclaren,British
1,2013,monza,Monza,5.793,11,vettel,German,red_bull,Austrian
18,2013,spa,Spa,7.004,20,vergne,French,toro_rosso,Italian
22,2013,spa,Spa,7.004,20,pic,French,caterham,Malaysian
16,2013,spa,Spa,7.004,20,chilton,British,marussia,Russian
9,2013,spa,Spa,7.004,20,alonso,Spanish,ferrari,Italian
8,2013,spa,Spa,7.004,20,raikkonen,Finnish,lotus_f1,British
10,2013,spa,Spa,7.004,20,massa,Brazilian,ferrari,Italian
16,2013,suzuka,Suzuka,5.807,18,ricciardo,Australian,toro_rosso,Italian
17,2013,suzuka,Suzuka,5.807,18,vergne,French,toro_rosso,Italian
3,2013,suzuka,Suzuka,5.807,18,hamilton,British,mercedes,German
6,2013,suzuka,Suzuka,5.807,18,rosberg,German,mercedes,German
8,2013,suzuka,Suzuka,5.807,18,alonso,Spanish,ferrari,Italian
11,2013,spa,Spa,7.004,20,hulkenberg,German,sauber,Swiss
17,2013,spa,Spa,7.004,20,maldonado,Venezuelan,williams,British
5,2013,spa,Spa,7.004,20,resta,British,force_india,Indian
7,2013,marina_bay,Marina Bay,4.94,19,alonso,Spanish,ferrari,Italian
13,2013,marina_bay,Marina Bay,4.94,19,raikkonen,Finnish,lotus_f1,British
2,2013,suzuka,Suzuka,5.807,18,vettel,German,red_bull,Austrian
4,2013,suzuka,Suzuka,5.807,18,grosjean,French,lotus_f1,British
7,2013,suzuka,Suzuka,5.807,18,hulkenberg,German,sauber,Swiss
21,2013,yeongam,Yeongam County,5.615,18,chilton,British,marussia,Russian
8,2013,yeongam,Yeongam County,5.615,18,gutierrez,Mexican,sauber,Swiss
17,2013,yeongam,Yeongam County,5.615,18,bottas,Finnish,williams,British
15,2013,hungaroring,Budapest,4.381,14,maldonado,Venezuelan,williams,British
18,2013,hungaroring,Budapest,4.381,14,resta,British,force_india,Indian
17,2013,nurburgring,Nürburg,5.148,15,bottas,Finnish,williams,British
20,2013,nurburgring,Nürburg,5.148,15,garde,Dutch,caterham,Malaysian
19,2013,nurburgring,Nürburg,5.148,15,jules_bianchi,French,marussia,Russian
9,2013,suzuka,Suzuka,5.807,18,raikkonen,Finnish,lotus_f1,British
5,2013,suzuka,Suzuka,5.807,18,massa,Brazilian,ferrari,Italian
22,2013,suzuka,Suzuka,5.807,18,sutil,German,force_india,Indian
10,2013,marina_bay,Marina Bay,4.94,19,gutierrez,Mexican,sauber,Swiss
16,2013,marina_bay,Marina Bay,4.94,19,bottas,Finnish,williams,British
6,2013,marina_bay,Marina Bay,4.94,19,massa,Brazilian,ferrari,Italian
15,2013,marina_bay,Marina Bay,4.94,19,sutil,German,force_india,Indian
4,2013,marina_bay,Marina Bay,4.94,19,webber,Australian,red_bull,Austrian
8,2013,monza,Monza,5.793,11,perez,Mexican,mclaren,British
7,2013,monza,Monza,5.793,11,ricciardo,Australian,toro_rosso,Italian
10,2013,monza,Monza,5.793,11,vergne,French,toro_rosso,Italian
17,2013,yas_marina,Abu Dhabi,5.281,16,sutil,German,force_india,Indian
1,2013,yas_marina,Abu Dhabi,5.281,16,webber,Australian,red_bull,Austrian
12,2013,buddh,Uttar Pradesh,5.141,16,resta,British,force_india,Indian
9,2013,buddh,Uttar Pradesh,5.141,16,perez,Mexican,mclaren,British
11,2013,buddh,Uttar Pradesh,5.141,16,ricciardo,Australian,toro_rosso,Italian
21,2013,monza,Monza,5.793,11,jules_bianchi,French,marussia,Russian
5,2013,marina_bay,Marina Bay,4.94,19,hamilton,British,mercedes,German
2,2013,marina_bay,Marina Bay,4.94,19,rosberg,German,mercedes,German
15,2013,yeongam,Yeongam County,5.615,18,resta,British,force_india,Indian
10,2013,yeongam,Yeongam County,5.615,18,perez,Mexican,mclaren,British
20,2013,buddh,Uttar Pradesh,5.141,16,garde,Dutch,caterham,Malaysian
19,2013,buddh,Uttar Pradesh,5.141,16,jules_bianchi,French,marussia,Russian
4,2013,yas_marina,Abu Dhabi,5.281,16,hamilton,British,mercedes,German
10,2013,buddh,Uttar Pradesh,5.141,16,button,British,mclaren,British
1,2013,buddh,Uttar Pradesh,5.141,16,vettel,German,red_bull,Austrian
17,2013,buddh,Uttar Pradesh,5.141,16,grosjean,French,lotus_f1,British
15,2013,spa,Spa,7.004,20,jules_bianchi,French,marussia,Russian
12,2013,monza,Monza,5.793,11,hamilton,British,mercedes,German
6,2013,spa,Spa,7.004,20,button,British,mclaren,British
2,2013,spa,Spa,7.004,20,vettel,German,red_bull,Austrian
7,2013,spa,Spa,7.004,20,grosjean,French,lotus_f1,British
14,2013,buddh,Uttar Pradesh,5.141,16,vergne,French,toro_rosso,Italian
21,2013,buddh,Uttar Pradesh,5.141,16,pic,French,caterham,Malaysian
22,2013,buddh,Uttar Pradesh,5.141,16,chilton,British,marussia,Russian
1,2013,suzuka,Suzuka,5.807,18,webber,Australian,red_bull,Austrian
10,2013,suzuka,Suzuka,5.807,18,button,British,mclaren,British
12,2013,yeongam,Yeongam County,5.615,18,ricciardo,Australian,toro_rosso,Italian
16,2013,yeongam,Yeongam County,5.615,18,vergne,French,toro_rosso,Italian
19,2013,yeongam,Yeongam County,5.615,18,pic,French,caterham,Malaysian
4,2013,yeongam,Yeongam County,5.615,18,rosberg,German,mercedes,German
5,2013,yeongam,Yeongam County,5.615,18,alonso,Spanish,ferrari,Italian
9,2013,yeongam,Yeongam County,5.615,18,raikkonen,Finnish,lotus_f1,British
22,2013,americas,Austin,5.513,20,pic,French,caterham,Malaysian
21,2013,americas,Austin,5.513,20,chilton,British,marussia,Russian
12,2013,americas,Austin,5.513,20,rosberg,German,mercedes,German
6,2013,americas,Austin,5.513,20,alonso,Spanish,ferrari,Italian
8,2013,americas,Austin,5.513,20,kovalainen,Finnish,lotus_f1,British
3,2013,yeongam,Yeongam County,5.615,18,grosjean,French,lotus_f1,British
7,2013,yeongam,Yeongam County,5.615,18,hulkenberg,German,sauber,Swiss
18,2013,yeongam,Yeongam County,5.615,18,maldonado,Venezuelan,williams,British
8,2013,buddh,Uttar Pradesh,5.141,16,alonso,Spanish,ferrari,Italian
6,2013,buddh,Uttar Pradesh,5.141,16,raikkonen,Finnish,lotus_f1,British
4,2013,americas,Austin,5.513,20,hulkenberg,German,sauber,Swiss
17,2013,americas,Austin,5.513,20,maldonado,Venezuelan,williams,British
11,2013,americas,Austin,5.513,20,resta,British,force_india,Indian
16,2013,yas_marina,Abu Dhabi,5.281,16,gutierrez,Mexican,sauber,Swiss
15,2013,yas_marina,Abu Dhabi,5.281,16,bottas,Finnish,williams,British
18,2013,yas_marina,Abu Dhabi,5.281,16,garde,Dutch,caterham,Malaysian
11,2013,marina_bay,Marina Bay,4.94,19,hulkenberg,German,sauber,Swiss
18,2013,marina_bay,Marina Bay,4.94,19,maldonado,Venezuelan,williams,British
16,2013,monza,Monza,5.793,11,gutierrez,Mexican,sauber,Swiss
18,2013,monza,Monza,5.793,11,bottas,Finnish,williams,British
19,2013,monza,Monza,5.793,11,garde,Dutch,caterham,Malaysian
13,2013,americas,Austin,5.513,20,massa,Brazilian,ferrari,Italian
2,2013,americas,Austin,5.513,20,webber,Australian,red_bull,Austrian
15,2013,americas,Austin,5.513,20,button,British,mclaren,British
16,2013,buddh,Uttar Pradesh,5.141,16,gutierrez,Mexican,sauber,Swiss
15,2013,buddh,Uttar Pradesh,5.141,16,bottas,Finnish,williams,British
5,2013,buddh,Uttar Pradesh,5.141,16,massa,Brazilian,ferrari,Italian
13,2013,buddh,Uttar Pradesh,5.141,16,sutil,German,force_india,Indian
4,2013,buddh,Uttar Pradesh,5.141,16,webber,Australian,red_bull,Austrian
15,2013,suzuka,Suzuka,5.807,18,maldonado,Venezuelan,williams,British
12,2013,suzuka,Suzuka,5.807,18,resta,British,force_india,Indian
11,2013,suzuka,Suzuka,5.807,18,perez,Mexican,mclaren,British
3,2013,albert_park,Melbourne,5.278,16,hamilton,British,mercedes,German
6,2013,albert_park,Melbourne,5.278,16,rosberg,German,mercedes,German
2,2013,interlagos,São Paulo,4.309,15,rosberg,German,mercedes,German
5,2013,interlagos,São Paulo,4.309,15,hamilton,British,mercedes,German
19,2013,americas,Austin,5.513,20,jules_bianchi,French,marussia,Russian
18,2013,americas,Austin,5.513,20,garde,Dutch,caterham,Malaysian
19,2013,interlagos,São Paulo,4.309,15,perez,Mexican,mclaren,British
12,2013,interlagos,São Paulo,4.309,15,resta,British,force_india,Indian
21,2013,interlagos,São Paulo,4.309,15,jules_bianchi,French,marussia,Russian
20,2013,interlagos,São Paulo,4.309,15,garde,Dutch,caterham,Malaysian
9,2013,americas,Austin,5.513,20,bottas,Finnish,williams,British
2,2013,yas_marina,Abu Dhabi,5.281,16,vettel,German,red_bull,Austrian
13,2014,catalunya,Montmeló,4.657,14,gutierrez,Mexican,sauber,Swiss
4,2014,catalunya,Montmeló,4.657,14,bottas,Finnish,williams,British
22,2014,albert_park,Melbourne,5.278,16,grosjean,French,lotus_f1,British
7,2014,albert_park,Melbourne,5.278,16,hulkenberg,German,force_india,Indian
21,2014,albert_park,Melbourne,5.278,16,maldonado,Venezuelan,lotus_f1,British
16,2014,albert_park,Melbourne,5.278,16,perez,Mexican,force_india,Indian
2,2014,albert_park,Melbourne,5.278,16,ricciardo,Australian,red_bull,Austrian
6,2014,albert_park,Melbourne,5.278,16,vergne,French,toro_rosso,Italian
5,2014,catalunya,Montmeló,4.657,14,grosjean,French,lotus_f1,British
20,2014,catalunya,Montmeló,4.657,14,kobayashi,Japanese,caterham,Malaysian
10,2014,catalunya,Montmeló,4.657,14,hulkenberg,German,force_india,Indian
22,2014,catalunya,Montmeló,4.657,14,maldonado,Venezuelan,lotus_f1,British
11,2014,catalunya,Montmeló,4.657,14,perez,Mexican,force_india,Indian
3,2014,catalunya,Montmeló,4.657,14,ricciardo,Australian,red_bull,Austrian
21,2014,catalunya,Montmeló,4.657,14,vergne,French,toro_rosso,Italian
17,2014,catalunya,Montmeló,4.657,14,chilton,British,marussia,Russian
4,2014,bahrain,Sakhir,5.412,15,perez,Mexican,force_india,Indian
13,2014,bahrain,Sakhir,5.412,15,ricciardo,Australian,red_bull,Austrian
14,2014,bahrain,Sakhir,5.412,15,vergne,French,toro_rosso,Italian
6,2014,catalunya,Montmeló,4.657,14,raikkonen,Finnish,ferrari,Italian
9,2014,catalunya,Montmeló,4.657,14,massa,Brazilian,williams,British
16,2014,catalunya,Montmeló,4.657,14,sutil,German,sauber,Swiss
8,2014,catalunya,Montmeló,4.657,14,button,British,mclaren,British
15,2014,catalunya,Montmeló,4.657,14,vettel,German,red_bull,Austrian
7,2014,bahrain,Sakhir,5.412,15,massa,Brazilian,williams,British
22,2014,bahrain,Sakhir,5.412,15,sutil,German,sauber,Swiss
6,2014,bahrain,Sakhir,5.412,15,button,British,mclaren,British
10,2014,bahrain,Sakhir,5.412,15,vettel,German,red_bull,Austrian
16,2014,bahrain,Sakhir,5.412,15,grosjean,French,lotus_f1,British
18,2014,bahrain,Sakhir,5.412,15,kobayashi,Japanese,caterham,Malaysian
11,2014,bahrain,Sakhir,5.412,15,hulkenberg,German,force_india,Indian
17,2014,bahrain,Sakhir,5.412,15,maldonado,Venezuelan,lotus_f1,British
4,2014,sepang,Kuala Lumpur,5.543,15,alonso,Spanish,ferrari,Italian
10,2014,albert_park,Melbourne,5.278,16,button,British,mclaren,British
13,2014,albert_park,Melbourne,5.278,16,sutil,German,sauber,Swiss
11,2014,shanghai,Shanghai,5.451,16,raikkonen,Finnish,ferrari,Italian
6,2014,shanghai,Shanghai,5.451,16,massa,Brazilian,williams,British
14,2014,shanghai,Shanghai,5.451,16,sutil,German,sauber,Swiss
12,2014,shanghai,Shanghai,5.451,16,button,British,mclaren,British
3,2014,shanghai,Shanghai,5.451,16,vettel,German,red_bull,Austrian
12,2014,albert_park,Melbourne,5.278,16,vettel,German,red_bull,Austrian
21,2014,bahrain,Sakhir,5.412,15,chilton,British,marussia,Russian
15,2014,bahrain,Sakhir,5.412,15,gutierrez,Mexican,sauber,Swiss
3,2014,bahrain,Sakhir,5.412,15,bottas,Finnish,williams,British
19,2014,bahrain,Sakhir,5.412,15,jules_bianchi,French,marussia,Russian
8,2014,bahrain,Sakhir,5.412,15,kevin_magnussen,Danish,mclaren,British
12,2014,bahrain,Sakhir,5.412,15,kvyat,Russian,toro_rosso,Italian
20,2014,bahrain,Sakhir,5.412,15,ericsson,Swedish,caterham,Malaysian
8,2014,sepang,Kuala Lumpur,5.543,15,kevin_magnussen,Danish,mclaren,British
6,2014,sepang,Kuala Lumpur,5.543,15,raikkonen,Finnish,ferrari,Italian
13,2014,sepang,Kuala Lumpur,5.543,15,massa,Brazilian,williams,British
17,2014,sepang,Kuala Lumpur,5.543,15,sutil,German,sauber,Swiss
10,2014,sepang,Kuala Lumpur,5.543,15,button,British,mclaren,British
2,2014,sepang,Kuala Lumpur,5.543,15,vettel,German,red_bull,Austrian
15,2014,sepang,Kuala Lumpur,5.543,15,grosjean,French,lotus_f1,British
20,2014,sepang,Kuala Lumpur,5.543,15,kobayashi,Japanese,caterham,Malaysian
17,2014,albert_park,Melbourne,5.278,16,chilton,British,marussia,Russian
15,2014,albert_park,Melbourne,5.278,16,bottas,Finnish,williams,British
18,2014,albert_park,Melbourne,5.278,16,jules_bianchi,French,marussia,Russian
4,2014,albert_park,Melbourne,5.278,16,kevin_magnussen,Danish,mclaren,British
8,2014,albert_park,Melbourne,5.278,16,kvyat,Russian,toro_rosso,Italian
19,2014,albert_park,Melbourne,5.278,16,ericsson,Swedish,caterham,Malaysian
1,2014,sepang,Kuala Lumpur,5.543,15,hamilton,British,mercedes,German
3,2014,sepang,Kuala Lumpur,5.543,15,rosberg,German,mercedes,German
15,2014,red_bull_ring,Spielberg,4.318,10,perez,Mexican,force_india,Indian
5,2014,red_bull_ring,Spielberg,4.318,10,ricciardo,Australian,red_bull,Austrian
14,2014,red_bull_ring,Spielberg,4.318,10,vergne,French,toro_rosso,Italian
21,2014,red_bull_ring,Spielberg,4.318,10,chilton,British,marussia,Russian
17,2014,red_bull_ring,Spielberg,4.318,10,gutierrez,Mexican,sauber,Swiss
2,2014,red_bull_ring,Spielberg,4.318,10,bottas,Finnish,williams,British
18,2014,red_bull_ring,Spielberg,4.318,10,jules_bianchi,French,marussia,Russian
6,2014,red_bull_ring,Spielberg,4.318,10,kevin_magnussen,Danish,mclaren,British
1,2014,red_bull_ring,Spielberg,4.318,10,massa,Brazilian,williams,British
16,2014,red_bull_ring,Spielberg,4.318,10,sutil,German,sauber,Swiss
11,2014,red_bull_ring,Spielberg,4.318,10,button,British,mclaren,British
12,2014,red_bull_ring,Spielberg,4.318,10,vettel,German,red_bull,Austrian
22,2014,red_bull_ring,Spielberg,4.318,10,grosjean,French,lotus_f1,British
19,2014,red_bull_ring,Spielberg,4.318,10,kobayashi,Japanese,caterham,Malaysian
10,2014,red_bull_ring,Spielberg,4.318,10,hulkenberg,German,force_india,Indian
13,2014,red_bull_ring,Spielberg,4.318,10,maldonado,Venezuelan,lotus_f1,British
4,2014,villeneuve,Montreal,4.361,14,bottas,Finnish,williams,British
12,2014,villeneuve,Montreal,4.361,14,kevin_magnussen,Danish,mclaren,British
15,2014,villeneuve,Montreal,4.361,14,kvyat,Russian,toro_rosso,Italian
20,2014,villeneuve,Montreal,4.361,14,ericsson,Swedish,caterham,Malaysian
9,2014,red_bull_ring,Spielberg,4.318,10,hamilton,British,mercedes,German
3,2014,red_bull_ring,Spielberg,4.318,10,rosberg,German,mercedes,German
4,2014,red_bull_ring,Spielberg,4.318,10,alonso,Spanish,ferrari,Italian
8,2014,red_bull_ring,Spielberg,4.318,10,raikkonen,Finnish,ferrari,Italian
14,2014,villeneuve,Montreal,4.361,14,grosjean,French,lotus_f1,British
21,2014,villeneuve,Montreal,4.361,14,kobayashi,Japanese,caterham,Malaysian
11,2014,villeneuve,Montreal,4.361,14,hulkenberg,German,force_india,Indian
17,2014,villeneuve,Montreal,4.361,14,maldonado,Venezuelan,lotus_f1,British
13,2014,villeneuve,Montreal,4.361,14,perez,Mexican,force_india,Indian
6,2014,villeneuve,Montreal,4.361,14,ricciardo,Australian,red_bull,Austrian
8,2014,villeneuve,Montreal,4.361,14,vergne,French,toro_rosso,Italian
22,2014,villeneuve,Montreal,4.361,14,gutierrez,Mexican,sauber,Swiss
7,2014,hockenheimring,Hockenheim,4.574,16,alonso,Spanish,ferrari,Italian
12,2014,hockenheimring,Hockenheim,4.574,16,raikkonen,Finnish,ferrari,Italian
15,2014,hockenheimring,Hockenheim,4.574,16,sutil,German,sauber,Swiss
11,2014,hockenheimring,Hockenheim,4.574,16,button,British,mclaren,British
6,2014,hockenheimring,Hockenheim,4.574,16,vettel,German,red_bull,Austrian
14,2014,hockenheimring,Hockenheim,4.574,16,grosjean,French,lotus_f1,British
19,2014,hockenheimring,Hockenheim,4.574,16,kobayashi,Japanese,caterham,Malaysian
9,2014,hockenheimring,Hockenheim,4.574,16,hulkenberg,German,force_india,Indian
19,2014,silverstone,Silverstone,5.891,18,gutierrez,Mexican,sauber,Swiss
14,2014,silverstone,Silverstone,5.891,18,bottas,Finnish,williams,British
12,2014,silverstone,Silverstone,5.891,18,jules_bianchi,French,marussia,Russian
5,2014,silverstone,Silverstone,5.891,18,kevin_magnussen,Danish,mclaren,British
9,2014,silverstone,Silverstone,5.891,18,kvyat,Russian,toro_rosso,Italian
21,2014,silverstone,Silverstone,5.891,18,ericsson,Swedish,caterham,Malaysian
20,2014,hockenheimring,Hockenheim,4.574,16,hamilton,British,mercedes,German
1,2014,hockenheimring,Hockenheim,4.574,16,rosberg,German,mercedes,German
11,2014,silverstone,Silverstone,5.891,18,grosjean,French,lotus_f1,British
22,2014,silverstone,Silverstone,5.891,18,kobayashi,Japanese,caterham,Malaysian
4,2014,silverstone,Silverstone,5.891,18,hulkenberg,German,force_india,Indian
20,2014,silverstone,Silverstone,5.891,18,maldonado,Venezuelan,lotus_f1,British
7,2014,silverstone,Silverstone,5.891,18,perez,Mexican,force_india,Indian
8,2014,silverstone,Silverstone,5.891,18,ricciardo,Australian,red_bull,Austrian
10,2014,silverstone,Silverstone,5.891,18,vergne,French,toro_rosso,Italian
17,2014,silverstone,Silverstone,5.891,18,chilton,British,marussia,Russian
7,2014,red_bull_ring,Spielberg,4.318,10,kvyat,Russian,toro_rosso,Italian
20,2014,red_bull_ring,Spielberg,4.318,10,ericsson,Swedish,caterham,Malaysian
6,2014,silverstone,Silverstone,5.891,18,hamilton,British,mercedes,German
1,2014,silverstone,Silverstone,5.891,18,rosberg,German,mercedes,German
16,2014,silverstone,Silverstone,5.891,18,alonso,Spanish,ferrari,Italian
13,2014,silverstone,Silverstone,5.891,18,sutil,German,sauber,Swiss
3,2014,silverstone,Silverstone,5.891,18,button,British,mclaren,British
2,2014,silverstone,Silverstone,5.891,18,vettel,German,red_bull,Austrian
4,2014,hungaroring,Budapest,4.381,14,ricciardo,Australian,red_bull,Austrian
8,2014,hungaroring,Budapest,4.381,14,vergne,French,toro_rosso,Italian
18,2014,hungaroring,Budapest,4.381,14,chilton,British,marussia,Russian
13,2014,hungaroring,Budapest,4.381,14,gutierrez,Mexican,sauber,Swiss
3,2014,hungaroring,Budapest,4.381,14,bottas,Finnish,williams,British
15,2014,hungaroring,Budapest,4.381,14,jules_bianchi,French,marussia,Russian
21,2014,hungaroring,Budapest,4.381,14,kevin_magnussen,Danish,mclaren,British
10,2014,hungaroring,Budapest,4.381,14,kvyat,Russian,toro_rosso,Italian
11,2014,hungaroring,Budapest,4.381,14,sutil,German,sauber,Swiss
7,2014,hungaroring,Budapest,4.381,14,button,British,mclaren,British
2,2014,hungaroring,Budapest,4.381,14,vettel,German,red_bull,Austrian
14,2014,hungaroring,Budapest,4.381,14,grosjean,French,lotus_f1,British
17,2014,hungaroring,Budapest,4.381,14,kobayashi,Japanese,caterham,Malaysian
9,2014,hungaroring,Budapest,4.381,14,hulkenberg,German,force_india,Indian
20,2014,hungaroring,Budapest,4.381,14,maldonado,Venezuelan,lotus_f1,British
12,2014,hungaroring,Budapest,4.381,14,perez,Mexican,force_india,Indian
4,2014,hockenheimring,Hockenheim,4.574,16,kevin_magnussen,Danish,mclaren,British
8,2014,hockenheimring,Hockenheim,4.574,16,kvyat,Russian,toro_rosso,Italian
22,2014,hockenheimring,Hockenheim,4.574,16,ericsson,Swedish,caterham,Malaysian
22,2014,hungaroring,Budapest,4.381,14,hamilton,British,mercedes,German
1,2014,hungaroring,Budapest,4.381,14,rosberg,German,mercedes,German
5,2014,hungaroring,Budapest,4.381,14,alonso,Spanish,ferrari,Italian
16,2014,hungaroring,Budapest,4.381,14,raikkonen,Finnish,ferrari,Italian
6,2014,hungaroring,Budapest,4.381,14,massa,Brazilian,williams,British
18,2014,hockenheimring,Hockenheim,4.574,16,maldonado,Venezuelan,lotus_f1,British
10,2014,hockenheimring,Hockenheim,4.574,16,perez,Mexican,force_india,Indian
5,2014,hockenheimring,Hockenheim,4.574,16,ricciardo,Australian,red_bull,Austrian
13,2014,hockenheimring,Hockenheim,4.574,16,vergne,French,toro_rosso,Italian
21,2014,hockenheimring,Hockenheim,4.574,16,chilton,British,marussia,Russian
16,2014,hockenheimring,Hockenheim,4.574,16,gutierrez,Mexican,sauber,Swiss
2,2014,hockenheimring,Hockenheim,4.574,16,bottas,Finnish,williams,British
17,2014,hockenheimring,Hockenheim,4.574,16,jules_bianchi,French,marussia,Russian
2,2014,monza,Monza,5.793,11,rosberg,German,mercedes,German
7,2014,monza,Monza,5.793,11,alonso,Spanish,ferrari,Italian
11,2014,monza,Monza,5.793,11,raikkonen,Finnish,ferrari,Italian
4,2014,monza,Monza,5.793,11,massa,Brazilian,williams,British
14,2014,monza,Monza,5.793,11,sutil,German,sauber,Swiss
6,2014,monza,Monza,5.793,11,button,British,mclaren,British
8,2014,monza,Monza,5.793,11,vettel,German,red_bull,Austrian
17,2014,monza,Monza,5.793,11,grosjean,French,lotus_f1,British
20,2014,spa,Spa,7.004,20,gutierrez,Mexican,sauber,Swiss
6,2014,spa,Spa,7.004,20,bottas,Finnish,williams,British
16,2014,spa,Spa,7.004,20,jules_bianchi,French,marussia,Russian
7,2014,spa,Spa,7.004,20,kevin_magnussen,Danish,mclaren,British
11,2014,spa,Spa,7.004,20,kvyat,Russian,toro_rosso,Italian
21,2014,spa,Spa,7.004,20,lotterer,German,caterham,Malaysian
22,2014,spa,Spa,7.004,20,ericsson,Swedish,caterham,Malaysian
1,2014,monza,Monza,5.793,11,hamilton,British,mercedes,German
3,2014,spa,Spa,7.004,20,vettel,German,red_bull,Austrian
15,2014,spa,Spa,7.004,20,grosjean,French,lotus_f1,British
18,2014,spa,Spa,7.004,20,hulkenberg,German,force_india,Indian
17,2014,spa,Spa,7.004,20,maldonado,Venezuelan,lotus_f1,British
13,2014,spa,Spa,7.004,20,perez,Mexican,force_india,Indian
5,2014,spa,Spa,7.004,20,ricciardo,Australian,red_bull,Austrian
12,2014,spa,Spa,7.004,20,vergne,French,toro_rosso,Italian
19,2014,spa,Spa,7.004,20,chilton,British,marussia,Russian
19,2014,hungaroring,Budapest,4.381,14,ericsson,Swedish,caterham,Malaysian
2,2014,spa,Spa,7.004,20,hamilton,British,mercedes,German
1,2014,spa,Spa,7.004,20,rosberg,German,mercedes,German
4,2014,spa,Spa,7.004,20,alonso,Spanish,ferrari,Italian
8,2014,spa,Spa,7.004,20,raikkonen,Finnish,ferrari,Italian
9,2014,spa,Spa,7.004,20,massa,Brazilian,williams,British
14,2014,spa,Spa,7.004,20,sutil,German,sauber,Swiss
10,2014,spa,Spa,7.004,20,button,British,mclaren,British
15,2014,marina_bay,Marina Bay,4.94,19,perez,Mexican,force_india,Indian
3,2014,marina_bay,Marina Bay,4.94,19,ricciardo,Australian,red_bull,Austrian
12,2014,marina_bay,Marina Bay,4.94,19,vergne,French,toro_rosso,Italian
21,2014,marina_bay,Marina Bay,4.94,19,chilton,British,marussia,Russian
14,2014,marina_bay,Marina Bay,4.94,19,gutierrez,Mexican,sauber,Swiss
8,2014,marina_bay,Marina Bay,4.94,19,bottas,Finnish,williams,British
19,2014,marina_bay,Marina Bay,4.94,19,jules_bianchi,French,marussia,Russian
9,2014,marina_bay,Marina Bay,4.94,19,kevin_magnussen,Danish,mclaren,British
7,2014,marina_bay,Marina Bay,4.94,19,raikkonen,Finnish,ferrari,Italian
6,2014,marina_bay,Marina Bay,4.94,19,massa,Brazilian,williams,British
17,2014,marina_bay,Marina Bay,4.94,19,sutil,German,sauber,Swiss
11,2014,marina_bay,Marina Bay,4.94,19,button,British,mclaren,British
4,2014,marina_bay,Marina Bay,4.94,19,vettel,German,red_bull,Austrian
16,2014,marina_bay,Marina Bay,4.94,19,grosjean,French,lotus_f1,British
13,2014,marina_bay,Marina Bay,4.94,19,hulkenberg,German,force_india,Indian
18,2014,marina_bay,Marina Bay,4.94,19,maldonado,Venezuelan,lotus_f1,British
3,2014,monza,Monza,5.793,11,bottas,Finnish,williams,British
19,2014,monza,Monza,5.793,11,jules_bianchi,French,marussia,Russian
5,2014,monza,Monza,5.793,11,kevin_magnussen,Danish,mclaren,British
21,2014,monza,Monza,5.793,11,kvyat,Russian,toro_rosso,Italian
22,2014,monza,Monza,5.793,11,ericsson,Swedish,caterham,Malaysian
1,2014,marina_bay,Marina Bay,4.94,19,hamilton,British,mercedes,German
2,2014,marina_bay,Marina Bay,4.94,19,rosberg,German,mercedes,German
5,2014,marina_bay,Marina Bay,4.94,19,alonso,Spanish,ferrari,Italian
18,2014,monza,Monza,5.793,11,kobayashi,Japanese,caterham,Malaysian
13,2014,monza,Monza,5.793,11,hulkenberg,German,force_india,Indian
16,2014,monza,Monza,5.793,11,maldonado,Venezuelan,lotus_f1,British
10,2014,monza,Monza,5.793,11,perez,Mexican,force_india,Indian
9,2014,monza,Monza,5.793,11,ricciardo,Australian,red_bull,Austrian
12,2014,monza,Monza,5.793,11,vergne,French,toro_rosso,Italian
20,2014,monza,Monza,5.793,11,chilton,British,marussia,Russian
15,2014,monza,Monza,5.793,11,gutierrez,Mexican,sauber,Swiss
1,2014,sochi,Sochi,5.848,15,hamilton,British,mercedes,German
2,2014,sochi,Sochi,5.848,15,rosberg,German,mercedes,German
7,2014,sochi,Sochi,5.848,15,alonso,Spanish,ferrari,Italian
8,2014,sochi,Sochi,5.848,15,raikkonen,Finnish,ferrari,Italian
18,2014,sochi,Sochi,5.848,15,massa,Brazilian,williams,British
14,2014,sochi,Sochi,5.848,15,sutil,German,sauber,Swiss
4,2014,sochi,Sochi,5.848,15,button,British,mclaren,British
10,2014,sochi,Sochi,5.848,15,vettel,German,red_bull,Austrian
20,2014,suzuka,Suzuka,5.807,18,vergne,French,toro_rosso,Italian
21,2014,suzuka,Suzuka,5.807,18,chilton,British,marussia,Russian
15,2014,suzuka,Suzuka,5.807,18,gutierrez,Mexican,sauber,Swiss
3,2014,suzuka,Suzuka,5.807,18,bottas,Finnish,williams,British
18,2014,suzuka,Suzuka,5.807,18,jules_bianchi,French,marussia,Russian
7,2014,suzuka,Suzuka,5.807,18,kevin_magnussen,Danish,mclaren,British
12,2014,suzuka,Suzuka,5.807,18,kvyat,Russian,toro_rosso,Italian
17,2014,suzuka,Suzuka,5.807,18,ericsson,Swedish,caterham,Malaysian
8,2014,suzuka,Suzuka,5.807,18,button,British,mclaren,British
9,2014,suzuka,Suzuka,5.807,18,vettel,German,red_bull,Austrian
16,2014,suzuka,Suzuka,5.807,18,grosjean,French,lotus_f1,British
19,2014,suzuka,Suzuka,5.807,18,kobayashi,Japanese,caterham,Malaysian
13,2014,suzuka,Suzuka,5.807,18,hulkenberg,German,force_india,Indian
22,2014,suzuka,Suzuka,5.807,18,maldonado,Venezuelan,lotus_f1,British
11,2014,suzuka,Suzuka,5.807,18,perez,Mexican,force_india,Indian
6,2014,suzuka,Suzuka,5.807,18,ricciardo,Australian,red_bull,Austrian
10,2014,marina_bay,Marina Bay,4.94,19,kvyat,Russian,toro_rosso,Italian
22,2014,marina_bay,Marina Bay,4.94,19,ericsson,Swedish,caterham,Malaysian
2,2014,suzuka,Suzuka,5.807,18,hamilton,British,mercedes,German
1,2014,suzuka,Suzuka,5.807,18,rosberg,German,mercedes,German
5,2014,suzuka,Suzuka,5.807,18,alonso,Spanish,ferrari,Italian
10,2014,suzuka,Suzuka,5.807,18,raikkonen,Finnish,ferrari,Italian
4,2014,suzuka,Suzuka,5.807,18,massa,Brazilian,williams,British
14,2014,suzuka,Suzuka,5.807,18,sutil,German,sauber,Swiss
5,2014,americas,Austin,5.513,20,ricciardo,Australian,red_bull,Austrian
14,2014,americas,Austin,5.513,20,vergne,French,toro_rosso,Italian
15,2014,americas,Austin,5.513,20,gutierrez,Mexican,sauber,Swiss
3,2014,americas,Austin,5.513,20,bottas,Finnish,williams,British
7,2014,americas,Austin,5.513,20,kevin_magnussen,Danish,mclaren,British
17,2014,americas,Austin,5.513,20,kvyat,Russian,toro_rosso,Italian
2,2014,interlagos,São Paulo,4.309,15,hamilton,British,mercedes,German
1,2014,interlagos,São Paulo,4.309,15,rosberg,German,mercedes,German
8,2014,americas,Austin,5.513,20,raikkonen,Finnish,ferrari,Italian
4,2014,americas,Austin,5.513,20,massa,Brazilian,williams,British
12,2014,americas,Austin,5.513,20,button,British,mclaren,British
18,2014,americas,Austin,5.513,20,vettel,German,red_bull,Austrian
16,2014,americas,Austin,5.513,20,grosjean,French,lotus_f1,British
13,2014,americas,Austin,5.513,20,hulkenberg,German,force_india,Indian
10,2014,americas,Austin,5.513,20,maldonado,Venezuelan,lotus_f1,British
11,2014,americas,Austin,5.513,20,perez,Mexican,force_india,Indian
13,2014,sochi,Sochi,5.848,15,gutierrez,Mexican,sauber,Swiss
3,2014,sochi,Sochi,5.848,15,bottas,Finnish,williams,British
11,2014,sochi,Sochi,5.848,15,kevin_magnussen,Danish,mclaren,British
5,2014,sochi,Sochi,5.848,15,kvyat,Russian,toro_rosso,Italian
16,2014,sochi,Sochi,5.848,15,ericsson,Swedish,caterham,Malaysian
2,2014,americas,Austin,5.513,20,hamilton,British,mercedes,German
1,2014,americas,Austin,5.513,20,rosberg,German,mercedes,German
6,2014,americas,Austin,5.513,20,alonso,Spanish,ferrari,Italian
15,2014,sochi,Sochi,5.848,15,grosjean,French,lotus_f1,British
19,2014,sochi,Sochi,5.848,15,kobayashi,Japanese,caterham,Malaysian
17,2014,sochi,Sochi,5.848,15,hulkenberg,German,force_india,Indian
21,2014,sochi,Sochi,5.848,15,maldonado,Venezuelan,lotus_f1,British
12,2014,sochi,Sochi,5.848,15,perez,Mexican,force_india,Indian
6,2014,sochi,Sochi,5.848,15,ricciardo,Australian,red_bull,Austrian
9,2014,sochi,Sochi,5.848,15,vergne,French,toro_rosso,Italian
20,2014,sochi,Sochi,5.848,15,chilton,British,marussia,Russian
18,2014,yas_marina,Abu Dhabi,5.281,16,grosjean,French,lotus_f1,British
16,2014,yas_marina,Abu Dhabi,5.281,16,kobayashi,Japanese,caterham,Malaysian
12,2014,yas_marina,Abu Dhabi,5.281,16,hulkenberg,German,force_india,Indian
15,2014,yas_marina,Abu Dhabi,5.281,16,maldonado,Venezuelan,lotus_f1,British
11,2014,yas_marina,Abu Dhabi,5.281,16,perez,Mexican,force_india,Indian
20,2014,yas_marina,Abu Dhabi,5.281,16,ricciardo,Australian,red_bull,Austrian
10,2014,yas_marina,Abu Dhabi,5.281,16,vergne,French,toro_rosso,Italian
14,2014,yas_marina,Abu Dhabi,5.281,16,gutierrez,Mexican,sauber,Swiss
2,2014,yas_marina,Abu Dhabi,5.281,16,hamilton,British,mercedes,German
1,2014,yas_marina,Abu Dhabi,5.281,16,rosberg,German,mercedes,German
8,2014,yas_marina,Abu Dhabi,5.281,16,alonso,Spanish,ferrari,Italian
7,2014,yas_marina,Abu Dhabi,5.281,16,raikkonen,Finnish,ferrari,Italian
4,2014,yas_marina,Abu Dhabi,5.281,16,massa,Brazilian,williams,British
13,2014,yas_marina,Abu Dhabi,5.281,16,sutil,German,sauber,Swiss
6,2014,yas_marina,Abu Dhabi,5.281,16,button,British,mclaren,British
19,2014,yas_marina,Abu Dhabi,5.281,16,vettel,German,red_bull,Austrian
16,2014,interlagos,São Paulo,4.309,15,maldonado,Venezuelan,lotus_f1,British
18,2014,interlagos,São Paulo,4.309,15,perez,Mexican,force_india,Indian
9,2014,interlagos,São Paulo,4.309,15,ricciardo,Australian,red_bull,Austrian
15,2014,interlagos,São Paulo,4.309,15,vergne,French,toro_rosso,Italian
11,2014,interlagos,São Paulo,4.309,15,gutierrez,Mexican,sauber,Swiss
4,2014,interlagos,São Paulo,4.309,15,bottas,Finnish,williams,British
7,2014,interlagos,São Paulo,4.309,15,kevin_magnussen,Danish,mclaren,British
17,2014,interlagos,São Paulo,4.309,15,kvyat,Russian,toro_rosso,Italian
8,2014,interlagos,São Paulo,4.309,15,alonso,Spanish,ferrari,Italian
10,2014,interlagos,São Paulo,4.309,15,raikkonen,Finnish,ferrari,Italian
3,2014,interlagos,São Paulo,4.309,15,massa,Brazilian,williams,British
13,2014,interlagos,São Paulo,4.309,15,sutil,German,sauber,Swiss
5,2014,interlagos,São Paulo,4.309,15,button,British,mclaren,British
6,2014,interlagos,São Paulo,4.309,15,vettel,German,red_bull,Austrian
14,2014,interlagos,São Paulo,4.309,15,grosjean,French,lotus_f1,British
12,2014,interlagos,São Paulo,4.309,15,hulkenberg,German,force_india,Indian
18,2014,sepang,Kuala Lumpur,5.543,15,bottas,Finnish,williams,British
19,2014,sepang,Kuala Lumpur,5.543,15,jules_bianchi,French,marussia,Russian
11,2014,sepang,Kuala Lumpur,5.543,15,kvyat,Russian,toro_rosso,Italian
22,2014,sepang,Kuala Lumpur,5.543,15,ericsson,Swedish,caterham,Malaysian
2,2014,bahrain,Sakhir,5.412,15,hamilton,British,mercedes,German
1,2014,bahrain,Sakhir,5.412,15,rosberg,German,mercedes,German
9,2014,bahrain,Sakhir,5.412,15,alonso,Spanish,ferrari,Italian
5,2014,bahrain,Sakhir,5.412,15,raikkonen,Finnish,ferrari,Italian
13,2014,shanghai,Shanghai,5.451,16,kvyat,Russian,toro_rosso,Italian
20,2014,shanghai,Shanghai,5.451,16,ericsson,Swedish,caterham,Malaysian
1,2014,catalunya,Montmeló,4.657,14,hamilton,British,mercedes,German
2,2014,catalunya,Montmeló,4.657,14,rosberg,German,mercedes,German
7,2014,catalunya,Montmeló,4.657,14,alonso,Spanish,ferrari,Italian
5,2014,albert_park,Melbourne,5.278,16,alonso,Spanish,ferrari,Italian
21,2014,sepang,Kuala Lumpur,5.543,15,chilton,British,marussia,Russian
12,2014,sepang,Kuala Lumpur,5.543,15,gutierrez,Mexican,sauber,Swiss
16,2014,shanghai,Shanghai,5.451,16,perez,Mexican,force_india,Indian
2,2014,shanghai,Shanghai,5.451,16,ricciardo,Australian,red_bull,Austrian
9,2014,shanghai,Shanghai,5.451,16,vergne,French,toro_rosso,Italian
21,2014,shanghai,Shanghai,5.451,16,chilton,British,marussia,Russian
17,2014,shanghai,Shanghai,5.451,16,gutierrez,Mexican,sauber,Swiss
7,2014,shanghai,Shanghai,5.451,16,bottas,Finnish,williams,British
19,2014,shanghai,Shanghai,5.451,16,jules_bianchi,French,marussia,Russian
15,2014,shanghai,Shanghai,5.451,16,kevin_magnussen,Danish,mclaren,British
3,2014,yas_marina,Abu Dhabi,5.281,16,bottas,Finnish,williams,British
9,2014,yas_marina,Abu Dhabi,5.281,16,kevin_magnussen,Danish,mclaren,British
5,2014,yas_marina,Abu Dhabi,5.281,16,kvyat,Russian,toro_rosso,Italian
17,2014,yas_marina,Abu Dhabi,5.281,16,stevens,British,caterham,Malaysian
10,2014,shanghai,Shanghai,5.451,16,grosjean,French,lotus_f1,British
18,2014,shanghai,Shanghai,5.451,16,kobayashi,Japanese,caterham,Malaysian
8,2014,shanghai,Shanghai,5.451,16,hulkenberg,German,force_india,Indian
22,2014,shanghai,Shanghai,5.451,16,maldonado,Venezuelan,lotus_f1,British
2,2014,villeneuve,Montreal,4.361,14,hamilton,British,mercedes,German
1,2014,villeneuve,Montreal,4.361,14,rosberg,German,mercedes,German
7,2014,villeneuve,Montreal,4.361,14,alonso,Spanish,ferrari,Italian
10,2014,villeneuve,Montreal,4.361,14,raikkonen,Finnish,ferrari,Italian
5,2014,villeneuve,Montreal,4.361,14,massa,Brazilian,williams,British
16,2014,villeneuve,Montreal,4.361,14,sutil,German,sauber,Swiss
9,2014,villeneuve,Montreal,4.361,14,button,British,mclaren,British
3,2014,villeneuve,Montreal,4.361,14,vettel,German,red_bull,Austrian
7,2014,monaco,Monte-Carlo,3.337,19,vergne,French,toro_rosso,Italian
19,2014,monaco,Monte-Carlo,3.337,19,chilton,British,marussia,Russian
17,2014,monaco,Monte-Carlo,3.337,19,gutierrez,Mexican,sauber,Swiss
13,2014,monaco,Monte-Carlo,3.337,19,bottas,Finnish,williams,British
21,2014,monaco,Monte-Carlo,3.337,19,jules_bianchi,French,marussia,Russian
8,2014,monaco,Monte-Carlo,3.337,19,kevin_magnussen,Danish,mclaren,British
9,2014,monaco,Monte-Carlo,3.337,19,kvyat,Russian,toro_rosso,Italian
22,2014,monaco,Monte-Carlo,3.337,19,ericsson,Swedish,caterham,Malaysian
16,2014,monaco,Monte-Carlo,3.337,19,massa,Brazilian,williams,British
18,2014,monaco,Monte-Carlo,3.337,19,sutil,German,sauber,Swiss
12,2014,monaco,Monte-Carlo,3.337,19,button,British,mclaren,British
4,2014,monaco,Monte-Carlo,3.337,19,vettel,German,red_bull,Austrian
14,2014,monaco,Monte-Carlo,3.337,19,grosjean,French,lotus_f1,British
20,2014,monaco,Monte-Carlo,3.337,19,kobayashi,Japanese,caterham,Malaysian
11,2014,monaco,Monte-Carlo,3.337,19,hulkenberg,German,force_india,Indian
3,2014,monaco,Monte-Carlo,3.337,19,ricciardo,Australian,red_bull,Austrian
18,2014,catalunya,Montmeló,4.657,14,jules_bianchi,French,marussia,Russian
14,2014,catalunya,Montmeló,4.657,14,kevin_magnussen,Danish,mclaren,British
12,2014,catalunya,Montmeló,4.657,14,kvyat,Russian,toro_rosso,Italian
19,2014,catalunya,Montmeló,4.657,14,ericsson,Swedish,caterham,Malaysian
2,2014,monaco,Monte-Carlo,3.337,19,hamilton,British,mercedes,German
1,2014,monaco,Monte-Carlo,3.337,19,rosberg,German,mercedes,German
5,2014,monaco,Monte-Carlo,3.337,19,alonso,Spanish,ferrari,Italian
6,2014,monaco,Monte-Carlo,3.337,19,raikkonen,Finnish,ferrari,Italian
20,2014,albert_park,Melbourne,5.278,16,gutierrez,Mexican,sauber,Swiss
1,2014,shanghai,Shanghai,5.451,16,hamilton,British,mercedes,German
4,2014,shanghai,Shanghai,5.451,16,rosberg,German,mercedes,German
5,2014,shanghai,Shanghai,5.451,16,alonso,Spanish,ferrari,Italian
11,2014,albert_park,Melbourne,5.278,16,raikkonen,Finnish,ferrari,Italian
16,2014,sepang,Kuala Lumpur,5.543,15,maldonado,Venezuelan,lotus_f1,British
5,2014,sepang,Kuala Lumpur,5.543,15,ricciardo,Australian,red_bull,Austrian
9,2014,sepang,Kuala Lumpur,5.543,15,vergne,French,toro_rosso,Italian
1,2014,albert_park,Melbourne,5.278,16,hamilton,British,mercedes,German
3,2014,albert_park,Melbourne,5.278,16,rosberg,German,mercedes,German
7,2014,sepang,Kuala Lumpur,5.543,15,hulkenberg,German,force_india,Indian
14,2015,yas_marina,Abu Dhabi,5.281,16,nasr,Brazilian,sauber,Swiss
10,2015,yas_marina,Abu Dhabi,5.281,16,sainz,Spanish,toro_rosso,Italian
20,2015,yas_marina,Abu Dhabi,5.281,16,merhi,Spanish,manor,British
18,2015,yas_marina,Abu Dhabi,5.281,16,grosjean,French,lotus_f1,British
7,2015,yas_marina,Abu Dhabi,5.281,16,hulkenberg,German,force_india,Indian
4,2015,yas_marina,Abu Dhabi,5.281,16,perez,Mexican,force_india,Indian
5,2015,yas_marina,Abu Dhabi,5.281,16,ricciardo,Australian,red_bull,Austrian
17,2015,yas_marina,Abu Dhabi,5.281,16,ericsson,Swedish,sauber,Swiss
19,2015,yas_marina,Abu Dhabi,5.281,16,stevens,British,manor,British
11,2015,yas_marina,Abu Dhabi,5.281,16,max_verstappen,Dutch,toro_rosso,Italian
9,2015,bahrain,Sakhir,5.412,15,sainz,Spanish,toro_rosso,Italian
19,2015,bahrain,Sakhir,5.412,15,merhi,Spanish,manor,British
2,2015,catalunya,Montmeló,4.657,14,hamilton,British,mercedes,German
1,2015,catalunya,Montmeló,4.657,14,rosberg,German,mercedes,German
13,2015,catalunya,Montmeló,4.657,14,alonso,Spanish,mclaren,British
7,2015,catalunya,Montmeló,4.657,14,raikkonen,Finnish,ferrari,Italian
9,2015,catalunya,Montmeló,4.657,14,massa,Brazilian,williams,British
14,2015,catalunya,Montmeló,4.657,14,button,British,mclaren,British
11,2015,bahrain,Sakhir,5.412,15,perez,Mexican,force_india,Indian
7,2015,bahrain,Sakhir,5.412,15,ricciardo,Australian,red_bull,Austrian
5,2015,bahrain,Sakhir,5.412,15,bottas,Finnish,williams,British
17,2015,bahrain,Sakhir,5.412,15,kvyat,Russian,red_bull,Austrian
13,2015,bahrain,Sakhir,5.412,15,ericsson,Swedish,sauber,Swiss
18,2015,bahrain,Sakhir,5.412,15,stevens,British,manor,British
15,2015,bahrain,Sakhir,5.412,15,max_verstappen,Dutch,toro_rosso,Italian
12,2015,bahrain,Sakhir,5.412,15,nasr,Brazilian,sauber,Swiss
3,2015,bahrain,Sakhir,5.412,15,rosberg,German,mercedes,German
14,2015,bahrain,Sakhir,5.412,15,alonso,Spanish,mclaren,British
4,2015,bahrain,Sakhir,5.412,15,raikkonen,Finnish,ferrari,Italian
6,2015,bahrain,Sakhir,5.412,15,massa,Brazilian,williams,British
2,2015,bahrain,Sakhir,5.412,15,vettel,German,ferrari,Italian
10,2015,bahrain,Sakhir,5.412,15,grosjean,French,lotus_f1,British
8,2015,bahrain,Sakhir,5.412,15,hulkenberg,German,force_india,Indian
16,2015,bahrain,Sakhir,5.412,15,maldonado,Venezuelan,lotus_f1,British
12,2015,shanghai,Shanghai,5.451,16,kvyat,Russian,red_bull,Austrian
10,2015,shanghai,Shanghai,5.451,16,ericsson,Swedish,sauber,Swiss
19,2015,shanghai,Shanghai,5.451,16,stevens,British,manor,British
13,2015,shanghai,Shanghai,5.451,16,max_verstappen,Dutch,toro_rosso,Italian
9,2015,shanghai,Shanghai,5.451,16,nasr,Brazilian,sauber,Swiss
14,2015,shanghai,Shanghai,5.451,16,sainz,Spanish,toro_rosso,Italian
20,2015,shanghai,Shanghai,5.451,16,merhi,Spanish,manor,British
1,2015,bahrain,Sakhir,5.412,15,hamilton,British,mercedes,German
7,2015,monaco,Monte-Carlo,3.337,19,perez,Mexican,force_india,Indian
4,2015,monaco,Monte-Carlo,3.337,19,ricciardo,Australian,red_bull,Austrian
16,2015,monaco,Monte-Carlo,3.337,19,bottas,Finnish,williams,British
5,2015,monaco,Monte-Carlo,3.337,19,kvyat,Russian,red_bull,Austrian
17,2015,monaco,Monte-Carlo,3.337,19,ericsson,Swedish,sauber,Swiss
18,2015,monaco,Monte-Carlo,3.337,19,stevens,British,manor,British
9,2015,monaco,Monte-Carlo,3.337,19,max_verstappen,Dutch,toro_rosso,Italian
14,2015,monaco,Monte-Carlo,3.337,19,nasr,Brazilian,sauber,Swiss
13,2015,monaco,Monte-Carlo,3.337,19,alonso,Spanish,mclaren,British
6,2015,monaco,Monte-Carlo,3.337,19,raikkonen,Finnish,ferrari,Italian
12,2015,monaco,Monte-Carlo,3.337,19,massa,Brazilian,williams,British
10,2015,monaco,Monte-Carlo,3.337,19,button,British,mclaren,British
3,2015,monaco,Monte-Carlo,3.337,19,vettel,German,ferrari,Italian
15,2015,monaco,Monte-Carlo,3.337,19,grosjean,French,lotus_f1,British
11,2015,monaco,Monte-Carlo,3.337,19,hulkenberg,German,force_india,Indian
8,2015,monaco,Monte-Carlo,3.337,19,maldonado,Venezuelan,lotus_f1,British
16,2015,catalunya,Montmeló,4.657,14,ericsson,Swedish,sauber,Swiss
19,2015,catalunya,Montmeló,4.657,14,stevens,British,manor,British
6,2015,catalunya,Montmeló,4.657,14,max_verstappen,Dutch,toro_rosso,Italian
15,2015,catalunya,Montmeló,4.657,14,nasr,Brazilian,sauber,Swiss
5,2015,catalunya,Montmeló,4.657,14,sainz,Spanish,toro_rosso,Italian
20,2015,catalunya,Montmeló,4.657,14,merhi,Spanish,manor,British
1,2015,monaco,Monte-Carlo,3.337,19,hamilton,British,mercedes,German
2,2015,monaco,Monte-Carlo,3.337,19,rosberg,German,mercedes,German
3,2015,catalunya,Montmeló,4.657,14,vettel,German,ferrari,Italian
11,2015,catalunya,Montmeló,4.657,14,grosjean,French,lotus_f1,British
17,2015,catalunya,Montmeló,4.657,14,hulkenberg,German,force_india,Indian
12,2015,catalunya,Montmeló,4.657,14,maldonado,Venezuelan,lotus_f1,British
18,2015,catalunya,Montmeló,4.657,14,perez,Mexican,force_india,Indian
10,2015,catalunya,Montmeló,4.657,14,ricciardo,Australian,red_bull,Austrian
4,2015,catalunya,Montmeló,4.657,14,bottas,Finnish,williams,British
8,2015,catalunya,Montmeló,4.657,14,kvyat,Russian,red_bull,Austrian
4,2015,red_bull_ring,Spielberg,4.318,10,massa,Brazilian,williams,British
20,2015,red_bull_ring,Spielberg,4.318,10,button,British,mclaren,British
3,2015,red_bull_ring,Spielberg,4.318,10,vettel,German,ferrari,Italian
9,2015,red_bull_ring,Spielberg,4.318,10,grosjean,French,lotus_f1,British
5,2015,red_bull_ring,Spielberg,4.318,10,hulkenberg,German,force_india,Indian
10,2015,red_bull_ring,Spielberg,4.318,10,maldonado,Venezuelan,lotus_f1,British
13,2015,red_bull_ring,Spielberg,4.318,10,perez,Mexican,force_india,Indian
18,2015,red_bull_ring,Spielberg,4.318,10,ricciardo,Australian,red_bull,Austrian
12,2015,villeneuve,Montreal,4.361,14,ericsson,Swedish,sauber,Swiss
17,2015,villeneuve,Montreal,4.361,14,stevens,British,manor,British
19,2015,villeneuve,Montreal,4.361,14,max_verstappen,Dutch,toro_rosso,Italian
14,2015,villeneuve,Montreal,4.361,14,nasr,Brazilian,sauber,Swiss
11,2015,villeneuve,Montreal,4.361,14,sainz,Spanish,toro_rosso,Italian
16,2015,villeneuve,Montreal,4.361,14,merhi,Spanish,manor,British
1,2015,red_bull_ring,Spielberg,4.318,10,hamilton,British,mercedes,German
2,2015,red_bull_ring,Spielberg,4.318,10,rosberg,German,mercedes,German
18,2015,villeneuve,Montreal,4.361,14,vettel,German,ferrari,Italian
5,2015,villeneuve,Montreal,4.361,14,grosjean,French,lotus_f1,British
7,2015,villeneuve,Montreal,4.361,14,hulkenberg,German,force_india,Indian
6,2015,villeneuve,Montreal,4.361,14,maldonado,Venezuelan,lotus_f1,British
10,2015,villeneuve,Montreal,4.361,14,perez,Mexican,force_india,Indian
9,2015,villeneuve,Montreal,4.361,14,ricciardo,Australian,red_bull,Austrian
4,2015,villeneuve,Montreal,4.361,14,bottas,Finnish,williams,British
8,2015,villeneuve,Montreal,4.361,14,kvyat,Russian,red_bull,Austrian
0,2015,monaco,Monte-Carlo,3.337,19,sainz,Spanish,toro_rosso,Italian
19,2015,monaco,Monte-Carlo,3.337,19,merhi,Spanish,manor,British
1,2015,villeneuve,Montreal,4.361,14,hamilton,British,mercedes,German
2,2015,villeneuve,Montreal,4.361,14,rosberg,German,mercedes,German
13,2015,villeneuve,Montreal,4.361,14,alonso,Spanish,mclaren,British
3,2015,villeneuve,Montreal,4.361,14,raikkonen,Finnish,ferrari,Italian
15,2015,villeneuve,Montreal,4.361,14,massa,Brazilian,williams,British
20,2015,villeneuve,Montreal,4.361,14,button,British,mclaren,British
1,2015,hungaroring,Budapest,4.381,14,hamilton,British,mercedes,German
2,2015,hungaroring,Budapest,4.381,14,rosberg,German,mercedes,German
15,2015,hungaroring,Budapest,4.381,14,alonso,Spanish,mclaren,British
5,2015,hungaroring,Budapest,4.381,14,raikkonen,Finnish,ferrari,Italian
8,2015,hungaroring,Budapest,4.381,14,massa,Brazilian,williams,British
16,2015,hungaroring,Budapest,4.381,14,button,British,mclaren,British
3,2015,hungaroring,Budapest,4.381,14,vettel,German,ferrari,Italian
10,2015,hungaroring,Budapest,4.381,14,grosjean,French,lotus_f1,British
10,2015,silverstone,Silverstone,5.891,18,ricciardo,Australian,red_bull,Austrian
4,2015,silverstone,Silverstone,5.891,18,bottas,Finnish,williams,British
7,2015,silverstone,Silverstone,5.891,18,kvyat,Russian,red_bull,Austrian
15,2015,silverstone,Silverstone,5.891,18,ericsson,Swedish,sauber,Swiss
19,2015,silverstone,Silverstone,5.891,18,stevens,British,manor,British
13,2015,silverstone,Silverstone,5.891,18,max_verstappen,Dutch,toro_rosso,Italian
8,2015,silverstone,Silverstone,5.891,18,sainz,Spanish,toro_rosso,Italian
20,2015,silverstone,Silverstone,5.891,18,merhi,Spanish,manor,British
1,2015,silverstone,Silverstone,5.891,18,hamilton,British,mercedes,German
2,2015,silverstone,Silverstone,5.891,18,rosberg,German,mercedes,German
17,2015,silverstone,Silverstone,5.891,18,alonso,Spanish,mclaren,British
5,2015,silverstone,Silverstone,5.891,18,raikkonen,Finnish,ferrari,Italian
3,2015,silverstone,Silverstone,5.891,18,massa,Brazilian,williams,British
6,2015,silverstone,Silverstone,5.891,18,vettel,German,ferrari,Italian
9,2015,silverstone,Silverstone,5.891,18,hulkenberg,German,force_india,Indian
11,2015,silverstone,Silverstone,5.891,18,perez,Mexican,force_india,Indian
6,2015,red_bull_ring,Spielberg,4.318,10,bottas,Finnish,williams,British
15,2015,red_bull_ring,Spielberg,4.318,10,kvyat,Russian,red_bull,Austrian
11,2015,red_bull_ring,Spielberg,4.318,10,ericsson,Swedish,sauber,Swiss
17,2015,red_bull_ring,Spielberg,4.318,10,stevens,British,manor,British
7,2015,red_bull_ring,Spielberg,4.318,10,max_verstappen,Dutch,toro_rosso,Italian
8,2015,red_bull_ring,Spielberg,4.318,10,nasr,Brazilian,sauber,Swiss
12,2015,red_bull_ring,Spielberg,4.318,10,sainz,Spanish,toro_rosso,Italian
16,2015,red_bull_ring,Spielberg,4.318,10,merhi,Spanish,manor,British
12,2015,spa,Spa,7.004,20,kvyat,Russian,red_bull,Austrian
13,2015,spa,Spa,7.004,20,ericsson,Swedish,sauber,Swiss
15,2015,spa,Spa,7.004,20,stevens,British,manor,British
18,2015,spa,Spa,7.004,20,max_verstappen,Dutch,toro_rosso,Italian
14,2015,spa,Spa,7.004,20,nasr,Brazilian,sauber,Swiss
10,2015,spa,Spa,7.004,20,sainz,Spanish,toro_rosso,Italian
17,2015,spa,Spa,7.004,20,merhi,Spanish,manor,British
1,2015,monza,Monza,5.793,11,hamilton,British,mercedes,German
6,2015,spa,Spa,7.004,20,massa,Brazilian,williams,British
19,2015,spa,Spa,7.004,20,button,British,mclaren,British
8,2015,spa,Spa,7.004,20,vettel,German,ferrari,Italian
9,2015,spa,Spa,7.004,20,grosjean,French,lotus_f1,British
7,2015,spa,Spa,7.004,20,maldonado,Venezuelan,lotus_f1,British
4,2015,spa,Spa,7.004,20,perez,Mexican,force_india,Indian
5,2015,spa,Spa,7.004,20,ricciardo,Australian,red_bull,Austrian
3,2015,spa,Spa,7.004,20,bottas,Finnish,williams,British
9,2015,hungaroring,Budapest,4.381,14,max_verstappen,Dutch,toro_rosso,Italian
18,2015,hungaroring,Budapest,4.381,14,nasr,Brazilian,sauber,Swiss
12,2015,hungaroring,Budapest,4.381,14,sainz,Spanish,toro_rosso,Italian
19,2015,hungaroring,Budapest,4.381,14,merhi,Spanish,manor,British
1,2015,spa,Spa,7.004,20,hamilton,British,mercedes,German
2,2015,spa,Spa,7.004,20,rosberg,German,mercedes,German
20,2015,spa,Spa,7.004,20,alonso,Spanish,mclaren,British
16,2015,spa,Spa,7.004,20,raikkonen,Finnish,ferrari,Italian
11,2015,hungaroring,Budapest,4.381,14,hulkenberg,German,force_india,Indian
14,2015,hungaroring,Budapest,4.381,14,maldonado,Venezuelan,lotus_f1,British
13,2015,hungaroring,Budapest,4.381,14,perez,Mexican,force_india,Indian
4,2015,hungaroring,Budapest,4.381,14,ricciardo,Australian,red_bull,Austrian
6,2015,hungaroring,Budapest,4.381,14,bottas,Finnish,williams,British
7,2015,hungaroring,Budapest,4.381,14,kvyat,Russian,red_bull,Austrian
17,2015,hungaroring,Budapest,4.381,14,ericsson,Swedish,sauber,Swiss
20,2015,hungaroring,Budapest,4.381,14,stevens,British,manor,British
15,2015,marina_bay,Marina Bay,4.94,19,button,British,mclaren,British
1,2015,marina_bay,Marina Bay,4.94,19,vettel,German,ferrari,Italian
10,2015,marina_bay,Marina Bay,4.94,19,grosjean,French,lotus_f1,British
11,2015,marina_bay,Marina Bay,4.94,19,hulkenberg,German,force_india,Indian
18,2015,marina_bay,Marina Bay,4.94,19,maldonado,Venezuelan,lotus_f1,British
13,2015,marina_bay,Marina Bay,4.94,19,perez,Mexican,force_india,Indian
2,2015,marina_bay,Marina Bay,4.94,19,ricciardo,Australian,red_bull,Austrian
7,2015,marina_bay,Marina Bay,4.94,19,bottas,Finnish,williams,British
17,2015,monza,Monza,5.793,11,nasr,Brazilian,sauber,Swiss
17,2015,monza,Monza,5.793,11,sainz,Spanish,toro_rosso,Italian
14,2015,monza,Monza,5.793,11,merhi,Spanish,manor,British
5,2015,marina_bay,Marina Bay,4.94,19,hamilton,British,mercedes,German
6,2015,marina_bay,Marina Bay,4.94,19,rosberg,German,mercedes,German
12,2015,marina_bay,Marina Bay,4.94,19,alonso,Spanish,mclaren,British
3,2015,marina_bay,Marina Bay,4.94,19,raikkonen,Finnish,ferrari,Italian
9,2015,marina_bay,Marina Bay,4.94,19,massa,Brazilian,williams,British
10,2015,monza,Monza,5.793,11,maldonado,Venezuelan,lotus_f1,British
7,2015,monza,Monza,5.793,11,perez,Mexican,force_india,Indian
19,2015,monza,Monza,5.793,11,ricciardo,Australian,red_bull,Austrian
6,2015,monza,Monza,5.793,11,bottas,Finnish,williams,British
18,2015,monza,Monza,5.793,11,kvyat,Russian,red_bull,Austrian
12,2015,monza,Monza,5.793,11,ericsson,Swedish,sauber,Swiss
13,2015,monza,Monza,5.793,11,stevens,British,manor,British
20,2015,monza,Monza,5.793,11,max_verstappen,Dutch,toro_rosso,Italian
4,2015,monza,Monza,5.793,11,rosberg,German,mercedes,German
16,2015,monza,Monza,5.793,11,alonso,Spanish,mclaren,British
2,2015,monza,Monza,5.793,11,raikkonen,Finnish,ferrari,Italian
5,2015,monza,Monza,5.793,11,massa,Brazilian,williams,British
15,2015,monza,Monza,5.793,11,button,British,mclaren,British
3,2015,monza,Monza,5.793,11,vettel,German,ferrari,Italian
8,2015,monza,Monza,5.793,11,grosjean,French,lotus_f1,British
9,2015,monza,Monza,5.793,11,hulkenberg,German,force_india,Indian
16,2015,suzuka,Suzuka,5.807,18,nasr,Brazilian,sauber,Swiss
10,2015,suzuka,Suzuka,5.807,18,sainz,Spanish,toro_rosso,Italian
19,2015,suzuka,Suzuka,5.807,18,rossi,American,manor,British
2,2015,sochi,Sochi,5.848,15,hamilton,British,mercedes,German
1,2015,sochi,Sochi,5.848,15,rosberg,German,mercedes,German
19,2015,sochi,Sochi,5.848,15,alonso,Spanish,mclaren,British
5,2015,sochi,Sochi,5.848,15,raikkonen,Finnish,ferrari,Italian
15,2015,sochi,Sochi,5.848,15,massa,Brazilian,williams,British
11,2015,suzuka,Suzuka,5.807,18,maldonado,Venezuelan,lotus_f1,British
9,2015,suzuka,Suzuka,5.807,18,perez,Mexican,force_india,Indian
7,2015,suzuka,Suzuka,5.807,18,ricciardo,Australian,red_bull,Austrian
3,2015,suzuka,Suzuka,5.807,18,bottas,Finnish,williams,British
20,2015,suzuka,Suzuka,5.807,18,kvyat,Russian,red_bull,Austrian
15,2015,suzuka,Suzuka,5.807,18,ericsson,Swedish,sauber,Swiss
18,2015,suzuka,Suzuka,5.807,18,stevens,British,manor,British
17,2015,suzuka,Suzuka,5.807,18,max_verstappen,Dutch,toro_rosso,Italian
1,2015,suzuka,Suzuka,5.807,18,rosberg,German,mercedes,German
12,2015,suzuka,Suzuka,5.807,18,alonso,Spanish,mclaren,British
6,2015,suzuka,Suzuka,5.807,18,raikkonen,Finnish,ferrari,Italian
5,2015,suzuka,Suzuka,5.807,18,massa,Brazilian,williams,British
14,2015,suzuka,Suzuka,5.807,18,button,British,mclaren,British
4,2015,suzuka,Suzuka,5.807,18,vettel,German,ferrari,Italian
8,2015,suzuka,Suzuka,5.807,18,grosjean,French,lotus_f1,British
13,2015,suzuka,Suzuka,5.807,18,hulkenberg,German,force_india,Indian
4,2015,marina_bay,Marina Bay,4.94,19,kvyat,Russian,red_bull,Austrian
17,2015,marina_bay,Marina Bay,4.94,19,ericsson,Swedish,sauber,Swiss
19,2015,marina_bay,Marina Bay,4.94,19,stevens,British,manor,British
8,2015,marina_bay,Marina Bay,4.94,19,max_verstappen,Dutch,toro_rosso,Italian
16,2015,marina_bay,Marina Bay,4.94,19,nasr,Brazilian,sauber,Swiss
14,2015,marina_bay,Marina Bay,4.94,19,sainz,Spanish,toro_rosso,Italian
20,2015,marina_bay,Marina Bay,4.94,19,rossi,American,manor,British
2,2015,suzuka,Suzuka,5.807,18,hamilton,British,mercedes,German
3,2015,americas,Austin,5.513,20,ricciardo,Australian,red_bull,Austrian
16,2015,americas,Austin,5.513,20,bottas,Finnish,williams,British
4,2015,americas,Austin,5.513,20,kvyat,Russian,red_bull,Austrian
14,2015,americas,Austin,5.513,20,ericsson,Swedish,sauber,Swiss
19,2015,americas,Austin,5.513,20,stevens,British,manor,British
8,2015,americas,Austin,5.513,20,max_verstappen,Dutch,toro_rosso,Italian
15,2015,americas,Austin,5.513,20,nasr,Brazilian,sauber,Swiss
20,2015,americas,Austin,5.513,20,sainz,Spanish,toro_rosso,Italian
18,2015,americas,Austin,5.513,20,raikkonen,Finnish,ferrari,Italian
7,2015,americas,Austin,5.513,20,massa,Brazilian,williams,British
11,2015,americas,Austin,5.513,20,button,British,mclaren,British
13,2015,americas,Austin,5.513,20,vettel,German,ferrari,Italian
10,2015,americas,Austin,5.513,20,grosjean,French,lotus_f1,British
6,2015,americas,Austin,5.513,20,hulkenberg,German,force_india,Indian
12,2015,americas,Austin,5.513,20,maldonado,Venezuelan,lotus_f1,British
5,2015,americas,Austin,5.513,20,perez,Mexican,force_india,Indian
17,2015,sochi,Sochi,5.848,15,stevens,British,manor,British
9,2015,sochi,Sochi,5.848,15,max_verstappen,Dutch,toro_rosso,Italian
12,2015,sochi,Sochi,5.848,15,nasr,Brazilian,sauber,Swiss
20,2015,sochi,Sochi,5.848,15,sainz,Spanish,toro_rosso,Italian
18,2015,sochi,Sochi,5.848,15,merhi,Spanish,manor,British
2,2015,americas,Austin,5.513,20,hamilton,British,mercedes,German
1,2015,americas,Austin,5.513,20,rosberg,German,mercedes,German
9,2015,americas,Austin,5.513,20,alonso,Spanish,mclaren,British
13,2015,sochi,Sochi,5.848,15,button,British,mclaren,British
4,2015,sochi,Sochi,5.848,15,vettel,German,ferrari,Italian
8,2015,sochi,Sochi,5.848,15,grosjean,French,lotus_f1,British
14,2015,sochi,Sochi,5.848,15,maldonado,Venezuelan,lotus_f1,British
7,2015,sochi,Sochi,5.848,15,perez,Mexican,force_india,Indian
10,2015,sochi,Sochi,5.848,15,ricciardo,Australian,red_bull,Austrian
3,2015,sochi,Sochi,5.848,15,bottas,Finnish,williams,British
11,2015,sochi,Sochi,5.848,15,kvyat,Russian,red_bull,Austrian
4,2015,interlagos,São Paulo,4.309,15,raikkonen,Finnish,ferrari,Italian
8,2015,interlagos,São Paulo,4.309,15,massa,Brazilian,williams,British
16,2015,interlagos,São Paulo,4.309,15,button,British,mclaren,British
3,2015,interlagos,São Paulo,4.309,15,vettel,German,ferrari,Italian
14,2015,interlagos,São Paulo,4.309,15,grosjean,French,lotus_f1,British
5,2015,interlagos,São Paulo,4.309,15,hulkenberg,German,force_india,Indian
15,2015,interlagos,São Paulo,4.309,15,maldonado,Venezuelan,lotus_f1,British
11,2015,interlagos,São Paulo,4.309,15,perez,Mexican,force_india,Indian
17,2015,rodriguez,Mexico City,4.304,17,stevens,British,manor,British
8,2015,rodriguez,Mexico City,4.304,17,max_verstappen,Dutch,toro_rosso,Italian
15,2015,rodriguez,Mexico City,4.304,17,nasr,Brazilian,sauber,Swiss
11,2015,rodriguez,Mexico City,4.304,17,sainz,Spanish,toro_rosso,Italian
16,2015,rodriguez,Mexico City,4.304,17,rossi,American,manor,British
2,2015,interlagos,São Paulo,4.309,15,hamilton,British,mercedes,German
1,2015,interlagos,São Paulo,4.309,15,rosberg,German,mercedes,German
20,2015,interlagos,São Paulo,4.309,15,alonso,Spanish,mclaren,British
12,2015,rodriguez,Mexico City,4.304,17,grosjean,French,lotus_f1,British
10,2015,rodriguez,Mexico City,4.304,17,hulkenberg,German,force_india,Indian
13,2015,rodriguez,Mexico City,4.304,17,maldonado,Venezuelan,lotus_f1,British
9,2015,rodriguez,Mexico City,4.304,17,perez,Mexican,force_india,Indian
5,2015,rodriguez,Mexico City,4.304,17,ricciardo,Australian,red_bull,Austrian
6,2015,rodriguez,Mexico City,4.304,17,bottas,Finnish,williams,British
4,2015,rodriguez,Mexico City,4.304,17,kvyat,Russian,red_bull,Austrian
14,2015,rodriguez,Mexico City,4.304,17,ericsson,Swedish,sauber,Swiss
17,2015,americas,Austin,5.513,20,rossi,American,manor,British
2,2015,rodriguez,Mexico City,4.304,17,hamilton,British,mercedes,German
1,2015,rodriguez,Mexico City,4.304,17,rosberg,German,mercedes,German
18,2015,rodriguez,Mexico City,4.304,17,alonso,Spanish,mclaren,British
19,2015,rodriguez,Mexico City,4.304,17,raikkonen,Finnish,ferrari,Italian
7,2015,rodriguez,Mexico City,4.304,17,massa,Brazilian,williams,British
20,2015,rodriguez,Mexico City,4.304,17,button,British,mclaren,British
3,2015,rodriguez,Mexico City,4.304,17,vettel,German,ferrari,Italian
17,2015,shanghai,Shanghai,5.451,16,button,British,mclaren,British
3,2015,shanghai,Shanghai,5.451,16,vettel,German,ferrari,Italian
8,2015,shanghai,Shanghai,5.451,16,grosjean,French,lotus_f1,British
16,2015,shanghai,Shanghai,5.451,16,hulkenberg,German,force_india,Indian
11,2015,shanghai,Shanghai,5.451,16,maldonado,Venezuelan,lotus_f1,British
15,2015,shanghai,Shanghai,5.451,16,perez,Mexican,force_india,Indian
7,2015,shanghai,Shanghai,5.451,16,ricciardo,Australian,red_bull,Austrian
5,2015,shanghai,Shanghai,5.451,16,bottas,Finnish,williams,British
16,2015,sepang,Kuala Lumpur,5.543,15,nasr,Brazilian,sauber,Swiss
15,2015,sepang,Kuala Lumpur,5.543,15,sainz,Spanish,toro_rosso,Italian
19,2015,sepang,Kuala Lumpur,5.543,15,merhi,Spanish,manor,British
1,2015,shanghai,Shanghai,5.451,16,hamilton,British,mercedes,German
2,2015,shanghai,Shanghai,5.451,16,rosberg,German,mercedes,German
18,2015,shanghai,Shanghai,5.451,16,alonso,Spanish,mclaren,British
6,2015,shanghai,Shanghai,5.451,16,raikkonen,Finnish,ferrari,Italian
4,2015,shanghai,Shanghai,5.451,16,massa,Brazilian,williams,British
13,2015,sepang,Kuala Lumpur,5.543,15,hulkenberg,German,force_india,Indian
12,2015,sepang,Kuala Lumpur,5.543,15,maldonado,Venezuelan,lotus_f1,British
14,2015,sepang,Kuala Lumpur,5.543,15,perez,Mexican,force_india,Indian
4,2015,sepang,Kuala Lumpur,5.543,15,ricciardo,Australian,red_bull,Austrian
8,2015,sepang,Kuala Lumpur,5.543,15,bottas,Finnish,williams,British
5,2015,sepang,Kuala Lumpur,5.543,15,kvyat,Russian,red_bull,Austrian
9,2015,sepang,Kuala Lumpur,5.543,15,ericsson,Swedish,sauber,Swiss
6,2015,sepang,Kuala Lumpur,5.543,15,max_verstappen,Dutch,toro_rosso,Italian
1,2015,sepang,Kuala Lumpur,5.543,15,hamilton,British,mercedes,German
3,2015,sepang,Kuala Lumpur,5.543,15,rosberg,German,mercedes,German
18,2015,sepang,Kuala Lumpur,5.543,15,alonso,Spanish,mclaren,British
11,2015,sepang,Kuala Lumpur,5.543,15,raikkonen,Finnish,ferrari,Italian
7,2015,sepang,Kuala Lumpur,5.543,15,massa,Brazilian,williams,British
17,2015,sepang,Kuala Lumpur,5.543,15,button,British,mclaren,British
2,2015,sepang,Kuala Lumpur,5.543,15,vettel,German,ferrari,Italian
10,2015,sepang,Kuala Lumpur,5.543,15,grosjean,French,lotus_f1,British
2,2015,yas_marina,Abu Dhabi,5.281,16,hamilton,British,mercedes,German
1,2015,yas_marina,Abu Dhabi,5.281,16,rosberg,German,mercedes,German
16,2015,yas_marina,Abu Dhabi,5.281,16,alonso,Spanish,mclaren,British
3,2015,yas_marina,Abu Dhabi,5.281,16,raikkonen,Finnish,ferrari,Italian
8,2015,yas_marina,Abu Dhabi,5.281,16,massa,Brazilian,williams,British
12,2015,yas_marina,Abu Dhabi,5.281,16,button,British,mclaren,British
15,2015,yas_marina,Abu Dhabi,5.281,16,vettel,German,ferrari,Italian
19,2015,interlagos,São Paulo,4.309,15,ricciardo,Australian,red_bull,Austrian
7,2015,interlagos,São Paulo,4.309,15,bottas,Finnish,williams,British
6,2015,interlagos,São Paulo,4.309,15,kvyat,Russian,red_bull,Austrian
12,2015,interlagos,São Paulo,4.309,15,ericsson,Swedish,sauber,Swiss
18,2015,interlagos,São Paulo,4.309,15,stevens,British,manor,British
9,2015,interlagos,São Paulo,4.309,15,max_verstappen,Dutch,toro_rosso,Italian
13,2015,interlagos,São Paulo,4.309,15,nasr,Brazilian,sauber,Swiss
17,2015,interlagos,São Paulo,4.309,15,rossi,American,manor,British
4,2015,albert_park,Melbourne,5.278,16,vettel,German,ferrari,Italian
13,2015,albert_park,Melbourne,5.278,16,hulkenberg,German,force_india,Indian
14,2015,albert_park,Melbourne,5.278,16,perez,Mexican,force_india,Indian
6,2015,albert_park,Melbourne,5.278,16,ricciardo,Australian,red_bull,Austrian
15,2015,albert_park,Melbourne,5.278,16,ericsson,Swedish,sauber,Swiss
11,2015,albert_park,Melbourne,5.278,16,max_verstappen,Dutch,toro_rosso,Italian
10,2015,albert_park,Melbourne,5.278,16,nasr,Brazilian,sauber,Swiss
7,2015,albert_park,Melbourne,5.278,16,sainz,Spanish,toro_rosso,Italian
1,2015,albert_park,Melbourne,5.278,16,hamilton,British,mercedes,German
2,2015,albert_park,Melbourne,5.278,16,rosberg,German,mercedes,German
5,2015,albert_park,Melbourne,5.278,16,raikkonen,Finnish,ferrari,Italian
3,2015,albert_park,Melbourne,5.278,16,massa,Brazilian,williams,British
16,2015,albert_park,Melbourne,5.278,16,button,British,mclaren,British
9,2015,yas_marina,Abu Dhabi,5.281,16,kvyat,Russian,red_bull,Austrian
6,2015,yas_marina,Abu Dhabi,5.281,16,bottas,Finnish,williams,British
12,2016,shanghai,Shanghai,5.451,16,button,British,mclaren,British
1,2016,albert_park,Melbourne,5.278,16,hamilton,British,mercedes,German
2,2016,albert_park,Melbourne,5.278,16,rosberg,German,mercedes,German
11,2016,albert_park,Melbourne,5.278,16,alonso,Spanish,mclaren,British
4,2016,albert_park,Melbourne,5.278,16,raikkonen,Finnish,ferrari,Italian
19,2016,albert_park,Melbourne,5.278,16,grosjean,French,haas,American
10,2016,albert_park,Melbourne,5.278,16,hulkenberg,German,force_india,Indian
9,2016,albert_park,Melbourne,5.278,16,perez,Mexican,force_india,Indian
19,2016,yas_marina,Abu Dhabi,5.281,16,nasr,Brazilian,sauber,Swiss
20,2016,yas_marina,Abu Dhabi,5.281,16,ocon,French,manor,British
3,2016,yas_marina,Abu Dhabi,5.281,16,ricciardo,Australian,red_bull,Austrian
13,2016,yas_marina,Abu Dhabi,5.281,16,gutierrez,Mexican,haas,American
11,2016,yas_marina,Abu Dhabi,5.281,16,bottas,Finnish,williams,British
21,2016,yas_marina,Abu Dhabi,5.281,16,sainz,Spanish,toro_rosso,Italian
3,2016,shanghai,Shanghai,5.451,16,raikkonen,Finnish,ferrari,Italian
10,2016,shanghai,Shanghai,5.451,16,massa,Brazilian,williams,British
8,2016,yas_marina,Abu Dhabi,5.281,16,perez,Mexican,force_india,Indian
4,2016,interlagos,São Paulo,4.309,15,max_verstappen,Dutch,red_bull,Austrian
21,2016,interlagos,São Paulo,4.309,15,nasr,Brazilian,sauber,Swiss
15,2016,interlagos,São Paulo,4.309,15,sainz,Spanish,toro_rosso,Italian
18,2016,yas_marina,Abu Dhabi,5.281,16,kevin_magnussen,Danish,renault,French
17,2016,yas_marina,Abu Dhabi,5.281,16,kvyat,Russian,toro_rosso,Italian
22,2016,yas_marina,Abu Dhabi,5.281,16,ericsson,Swedish,sauber,Swiss
6,2016,yas_marina,Abu Dhabi,5.281,16,max_verstappen,Dutch,red_bull,Austrian
15,2016,yas_marina,Abu Dhabi,5.281,16,jolyon_palmer,British,renault,French
16,2016,yas_marina,Abu Dhabi,5.281,16,wehrlein,German,manor,British
9,2016,interlagos,São Paulo,4.309,15,perez,Mexican,force_india,Indian
6,2016,interlagos,São Paulo,4.309,15,ricciardo,Australian,red_bull,Austrian
12,2016,yas_marina,Abu Dhabi,5.281,16,button,British,mclaren,British
5,2016,yas_marina,Abu Dhabi,5.281,16,vettel,German,ferrari,Italian
14,2016,yas_marina,Abu Dhabi,5.281,16,grosjean,French,haas,American
7,2016,yas_marina,Abu Dhabi,5.281,16,hulkenberg,German,force_india,Indian
17,2016,bahrain,Sakhir,5.412,15,ericsson,Swedish,sauber,Swiss
10,2016,bahrain,Sakhir,5.412,15,max_verstappen,Dutch,toro_rosso,Italian
22,2016,albert_park,Melbourne,5.278,16,haryanto,Indonesian,manor,British
1,2016,bahrain,Sakhir,5.412,15,hamilton,British,mercedes,German
2,2016,bahrain,Sakhir,5.412,15,rosberg,German,mercedes,German
20,2016,bahrain,Sakhir,5.412,15,haryanto,Indonesian,manor,British
12,2016,bahrain,Sakhir,5.412,15,vandoorne,Belgian,mclaren,British
22,2016,shanghai,Shanghai,5.451,16,hamilton,British,mercedes,German
9,2016,bahrain,Sakhir,5.412,15,grosjean,French,haas,American
8,2016,bahrain,Sakhir,5.412,15,hulkenberg,German,force_india,Indian
22,2016,sochi,Sochi,5.848,15,ericsson,Swedish,sauber,Swiss
9,2016,sochi,Sochi,5.848,15,max_verstappen,Dutch,toro_rosso,Italian
19,2016,sochi,Sochi,5.848,15,nasr,Brazilian,sauber,Swiss
6,2016,bahrain,Sakhir,5.412,15,bottas,Finnish,williams,British
22,2016,bahrain,Sakhir,5.412,15,kevin_magnussen,Danish,renault,French
15,2016,bahrain,Sakhir,5.412,15,kvyat,Russian,red_bull,Austrian
13,2016,albert_park,Melbourne,5.278,16,jolyon_palmer,British,renault,French
21,2016,albert_park,Melbourne,5.278,16,wehrlein,German,manor,British
6,2016,albert_park,Melbourne,5.278,16,massa,Brazilian,williams,British
12,2016,albert_park,Melbourne,5.278,16,button,British,mclaren,British
3,2016,albert_park,Melbourne,5.278,16,vettel,German,ferrari,Italian
4,2016,bahrain,Sakhir,5.412,15,raikkonen,Finnish,ferrari,Italian
7,2016,bahrain,Sakhir,5.412,15,massa,Brazilian,williams,British
14,2016,bahrain,Sakhir,5.412,15,button,British,mclaren,British
15,2016,albert_park,Melbourne,5.278,16,ericsson,Swedish,sauber,Swiss
14,2016,albert_park,Melbourne,5.278,16,kevin_magnussen,Danish,renault,French
16,2016,albert_park,Melbourne,5.278,16,bottas,Finnish,williams,British
8,2016,albert_park,Melbourne,5.278,16,ricciardo,Australian,red_bull,Austrian
20,2016,albert_park,Melbourne,5.278,16,gutierrez,Mexican,haas,American
5,2016,albert_park,Melbourne,5.278,16,max_verstappen,Dutch,toro_rosso,Italian
17,2016,albert_park,Melbourne,5.278,16,nasr,Brazilian,sauber,Swiss
7,2016,albert_park,Melbourne,5.278,16,sainz,Spanish,toro_rosso,Italian
8,2016,catalunya,Montmeló,4.657,14,sainz,Spanish,toro_rosso,Italian
17,2016,catalunya,Montmeló,4.657,14,jolyon_palmer,British,renault,French
18,2016,catalunya,Montmeló,4.657,14,massa,Brazilian,williams,British
12,2016,catalunya,Montmeló,4.657,14,button,British,mclaren,British
6,2016,catalunya,Montmeló,4.657,14,vettel,German,ferrari,Italian
2,2016,monaco,Monte-Carlo,3.337,19,rosberg,German,mercedes,German
9,2016,monaco,Monte-Carlo,3.337,19,alonso,Spanish,mclaren,British
11,2016,monaco,Monte-Carlo,3.337,19,raikkonen,Finnish,ferrari,Italian
3,2016,catalunya,Montmeló,4.657,14,ricciardo,Australian,red_bull,Austrian
16,2016,catalunya,Montmeló,4.657,14,gutierrez,Mexican,haas,American
5,2016,villeneuve,Montreal,4.361,14,max_verstappen,Dutch,red_bull,Austrian
18,2016,villeneuve,Montreal,4.361,14,nasr,Brazilian,sauber,Swiss
20,2016,villeneuve,Montreal,4.361,14,sainz,Spanish,toro_rosso,Italian
19,2016,catalunya,Montmeló,4.657,14,ericsson,Swedish,sauber,Swiss
4,2016,catalunya,Montmeló,4.657,14,max_verstappen,Dutch,red_bull,Austrian
20,2016,catalunya,Montmeló,4.657,14,nasr,Brazilian,sauber,Swiss
10,2016,catalunya,Montmeló,4.657,14,alonso,Spanish,mclaren,British
5,2016,catalunya,Montmeló,4.657,14,raikkonen,Finnish,ferrari,Italian
12,2016,sochi,Sochi,5.848,15,button,British,mclaren,British
15,2016,sochi,Sochi,5.848,15,grosjean,French,haas,American
6,2016,sochi,Sochi,5.848,15,perez,Mexican,force_india,Indian
14,2016,catalunya,Montmeló,4.657,14,grosjean,French,haas,American
11,2016,catalunya,Montmeló,4.657,14,hulkenberg,German,force_india,Indian
9,2016,catalunya,Montmeló,4.657,14,perez,Mexican,force_india,Indian
17,2016,sochi,Sochi,5.848,15,kevin_magnussen,Danish,renault,French
8,2016,sochi,Sochi,5.848,15,kvyat,Russian,red_bull,Austrian
19,2016,shanghai,Shanghai,5.451,16,jolyon_palmer,British,renault,French
21,2016,shanghai,Shanghai,5.451,16,wehrlein,German,manor,British
20,2016,shanghai,Shanghai,5.451,16,haryanto,Indonesian,manor,British
11,2016,sochi,Sochi,5.848,15,sainz,Spanish,toro_rosso,Italian
18,2016,sochi,Sochi,5.848,15,jolyon_palmer,British,renault,French
20,2016,sochi,Sochi,5.848,15,wehrlein,German,manor,British
3,2016,villeneuve,Montreal,4.361,14,vettel,German,ferrari,Italian
14,2016,villeneuve,Montreal,4.361,14,grosjean,French,haas,American
8,2016,monaco,Monte-Carlo,3.337,19,kvyat,Russian,toro_rosso,Italian
17,2016,monaco,Monte-Carlo,3.337,19,ericsson,Swedish,sauber,Swiss
0,2016,monaco,Monte-Carlo,3.337,19,max_verstappen,Dutch,red_bull,Austrian
13,2016,villeneuve,Montreal,4.361,14,gutierrez,Mexican,haas,American
7,2016,villeneuve,Montreal,4.361,14,bottas,Finnish,williams,British
22,2016,villeneuve,Montreal,4.361,14,kevin_magnussen,Danish,renault,French
20,2016,monaco,Monte-Carlo,3.337,19,wehrlein,German,manor,British
19,2016,monaco,Monte-Carlo,3.337,19,haryanto,Indonesian,manor,British
0,2016,red_bull_ring,Spielberg,4.318,10,massa,Brazilian,williams,British
3,2016,red_bull_ring,Spielberg,4.318,10,button,British,mclaren,British
9,2016,red_bull_ring,Spielberg,4.318,10,vettel,German,ferrari,Italian
6,2016,villeneuve,Montreal,4.361,14,raikkonen,Finnish,ferrari,Italian
8,2016,villeneuve,Montreal,4.361,14,massa,Brazilian,williams,British
12,2016,villeneuve,Montreal,4.361,14,button,British,mclaren,British
10,2016,monaco,Monte-Carlo,3.337,19,bottas,Finnish,williams,British
16,2016,monaco,Monte-Carlo,3.337,19,kevin_magnussen,Danish,renault,French
21,2016,catalunya,Montmeló,4.657,14,wehrlein,German,manor,British
22,2016,catalunya,Montmeló,4.657,14,haryanto,Indonesian,manor,British
3,2016,monaco,Monte-Carlo,3.337,19,hamilton,British,mercedes,German
0,2016,monaco,Monte-Carlo,3.337,19,nasr,Brazilian,sauber,Swiss
6,2016,monaco,Monte-Carlo,3.337,19,sainz,Spanish,toro_rosso,Italian
18,2016,monaco,Monte-Carlo,3.337,19,jolyon_palmer,British,renault,French
14,2016,monaco,Monte-Carlo,3.337,19,massa,Brazilian,williams,British
13,2016,monaco,Monte-Carlo,3.337,19,button,British,mclaren,British
7,2016,catalunya,Montmeló,4.657,14,bottas,Finnish,williams,British
15,2016,catalunya,Montmeló,4.657,14,kevin_magnussen,Danish,renault,French
13,2016,catalunya,Montmeló,4.657,14,kvyat,Russian,toro_rosso,Italian
7,2016,monaco,Monte-Carlo,3.337,19,perez,Mexican,force_india,Indian
1,2016,monaco,Monte-Carlo,3.337,19,ricciardo,Australian,red_bull,Austrian
12,2016,monaco,Monte-Carlo,3.337,19,gutierrez,Mexican,haas,American
9,2016,baku,Baku,6.003,20,max_verstappen,Dutch,red_bull,Austrian
15,2016,baku,Baku,6.003,20,nasr,Brazilian,sauber,Swiss
13,2016,baku,Baku,6.003,20,alonso,Spanish,mclaren,British
4,2016,baku,Baku,6.003,20,raikkonen,Finnish,ferrari,Italian
5,2016,baku,Baku,6.003,20,massa,Brazilian,williams,British
16,2016,baku,Baku,6.003,20,haryanto,Indonesian,manor,British
1,2016,red_bull_ring,Spielberg,4.318,10,hamilton,British,mercedes,German
6,2016,red_bull_ring,Spielberg,4.318,10,rosberg,German,mercedes,German
12,2016,baku,Baku,6.003,20,hulkenberg,German,force_india,Indian
7,2016,baku,Baku,6.003,20,perez,Mexican,force_india,Indian
15,2016,silverstone,Silverstone,5.891,18,kvyat,Russian,toro_rosso,Italian
22,2016,silverstone,Silverstone,5.891,18,ericsson,Swedish,sauber,Swiss
3,2016,silverstone,Silverstone,5.891,18,max_verstappen,Dutch,red_bull,Austrian
22,2016,baku,Baku,6.003,20,kevin_magnussen,Danish,renault,French
6,2016,baku,Baku,6.003,20,kvyat,Russian,toro_rosso,Italian
20,2016,baku,Baku,6.003,20,ericsson,Swedish,sauber,Swiss
10,2016,baku,Baku,6.003,20,hamilton,British,mercedes,German
1,2016,baku,Baku,6.003,20,rosberg,German,mercedes,German
9,2016,villeneuve,Montreal,4.361,14,hulkenberg,German,force_india,Indian
11,2016,villeneuve,Montreal,4.361,14,perez,Mexican,force_india,Indian
4,2016,villeneuve,Montreal,4.361,14,ricciardo,Australian,red_bull,Austrian
19,2016,baku,Baku,6.003,20,button,British,mclaren,British
3,2016,baku,Baku,6.003,20,vettel,German,ferrari,Italian
11,2016,baku,Baku,6.003,20,grosjean,French,haas,American
15,2016,villeneuve,Montreal,4.361,14,kvyat,Russian,toro_rosso,Italian
21,2016,villeneuve,Montreal,4.361,14,ericsson,Swedish,sauber,Swiss
1,2016,villeneuve,Montreal,4.361,14,hamilton,British,mercedes,German
2,2016,villeneuve,Montreal,4.361,14,rosberg,German,mercedes,German
10,2016,villeneuve,Montreal,4.361,14,alonso,Spanish,mclaren,British
16,2016,villeneuve,Montreal,4.361,14,jolyon_palmer,British,renault,French
17,2016,villeneuve,Montreal,4.361,14,wehrlein,German,manor,British
19,2016,villeneuve,Montreal,4.361,14,haryanto,Indonesian,manor,British
12,2016,silverstone,Silverstone,5.891,18,massa,Brazilian,williams,British
17,2016,silverstone,Silverstone,5.891,18,button,British,mclaren,British
7,2016,red_bull_ring,Spielberg,4.318,10,bottas,Finnish,williams,British
17,2016,red_bull_ring,Spielberg,4.318,10,kevin_magnussen,Danish,renault,French
0,2016,red_bull_ring,Spielberg,4.318,10,kvyat,Russian,toro_rosso,Italian
10,2016,silverstone,Silverstone,5.891,18,perez,Mexican,force_india,Indian
4,2016,silverstone,Silverstone,5.891,18,ricciardo,Australian,red_bull,Austrian
14,2016,silverstone,Silverstone,5.891,18,gutierrez,Mexican,haas,American
15,2016,red_bull_ring,Spielberg,4.318,10,sainz,Spanish,toro_rosso,Italian
19,2016,red_bull_ring,Spielberg,4.318,10,jolyon_palmer,British,renault,French
13,2016,hockenheimring,Hockenheim,4.574,16,alonso,Spanish,mclaren,British
5,2016,hockenheimring,Hockenheim,4.574,16,raikkonen,Finnish,ferrari,Italian
10,2016,hockenheimring,Hockenheim,4.574,16,massa,Brazilian,williams,British
2,2016,silverstone,Silverstone,5.891,18,rosberg,German,mercedes,German
9,2016,silverstone,Silverstone,5.891,18,alonso,Spanish,mclaren,British
5,2016,silverstone,Silverstone,5.891,18,raikkonen,Finnish,ferrari,Italian
5,2016,red_bull_ring,Spielberg,4.318,10,ricciardo,Australian,red_bull,Austrian
11,2016,red_bull_ring,Spielberg,4.318,10,gutierrez,Mexican,haas,American
18,2016,baku,Baku,6.003,20,sainz,Spanish,toro_rosso,Italian
21,2016,baku,Baku,6.003,20,jolyon_palmer,British,renault,French
17,2016,baku,Baku,6.003,20,wehrlein,German,manor,British
18,2016,red_bull_ring,Spielberg,4.318,10,ericsson,Swedish,sauber,Swiss
8,2016,red_bull_ring,Spielberg,4.318,10,max_verstappen,Dutch,red_bull,Austrian
21,2016,red_bull_ring,Spielberg,4.318,10,nasr,Brazilian,sauber,Swiss
14,2016,red_bull_ring,Spielberg,4.318,10,alonso,Spanish,mclaren,British
4,2016,red_bull_ring,Spielberg,4.318,10,raikkonen,Finnish,ferrari,Italian
2,2016,baku,Baku,6.003,20,ricciardo,Australian,red_bull,Austrian
14,2016,baku,Baku,6.003,20,gutierrez,Mexican,haas,American
8,2016,baku,Baku,6.003,20,bottas,Finnish,williams,British
13,2016,red_bull_ring,Spielberg,4.318,10,grosjean,French,haas,American
2,2016,red_bull_ring,Spielberg,4.318,10,hulkenberg,German,force_india,Indian
16,2016,red_bull_ring,Spielberg,4.318,10,perez,Mexican,force_india,Indian
12,2016,hungaroring,Budapest,4.381,14,kvyat,Russian,toro_rosso,Italian
22,2016,hungaroring,Budapest,4.381,14,ericsson,Swedish,sauber,Swiss
2,2016,hungaroring,Budapest,4.381,14,hamilton,British,mercedes,German
1,2016,hungaroring,Budapest,4.381,14,rosberg,German,mercedes,German
7,2016,hungaroring,Budapest,4.381,14,alonso,Spanish,mclaren,British
17,2016,hungaroring,Budapest,4.381,14,jolyon_palmer,British,renault,French
20,2016,hungaroring,Budapest,4.381,14,wehrlein,German,manor,British
21,2016,hungaroring,Budapest,4.381,14,haryanto,Indonesian,manor,British
5,2016,hungaroring,Budapest,4.381,14,vettel,German,ferrari,Italian
11,2016,hungaroring,Budapest,4.381,14,grosjean,French,haas,American
8,2016,spa,Spa,7.004,20,bottas,Finnish,williams,British
12,2016,spa,Spa,7.004,20,kevin_magnussen,Danish,renault,French
19,2016,spa,Spa,7.004,20,kvyat,Russian,toro_rosso,Italian
15,2016,hungaroring,Budapest,4.381,14,gutierrez,Mexican,haas,American
10,2016,hungaroring,Budapest,4.381,14,bottas,Finnish,williams,British
19,2016,hungaroring,Budapest,4.381,14,kevin_magnussen,Danish,renault,French
20,2016,silverstone,Silverstone,5.891,18,wehrlein,German,manor,British
19,2016,silverstone,Silverstone,5.891,18,haryanto,Indonesian,manor,British
11,2016,silverstone,Silverstone,5.891,18,vettel,German,ferrari,Italian
13,2016,silverstone,Silverstone,5.891,18,grosjean,French,haas,American
8,2016,silverstone,Silverstone,5.891,18,hulkenberg,German,force_india,Indian
14,2016,hungaroring,Budapest,4.381,14,raikkonen,Finnish,ferrari,Italian
18,2016,hungaroring,Budapest,4.381,14,massa,Brazilian,williams,British
8,2016,hungaroring,Budapest,4.381,14,button,British,mclaren,British
6,2016,silverstone,Silverstone,5.891,18,bottas,Finnish,williams,British
16,2016,silverstone,Silverstone,5.891,18,kevin_magnussen,Danish,renault,French
12,2016,red_bull_ring,Spielberg,4.318,10,wehrlein,German,manor,British
20,2016,red_bull_ring,Spielberg,4.318,10,haryanto,Indonesian,manor,British
1,2016,silverstone,Silverstone,5.891,18,hamilton,British,mercedes,German
21,2016,silverstone,Silverstone,5.891,18,nasr,Brazilian,sauber,Swiss
7,2016,silverstone,Silverstone,5.891,18,sainz,Spanish,toro_rosso,Italian
18,2016,silverstone,Silverstone,5.891,18,jolyon_palmer,British,renault,French
22,2016,spa,Spa,7.004,20,alonso,Spanish,mclaren,British
3,2016,spa,Spa,7.004,20,raikkonen,Finnish,ferrari,Italian
3,2016,hockenheimring,Hockenheim,4.574,16,ricciardo,Australian,red_bull,Austrian
11,2016,hockenheimring,Hockenheim,4.574,16,gutierrez,Mexican,haas,American
7,2016,hockenheimring,Hockenheim,4.574,16,bottas,Finnish,williams,British
11,2016,spa,Spa,7.004,20,grosjean,French,haas,American
7,2016,spa,Spa,7.004,20,hulkenberg,German,force_india,Indian
6,2016,spa,Spa,7.004,20,perez,Mexican,force_india,Indian
4,2016,hockenheimring,Hockenheim,4.574,16,max_verstappen,Dutch,red_bull,Austrian
21,2016,hockenheimring,Hockenheim,4.574,16,nasr,Brazilian,sauber,Swiss
1,2016,marina_bay,Marina Bay,4.94,19,rosberg,German,mercedes,German
9,2016,marina_bay,Marina Bay,4.94,19,alonso,Spanish,mclaren,British
5,2016,marina_bay,Marina Bay,4.94,19,raikkonen,Finnish,ferrari,Italian
19,2016,hockenheimring,Hockenheim,4.574,16,haryanto,Indonesian,manor,British
21,2016,spa,Spa,7.004,20,hamilton,British,mercedes,German
1,2016,spa,Spa,7.004,20,rosberg,German,mercedes,German
8,2016,hockenheimring,Hockenheim,4.574,16,hulkenberg,German,force_india,Indian
9,2016,hockenheimring,Hockenheim,4.574,16,perez,Mexican,force_india,Indian
4,2016,hungaroring,Budapest,4.381,14,max_verstappen,Dutch,red_bull,Austrian
16,2016,hungaroring,Budapest,4.381,14,nasr,Brazilian,sauber,Swiss
6,2016,hungaroring,Budapest,4.381,14,sainz,Spanish,toro_rosso,Italian
16,2016,hockenheimring,Hockenheim,4.574,16,kevin_magnussen,Danish,renault,French
18,2016,hockenheimring,Hockenheim,4.574,16,kvyat,Russian,toro_rosso,Italian
22,2016,hockenheimring,Hockenheim,4.574,16,ericsson,Swedish,sauber,Swiss
2,2016,hockenheimring,Hockenheim,4.574,16,hamilton,British,mercedes,German
1,2016,hockenheimring,Hockenheim,4.574,16,rosberg,German,mercedes,German
9,2016,hungaroring,Budapest,4.381,14,hulkenberg,German,force_india,Indian
13,2016,hungaroring,Budapest,4.381,14,perez,Mexican,force_india,Indian
3,2016,hungaroring,Budapest,4.381,14,ricciardo,Australian,red_bull,Austrian
12,2016,hockenheimring,Hockenheim,4.574,16,button,British,mclaren,British
6,2016,hockenheimring,Hockenheim,4.574,16,vettel,German,ferrari,Italian
20,2016,hockenheimring,Hockenheim,4.574,16,grosjean,French,haas,American
21,2016,monza,Monza,5.793,11,kevin_magnussen,Danish,renault,French
16,2016,monza,Monza,5.793,11,kvyat,Russian,toro_rosso,Italian
17,2016,spa,Spa,7.004,20,ocon,French,manor,British
1,2016,monza,Monza,5.793,11,hamilton,British,mercedes,German
2,2016,monza,Monza,5.793,11,rosberg,German,mercedes,German
15,2016,monza,Monza,5.793,11,sainz,Spanish,toro_rosso,Italian
20,2016,monza,Monza,5.793,11,jolyon_palmer,British,renault,French
13,2016,monza,Monza,5.793,11,wehrlein,German,manor,British
14,2016,monza,Monza,5.793,11,button,British,mclaren,British
3,2016,monza,Monza,5.793,11,vettel,German,ferrari,Italian
15,2016,sepang,Kuala Lumpur,5.543,15,kvyat,Russian,toro_rosso,Italian
17,2016,sepang,Kuala Lumpur,5.543,15,ericsson,Swedish,sauber,Swiss
3,2016,sepang,Kuala Lumpur,5.543,15,max_verstappen,Dutch,red_bull,Austrian
6,2016,monza,Monza,5.793,11,ricciardo,Australian,red_bull,Austrian
10,2016,monza,Monza,5.793,11,gutierrez,Mexican,haas,American
5,2016,monza,Monza,5.793,11,bottas,Finnish,williams,British
14,2016,spa,Spa,7.004,20,sainz,Spanish,toro_rosso,Italian
13,2016,spa,Spa,7.004,20,jolyon_palmer,British,renault,French
10,2016,spa,Spa,7.004,20,massa,Brazilian,williams,British
9,2016,spa,Spa,7.004,20,button,British,mclaren,British
4,2016,spa,Spa,7.004,20,vettel,German,ferrari,Italian
12,2016,monza,Monza,5.793,11,alonso,Spanish,mclaren,British
4,2016,monza,Monza,5.793,11,raikkonen,Finnish,ferrari,Italian
11,2016,monza,Monza,5.793,11,massa,Brazilian,williams,British
5,2016,spa,Spa,7.004,20,ricciardo,Australian,red_bull,Austrian
18,2016,spa,Spa,7.004,20,gutierrez,Mexican,haas,American
15,2016,hockenheimring,Hockenheim,4.574,16,sainz,Spanish,toro_rosso,Italian
14,2016,hockenheimring,Hockenheim,4.574,16,jolyon_palmer,British,renault,French
17,2016,hockenheimring,Hockenheim,4.574,16,wehrlein,German,manor,British
20,2016,spa,Spa,7.004,20,ericsson,Swedish,sauber,Swiss
2,2016,spa,Spa,7.004,20,max_verstappen,Dutch,red_bull,Austrian
16,2016,spa,Spa,7.004,20,nasr,Brazilian,sauber,Swiss
6,2016,sepang,Kuala Lumpur,5.543,15,raikkonen,Finnish,ferrari,Italian
10,2016,sepang,Kuala Lumpur,5.543,15,massa,Brazilian,williams,British
13,2016,marina_bay,Marina Bay,4.94,19,gutierrez,Mexican,haas,American
10,2016,marina_bay,Marina Bay,4.94,19,bottas,Finnish,williams,British
15,2016,marina_bay,Marina Bay,4.94,19,kevin_magnussen,Danish,renault,French
7,2016,sepang,Kuala Lumpur,5.543,15,perez,Mexican,force_india,Indian
4,2016,sepang,Kuala Lumpur,5.543,15,ricciardo,Australian,red_bull,Austrian
13,2016,sepang,Kuala Lumpur,5.543,15,gutierrez,Mexican,haas,American
16,2016,marina_bay,Marina Bay,4.94,19,nasr,Brazilian,sauber,Swiss
6,2016,marina_bay,Marina Bay,4.94,19,sainz,Spanish,toro_rosso,Italian
12,2016,americas,Austin,5.513,20,alonso,Spanish,mclaren,British
5,2016,americas,Austin,5.513,20,raikkonen,Finnish,ferrari,Italian
9,2016,americas,Austin,5.513,20,massa,Brazilian,williams,British
1,2016,sepang,Kuala Lumpur,5.543,15,hamilton,British,mercedes,German
2,2016,sepang,Kuala Lumpur,5.543,15,rosberg,German,mercedes,German
22,2016,sepang,Kuala Lumpur,5.543,15,alonso,Spanish,mclaren,British
17,2016,marina_bay,Marina Bay,4.94,19,perez,Mexican,force_india,Indian
2,2016,marina_bay,Marina Bay,4.94,19,ricciardo,Australian,red_bull,Austrian
19,2016,monza,Monza,5.793,11,ericsson,Swedish,sauber,Swiss
7,2016,monza,Monza,5.793,11,max_verstappen,Dutch,red_bull,Austrian
18,2016,monza,Monza,5.793,11,nasr,Brazilian,sauber,Swiss
7,2016,marina_bay,Marina Bay,4.94,19,kvyat,Russian,toro_rosso,Italian
14,2016,marina_bay,Marina Bay,4.94,19,ericsson,Swedish,sauber,Swiss
4,2016,marina_bay,Marina Bay,4.94,19,max_verstappen,Dutch,red_bull,Austrian
22,2016,monza,Monza,5.793,11,ocon,French,manor,British
3,2016,marina_bay,Marina Bay,4.94,19,hamilton,British,mercedes,German
17,2016,monza,Monza,5.793,11,grosjean,French,haas,American
9,2016,monza,Monza,5.793,11,hulkenberg,German,force_india,Indian
8,2016,monza,Monza,5.793,11,perez,Mexican,force_india,Indian
11,2016,marina_bay,Marina Bay,4.94,19,massa,Brazilian,williams,British
12,2016,marina_bay,Marina Bay,4.94,19,button,British,mclaren,British
22,2016,marina_bay,Marina Bay,4.94,19,vettel,German,ferrari,Italian
13,2016,suzuka,Suzuka,5.807,18,kvyat,Russian,toro_rosso,Italian
18,2016,suzuka,Suzuka,5.807,18,ericsson,Swedish,sauber,Swiss
2,2016,suzuka,Suzuka,5.807,18,hamilton,British,mercedes,German
1,2016,suzuka,Suzuka,5.807,18,rosberg,German,mercedes,German
15,2016,suzuka,Suzuka,5.807,18,alonso,Spanish,mclaren,British
16,2016,suzuka,Suzuka,5.807,18,jolyon_palmer,British,renault,French
21,2016,suzuka,Suzuka,5.807,18,wehrlein,German,manor,British
20,2016,suzuka,Suzuka,5.807,18,ocon,French,manor,British
6,2016,suzuka,Suzuka,5.807,18,vettel,German,ferrari,Italian
7,2016,suzuka,Suzuka,5.807,18,grosjean,French,haas,American
8,2016,rodriguez,Mexico City,4.304,17,bottas,Finnish,williams,British
14,2016,rodriguez,Mexico City,4.304,17,kevin_magnussen,Danish,renault,French
18,2016,rodriguez,Mexico City,4.304,17,kvyat,Russian,toro_rosso,Italian
10,2016,suzuka,Suzuka,5.807,18,gutierrez,Mexican,haas,American
11,2016,suzuka,Suzuka,5.807,18,bottas,Finnish,williams,British
17,2016,suzuka,Suzuka,5.807,18,kevin_magnussen,Danish,renault,French
21,2016,sepang,Kuala Lumpur,5.543,15,wehrlein,German,manor,British
20,2016,sepang,Kuala Lumpur,5.543,15,ocon,French,manor,British
9,2016,sepang,Kuala Lumpur,5.543,15,button,British,mclaren,British
12,2016,sepang,Kuala Lumpur,5.543,15,grosjean,French,haas,American
8,2016,sepang,Kuala Lumpur,5.543,15,hulkenberg,German,force_india,Indian
8,2016,suzuka,Suzuka,5.807,18,raikkonen,Finnish,ferrari,Italian
12,2016,suzuka,Suzuka,5.807,18,massa,Brazilian,williams,British
22,2016,suzuka,Suzuka,5.807,18,button,British,mclaren,British
11,2016,sepang,Kuala Lumpur,5.543,15,bottas,Finnish,williams,British
14,2016,sepang,Kuala Lumpur,5.543,15,kevin_magnussen,Danish,renault,French
18,2016,marina_bay,Marina Bay,4.94,19,jolyon_palmer,British,renault,French
19,2016,marina_bay,Marina Bay,4.94,19,wehrlein,German,manor,British
21,2016,marina_bay,Marina Bay,4.94,19,ocon,French,manor,British
18,2016,sepang,Kuala Lumpur,5.543,15,nasr,Brazilian,sauber,Swiss
16,2016,sepang,Kuala Lumpur,5.543,15,sainz,Spanish,toro_rosso,Italian
19,2016,sepang,Kuala Lumpur,5.543,15,jolyon_palmer,British,renault,French
11,2016,rodriguez,Mexico City,4.304,17,alonso,Spanish,mclaren,British
6,2016,rodriguez,Mexico City,4.304,17,raikkonen,Finnish,ferrari,Italian
3,2016,americas,Austin,5.513,20,ricciardo,Australian,red_bull,Austrian
14,2016,americas,Austin,5.513,20,gutierrez,Mexican,haas,American
8,2016,americas,Austin,5.513,20,bottas,Finnish,williams,British
22,2016,rodriguez,Mexico City,4.304,17,grosjean,French,haas,American
5,2016,rodriguez,Mexico City,4.304,17,hulkenberg,German,force_india,Indian
12,2016,rodriguez,Mexico City,4.304,17,perez,Mexican,force_india,Indian
4,2016,americas,Austin,5.513,20,max_verstappen,Dutch,red_bull,Austrian
21,2016,americas,Austin,5.513,20,nasr,Brazilian,sauber,Swiss
9,2016,yas_marina,Abu Dhabi,5.281,16,alonso,Spanish,mclaren,British
4,2016,yas_marina,Abu Dhabi,5.281,16,raikkonen,Finnish,ferrari,Italian
10,2016,yas_marina,Abu Dhabi,5.281,16,massa,Brazilian,williams,British
22,2016,americas,Austin,5.513,20,ocon,French,manor,British
1,2016,rodriguez,Mexico City,4.304,17,hamilton,British,mercedes,German
2,2016,rodriguez,Mexico City,4.304,17,rosberg,German,mercedes,German
7,2016,americas,Austin,5.513,20,hulkenberg,German,force_india,Indian
11,2016,americas,Austin,5.513,20,perez,Mexican,force_india,Indian
3,2016,suzuka,Suzuka,5.807,18,max_verstappen,Dutch,red_bull,Austrian
19,2016,suzuka,Suzuka,5.807,18,nasr,Brazilian,sauber,Swiss
14,2016,suzuka,Suzuka,5.807,18,sainz,Spanish,toro_rosso,Italian
18,2016,americas,Austin,5.513,20,kevin_magnussen,Danish,renault,French
13,2016,americas,Austin,5.513,20,kvyat,Russian,toro_rosso,Italian
16,2016,americas,Austin,5.513,20,ericsson,Swedish,sauber,Swiss
1,2016,americas,Austin,5.513,20,hamilton,British,mercedes,German
2,2016,americas,Austin,5.513,20,rosberg,German,mercedes,German
9,2016,suzuka,Suzuka,5.807,18,hulkenberg,German,force_india,Indian
5,2016,suzuka,Suzuka,5.807,18,perez,Mexican,force_india,Indian
4,2016,suzuka,Suzuka,5.807,18,ricciardo,Australian,red_bull,Austrian
19,2016,americas,Austin,5.513,20,button,British,mclaren,British
6,2016,americas,Austin,5.513,20,vettel,German,ferrari,Italian
17,2016,americas,Austin,5.513,20,grosjean,French,haas,American
1,2016,interlagos,São Paulo,4.309,15,hamilton,British,mercedes,German
2,2016,interlagos,São Paulo,4.309,15,rosberg,German,mercedes,German
16,2016,interlagos,São Paulo,4.309,15,jolyon_palmer,British,renault,French
19,2016,interlagos,São Paulo,4.309,15,wehrlein,German,manor,British
22,2016,interlagos,São Paulo,4.309,15,ocon,French,manor,British
1,2016,yas_marina,Abu Dhabi,5.281,16,hamilton,British,mercedes,German
2,2016,yas_marina,Abu Dhabi,5.281,16,rosberg,German,mercedes,German
8,2016,interlagos,São Paulo,4.309,15,hulkenberg,German,force_india,Indian
17,2016,interlagos,São Paulo,4.309,15,button,British,mclaren,British
5,2016,interlagos,São Paulo,4.309,15,vettel,German,ferrari,Italian
12,2016,interlagos,São Paulo,4.309,15,gutierrez,Mexican,haas,American
11,2016,interlagos,São Paulo,4.309,15,bottas,Finnish,williams,British
18,2016,interlagos,São Paulo,4.309,15,kevin_magnussen,Danish,renault,French
14,2016,interlagos,São Paulo,4.309,15,kvyat,Russian,toro_rosso,Italian
20,2016,interlagos,São Paulo,4.309,15,ericsson,Swedish,sauber,Swiss
20,2016,rodriguez,Mexico City,4.304,17,ocon,French,manor,British
10,2016,rodriguez,Mexico City,4.304,17,sainz,Spanish,toro_rosso,Italian
21,2016,rodriguez,Mexico City,4.304,17,jolyon_palmer,British,renault,French
9,2016,rodriguez,Mexico City,4.304,17,massa,Brazilian,williams,British
13,2016,rodriguez,Mexico City,4.304,17,button,British,mclaren,British
7,2016,rodriguez,Mexico City,4.304,17,vettel,German,ferrari,Italian
10,2016,interlagos,São Paulo,4.309,15,alonso,Spanish,mclaren,British
3,2016,interlagos,São Paulo,4.309,15,raikkonen,Finnish,ferrari,Italian
13,2016,interlagos,São Paulo,4.309,15,massa,Brazilian,williams,British
4,2016,rodriguez,Mexico City,4.304,17,ricciardo,Australian,red_bull,Austrian
17,2016,rodriguez,Mexico City,4.304,17,gutierrez,Mexican,haas,American
10,2016,americas,Austin,5.513,20,sainz,Spanish,toro_rosso,Italian
15,2016,americas,Austin,5.513,20,jolyon_palmer,British,renault,French
20,2016,americas,Austin,5.513,20,wehrlein,German,manor,British
15,2016,rodriguez,Mexico City,4.304,17,ericsson,Swedish,sauber,Swiss
3,2016,rodriguez,Mexico City,4.304,17,max_verstappen,Dutch,red_bull,Austrian
19,2016,rodriguez,Mexico City,4.304,17,nasr,Brazilian,sauber,Swiss
3,2016,sochi,Sochi,5.848,15,raikkonen,Finnish,ferrari,Italian
4,2016,sochi,Sochi,5.848,15,massa,Brazilian,williams,British
18,2016,shanghai,Shanghai,5.451,16,gutierrez,Mexican,haas,American
5,2016,shanghai,Shanghai,5.451,16,bottas,Finnish,williams,British
17,2016,shanghai,Shanghai,5.451,16,kevin_magnussen,Danish,renault,French
5,2016,sochi,Sochi,5.848,15,ricciardo,Australian,red_bull,Austrian
16,2016,sochi,Sochi,5.848,15,gutierrez,Mexican,haas,American
2,2016,sochi,Sochi,5.848,15,bottas,Finnish,williams,British
16,2016,shanghai,Shanghai,5.451,16,nasr,Brazilian,sauber,Swiss
8,2016,shanghai,Shanghai,5.451,16,sainz,Spanish,toro_rosso,Italian
4,2016,monaco,Monte-Carlo,3.337,19,vettel,German,ferrari,Italian
15,2016,monaco,Monte-Carlo,3.337,19,grosjean,French,haas,American
5,2016,monaco,Monte-Carlo,3.337,19,hulkenberg,German,force_india,Indian
10,2016,sochi,Sochi,5.848,15,hamilton,British,mercedes,German
1,2016,sochi,Sochi,5.848,15,rosberg,German,mercedes,German
14,2016,sochi,Sochi,5.848,15,alonso,Spanish,mclaren,British
7,2016,shanghai,Shanghai,5.451,16,perez,Mexican,force_india,Indian
2,2016,shanghai,Shanghai,5.451,16,ricciardo,Australian,red_bull,Austrian
21,2016,bahrain,Sakhir,5.412,15,nasr,Brazilian,sauber,Swiss
11,2016,bahrain,Sakhir,5.412,15,sainz,Spanish,toro_rosso,Italian
16,2016,bahrain,Sakhir,5.412,15,wehrlein,German,manor,British
6,2016,shanghai,Shanghai,5.451,16,kvyat,Russian,red_bull,Austrian
15,2016,shanghai,Shanghai,5.451,16,ericsson,Swedish,sauber,Swiss
9,2016,shanghai,Shanghai,5.451,16,max_verstappen,Dutch,toro_rosso,Italian
1,2016,shanghai,Shanghai,5.451,16,rosberg,German,mercedes,German
11,2016,shanghai,Shanghai,5.451,16,alonso,Spanish,mclaren,British
18,2016,bahrain,Sakhir,5.412,15,perez,Mexican,force_india,Indian
5,2016,bahrain,Sakhir,5.412,15,ricciardo,Australian,red_bull,Austrian
13,2016,bahrain,Sakhir,5.412,15,gutierrez,Mexican,haas,American
4,2016,shanghai,Shanghai,5.451,16,vettel,German,ferrari,Italian
14,2016,shanghai,Shanghai,5.451,16,grosjean,French,haas,American
13,2016,shanghai,Shanghai,5.451,16,hulkenberg,German,force_india,Indian
11,2017,marina_bay,Marina Bay,4.94,19,jolyon_palmer,British,renault,French
18,2017,americas,Austin,5.513,20,hulkenberg,German,renault,French
9,2017,americas,Austin,5.513,20,perez,Mexican,force_india,Indian
1,2017,rodriguez,Mexico City,4.304,17,vettel,German,ferrari,Italian
15,2017,rodriguez,Mexico City,4.304,17,grosjean,French,haas,American
7,2017,rodriguez,Mexico City,4.304,17,hulkenberg,German,renault,French
9,2017,rodriguez,Mexico City,4.304,17,perez,Mexican,force_india,Indian
16,2017,rodriguez,Mexico City,4.304,17,ricciardo,Australian,red_bull,Austrian
4,2017,rodriguez,Mexico City,4.304,17,bottas,Finnish,mercedes,German
12,2017,marina_bay,Marina Bay,4.94,19,perez,Mexican,force_india,Indian
3,2017,marina_bay,Marina Bay,4.94,19,ricciardo,Australian,red_bull,Austrian
9,2017,sepang,Kuala Lumpur,5.543,15,perez,Mexican,force_india,Indian
4,2017,sepang,Kuala Lumpur,5.543,15,ricciardo,Australian,red_bull,Austrian
5,2017,sepang,Kuala Lumpur,5.543,15,bottas,Finnish,mercedes,German
17,2017,sepang,Kuala Lumpur,5.543,15,kevin_magnussen,Danish,haas,American
19,2017,sepang,Kuala Lumpur,5.543,15,ericsson,Swedish,sauber,Swiss
3,2017,sepang,Kuala Lumpur,5.543,15,max_verstappen,Dutch,red_bull,Austrian
19,2017,marina_bay,Marina Bay,4.94,19,wehrlein,German,sauber,Swiss
9,2017,marina_bay,Marina Bay,4.94,19,vandoorne,Belgian,mclaren,British
18,2017,sepang,Kuala Lumpur,5.543,15,wehrlein,German,sauber,Swiss
7,2017,sepang,Kuala Lumpur,5.543,15,vandoorne,Belgian,mclaren,British
6,2017,sepang,Kuala Lumpur,5.543,15,ocon,French,force_india,Indian
13,2017,sepang,Kuala Lumpur,5.543,15,stroll,Canadian,williams,British
15,2017,sepang,Kuala Lumpur,5.543,15,gasly,French,toro_rosso,Italian
1,2017,suzuka,Suzuka,5.807,18,hamilton,British,mercedes,German
14,2017,rodriguez,Mexico City,4.304,17,kevin_magnussen,Danish,haas,American
12,2017,rodriguez,Mexico City,4.304,17,ericsson,Swedish,sauber,Swiss
8,2017,suzuka,Suzuka,5.807,18,massa,Brazilian,williams,British
2,2017,suzuka,Suzuka,5.807,18,vettel,German,ferrari,Italian
13,2017,suzuka,Suzuka,5.807,18,grosjean,French,haas,American
11,2017,suzuka,Suzuka,5.807,18,hulkenberg,German,renault,French
7,2017,suzuka,Suzuka,5.807,18,perez,Mexican,force_india,Indian
4,2017,yas_marina,Abu Dhabi,5.281,16,ricciardo,Australian,red_bull,Austrian
1,2017,yas_marina,Abu Dhabi,5.281,16,bottas,Finnish,mercedes,German
14,2017,yas_marina,Abu Dhabi,5.281,16,kevin_magnussen,Danish,haas,American
19,2017,yas_marina,Abu Dhabi,5.281,16,ericsson,Swedish,sauber,Swiss
15,2017,interlagos,São Paulo,4.309,15,wehrlein,German,sauber,Swiss
17,2017,rodriguez,Mexico City,4.304,17,brendon_hartley,New Zealander,toro_rosso,Italian
18,2017,interlagos,São Paulo,4.309,15,brendon_hartley,New Zealander,toro_rosso,Italian
2,2017,yas_marina,Abu Dhabi,5.281,16,hamilton,British,mercedes,German
13,2017,yas_marina,Abu Dhabi,5.281,16,vandoorne,Belgian,mclaren,British
9,2017,yas_marina,Abu Dhabi,5.281,16,ocon,French,force_india,Indian
15,2017,yas_marina,Abu Dhabi,5.281,16,stroll,Canadian,williams,British
17,2017,yas_marina,Abu Dhabi,5.281,16,gasly,French,toro_rosso,Italian
20,2017,yas_marina,Abu Dhabi,5.281,16,brendon_hartley,New Zealander,toro_rosso,Italian
7,2017,interlagos,São Paulo,4.309,15,hulkenberg,German,renault,French
5,2017,interlagos,São Paulo,4.309,15,perez,Mexican,force_india,Indian
8,2017,yas_marina,Abu Dhabi,5.281,16,perez,Mexican,force_india,Indian
1,2017,albert_park,Melbourne,5.278,16,hamilton,British,mercedes,German
12,2017,albert_park,Melbourne,5.278,16,alonso,Spanish,mclaren,British
4,2017,albert_park,Melbourne,5.278,16,raikkonen,Finnish,ferrari,Italian
7,2017,albert_park,Melbourne,5.278,16,massa,Brazilian,williams,British
18,2017,yas_marina,Abu Dhabi,5.281,16,wehrlein,German,sauber,Swiss
6,2017,yas_marina,Abu Dhabi,5.281,16,max_verstappen,Dutch,red_bull,Austrian
16,2017,interlagos,São Paulo,4.309,15,stroll,Canadian,williams,British
19,2017,interlagos,São Paulo,4.309,15,gasly,French,toro_rosso,Italian
16,2017,americas,Austin,5.513,20,max_verstappen,Dutch,red_bull,Austrian
10,2017,albert_park,Melbourne,5.278,16,perez,Mexican,force_india,Indian
0,2017,albert_park,Melbourne,5.278,16,ricciardo,Australian,red_bull,Austrian
3,2017,albert_park,Melbourne,5.278,16,bottas,Finnish,mercedes,German
17,2017,albert_park,Melbourne,5.278,16,kevin_magnussen,Danish,haas,American
9,2017,albert_park,Melbourne,5.278,16,kvyat,Russian,toro_rosso,Italian
7,2017,bahrain,Sakhir,5.412,15,hulkenberg,German,renault,French
18,2017,bahrain,Sakhir,5.412,15,perez,Mexican,force_india,Indian
2,2017,albert_park,Melbourne,5.278,16,vettel,German,ferrari,Italian
16,2017,bahrain,Sakhir,5.412,15,sainz,Spanish,toro_rosso,Italian
10,2017,bahrain,Sakhir,5.412,15,jolyon_palmer,British,renault,French
17,2017,sochi,Sochi,5.848,15,wehrlein,German,sauber,Swiss
20,2017,sochi,Sochi,5.848,15,vandoorne,Belgian,mclaren,British
10,2017,sochi,Sochi,5.848,15,ocon,French,force_india,Indian
11,2017,sochi,Sochi,5.848,15,stroll,Canadian,williams,British
1,2017,catalunya,Montmeló,4.657,14,hamilton,British,mercedes,German
7,2017,shanghai,Shanghai,5.451,16,hulkenberg,German,renault,French
8,2017,shanghai,Shanghai,5.451,16,perez,Mexican,force_india,Indian
7,2017,catalunya,Montmeló,4.657,14,alonso,Spanish,mclaren,British
19,2017,albert_park,Melbourne,5.278,16,jolyon_palmer,British,renault,French
18,2017,albert_park,Melbourne,5.278,16,vandoorne,Belgian,mclaren,British
13,2017,albert_park,Melbourne,5.278,16,ocon,French,force_india,Indian
20,2017,albert_park,Melbourne,5.278,16,stroll,Canadian,williams,British
16,2017,albert_park,Melbourne,5.278,16,giovinazzi,Italian,sauber,Swiss
11,2017,shanghai,Shanghai,5.451,16,sainz,Spanish,toro_rosso,Italian
20,2017,shanghai,Shanghai,5.451,16,jolyon_palmer,British,renault,French
1,2017,shanghai,Shanghai,5.451,16,hamilton,British,mercedes,German
6,2017,albert_park,Melbourne,5.278,16,grosjean,French,haas,American
11,2017,albert_park,Melbourne,5.278,16,hulkenberg,German,renault,French
6,2017,shanghai,Shanghai,5.451,16,massa,Brazilian,williams,British
2,2017,shanghai,Shanghai,5.451,16,vettel,German,ferrari,Italian
19,2017,shanghai,Shanghai,5.451,16,grosjean,French,haas,American
8,2017,bahrain,Sakhir,5.412,15,massa,Brazilian,williams,British
3,2017,bahrain,Sakhir,5.412,15,vettel,German,ferrari,Italian
5,2017,shanghai,Shanghai,5.451,16,ricciardo,Australian,red_bull,Austrian
9,2017,catalunya,Montmeló,4.657,14,massa,Brazilian,williams,British
2,2017,catalunya,Montmeló,4.657,14,vettel,German,ferrari,Italian
9,2017,shanghai,Shanghai,5.451,16,kvyat,Russian,toro_rosso,Italian
14,2017,shanghai,Shanghai,5.451,16,ericsson,Swedish,sauber,Swiss
16,2017,shanghai,Shanghai,5.451,16,max_verstappen,Dutch,red_bull,Austrian
15,2017,shanghai,Shanghai,5.451,16,vandoorne,Belgian,mclaren,British
19,2017,catalunya,Montmeló,4.657,14,kvyat,Russian,toro_rosso,Italian
16,2017,catalunya,Montmeló,4.657,14,ericsson,Swedish,sauber,Swiss
3,2017,monaco,Monte-Carlo,3.337,19,bottas,Finnish,mercedes,German
11,2017,monaco,Monte-Carlo,3.337,19,kevin_magnussen,Danish,haas,American
9,2017,monaco,Monte-Carlo,3.337,19,kvyat,Russian,toro_rosso,Italian
19,2017,monaco,Monte-Carlo,3.337,19,ericsson,Swedish,sauber,Swiss
4,2017,monaco,Monte-Carlo,3.337,19,max_verstappen,Dutch,red_bull,Austrian
6,2017,monaco,Monte-Carlo,3.337,19,sainz,Spanish,toro_rosso,Italian
3,2017,shanghai,Shanghai,5.451,16,bottas,Finnish,mercedes,German
12,2017,shanghai,Shanghai,5.451,16,kevin_magnussen,Danish,haas,American
4,2017,bahrain,Sakhir,5.412,15,ricciardo,Australian,red_bull,Austrian
1,2017,bahrain,Sakhir,5.412,15,bottas,Finnish,mercedes,German
20,2017,bahrain,Sakhir,5.412,15,kevin_magnussen,Danish,haas,American
11,2017,bahrain,Sakhir,5.412,15,kvyat,Russian,toro_rosso,Italian
19,2017,bahrain,Sakhir,5.412,15,ericsson,Swedish,sauber,Swiss
6,2017,bahrain,Sakhir,5.412,15,max_verstappen,Dutch,red_bull,Austrian
17,2017,shanghai,Shanghai,5.451,16,ocon,French,force_india,Indian
18,2017,shanghai,Shanghai,5.451,16,giovinazzi,Italian,sauber,Swiss
13,2017,bahrain,Sakhir,5.412,15,wehrlein,German,sauber,Swiss
14,2017,bahrain,Sakhir,5.412,15,ocon,French,force_india,Indian
12,2017,bahrain,Sakhir,5.412,15,stroll,Canadian,williams,British
4,2017,sochi,Sochi,5.848,15,hamilton,British,mercedes,German
2,2017,sochi,Sochi,5.848,15,raikkonen,Finnish,ferrari,Italian
6,2017,sochi,Sochi,5.848,15,massa,Brazilian,williams,British
16,2017,monaco,Monte-Carlo,3.337,19,jolyon_palmer,British,renault,French
18,2017,monaco,Monte-Carlo,3.337,19,wehrlein,German,sauber,Swiss
9,2017,sochi,Sochi,5.848,15,perez,Mexican,force_india,Indian
5,2017,sochi,Sochi,5.848,15,ricciardo,Australian,red_bull,Austrian
3,2017,sochi,Sochi,5.848,15,bottas,Finnish,mercedes,German
13,2017,sochi,Sochi,5.848,15,kevin_magnussen,Danish,haas,American
12,2017,sochi,Sochi,5.848,15,kvyat,Russian,toro_rosso,Italian
18,2017,sochi,Sochi,5.848,15,ericsson,Swedish,sauber,Swiss
2,2017,villeneuve,Montreal,4.361,14,vettel,German,ferrari,Italian
14,2017,villeneuve,Montreal,4.361,14,grosjean,French,haas,American
9,2017,baku,Baku,6.003,20,massa,Brazilian,williams,British
4,2017,baku,Baku,6.003,20,vettel,German,ferrari,Italian
16,2017,baku,Baku,6.003,20,grosjean,French,haas,American
13,2017,baku,Baku,6.003,20,hulkenberg,German,renault,French
6,2017,baku,Baku,6.003,20,perez,Mexican,force_india,Indian
10,2017,baku,Baku,6.003,20,ricciardo,Australian,red_bull,Austrian
1,2017,sochi,Sochi,5.848,15,vettel,German,ferrari,Italian
8,2017,sochi,Sochi,5.848,15,hulkenberg,German,renault,French
14,2017,catalunya,Montmeló,4.657,14,grosjean,French,haas,American
13,2017,catalunya,Montmeló,4.657,14,hulkenberg,German,renault,French
8,2017,catalunya,Montmeló,4.657,14,perez,Mexican,force_india,Indian
6,2017,catalunya,Montmeló,4.657,14,ricciardo,Australian,red_bull,Austrian
3,2017,catalunya,Montmeló,4.657,14,bottas,Finnish,mercedes,German
11,2017,catalunya,Montmeló,4.657,14,kevin_magnussen,Danish,haas,American
7,2017,sochi,Sochi,5.848,15,max_verstappen,Dutch,red_bull,Austrian
14,2017,sochi,Sochi,5.848,15,sainz,Spanish,toro_rosso,Italian
5,2017,catalunya,Montmeló,4.657,14,max_verstappen,Dutch,red_bull,Austrian
12,2017,catalunya,Montmeló,4.657,14,sainz,Spanish,toro_rosso,Italian
17,2017,catalunya,Montmeló,4.657,14,jolyon_palmer,British,renault,French
15,2017,catalunya,Montmeló,4.657,14,wehrlein,German,sauber,Swiss
20,2017,catalunya,Montmeló,4.657,14,vandoorne,Belgian,mclaren,British
10,2017,catalunya,Montmeló,4.657,14,ocon,French,force_india,Indian
2,2017,baku,Baku,6.003,20,bottas,Finnish,mercedes,German
12,2017,baku,Baku,6.003,20,kevin_magnussen,Danish,haas,American
1,2017,monaco,Monte-Carlo,3.337,19,raikkonen,Finnish,ferrari,Italian
14,2017,monaco,Monte-Carlo,3.337,19,massa,Brazilian,williams,British
20,2017,monaco,Monte-Carlo,3.337,19,button,British,mclaren,British
2,2017,monaco,Monte-Carlo,3.337,19,vettel,German,ferrari,Italian
8,2017,monaco,Monte-Carlo,3.337,19,grosjean,French,haas,American
10,2017,monaco,Monte-Carlo,3.337,19,hulkenberg,German,renault,French
18,2017,baku,Baku,6.003,20,vandoorne,Belgian,mclaren,British
7,2017,baku,Baku,6.003,20,ocon,French,force_india,Indian
20,2017,red_bull_ring,Spielberg,4.318,10,wehrlein,German,sauber,Swiss
13,2017,red_bull_ring,Spielberg,4.318,10,vandoorne,Belgian,mclaren,British
9,2017,red_bull_ring,Spielberg,4.318,10,ocon,French,force_india,Indian
18,2017,red_bull_ring,Spielberg,4.318,10,stroll,Canadian,williams,British
1,2017,silverstone,Silverstone,5.891,18,hamilton,British,mercedes,German
20,2017,silverstone,Silverstone,5.891,18,alonso,Spanish,mclaren,British
18,2017,catalunya,Montmeló,4.657,14,stroll,Canadian,williams,British
13,2017,monaco,Monte-Carlo,3.337,19,hamilton,British,mercedes,German
12,2017,monaco,Monte-Carlo,3.337,19,vandoorne,Belgian,mclaren,British
15,2017,monaco,Monte-Carlo,3.337,19,ocon,French,force_india,Indian
17,2017,monaco,Monte-Carlo,3.337,19,stroll,Canadian,williams,British
1,2017,villeneuve,Montreal,4.361,14,hamilton,British,mercedes,German
12,2017,villeneuve,Montreal,4.361,14,alonso,Spanish,mclaren,British
4,2017,villeneuve,Montreal,4.361,14,raikkonen,Finnish,ferrari,Italian
7,2017,monaco,Monte-Carlo,3.337,19,perez,Mexican,force_india,Indian
5,2017,monaco,Monte-Carlo,3.337,19,ricciardo,Australian,red_bull,Austrian
10,2017,villeneuve,Montreal,4.361,14,hulkenberg,German,renault,French
8,2017,villeneuve,Montreal,4.361,14,perez,Mexican,force_india,Indian
6,2017,villeneuve,Montreal,4.361,14,ricciardo,Australian,red_bull,Austrian
3,2017,villeneuve,Montreal,4.361,14,bottas,Finnish,mercedes,German
18,2017,villeneuve,Montreal,4.361,14,kevin_magnussen,Danish,haas,American
11,2017,villeneuve,Montreal,4.361,14,kvyat,Russian,toro_rosso,Italian
2,2017,silverstone,Silverstone,5.891,18,raikkonen,Finnish,ferrari,Italian
14,2017,silverstone,Silverstone,5.891,18,massa,Brazilian,williams,British
15,2017,villeneuve,Montreal,4.361,14,jolyon_palmer,British,renault,French
20,2017,villeneuve,Montreal,4.361,14,wehrlein,German,sauber,Swiss
16,2017,villeneuve,Montreal,4.361,14,vandoorne,Belgian,mclaren,British
9,2017,villeneuve,Montreal,4.361,14,ocon,French,force_india,Indian
17,2017,villeneuve,Montreal,4.361,14,stroll,Canadian,williams,British
1,2017,baku,Baku,6.003,20,hamilton,British,mercedes,German
16,2017,silverstone,Silverstone,5.891,18,kevin_magnussen,Danish,haas,American
12,2017,silverstone,Silverstone,5.891,18,kvyat,Russian,toro_rosso,Italian
16,2017,hungaroring,Budapest,4.381,14,kvyat,Russian,toro_rosso,Italian
20,2017,hungaroring,Budapest,4.381,14,ericsson,Swedish,sauber,Swiss
5,2017,hungaroring,Budapest,4.381,14,max_verstappen,Dutch,red_bull,Austrian
9,2017,hungaroring,Budapest,4.381,14,sainz,Spanish,toro_rosso,Italian
10,2017,hungaroring,Budapest,4.381,14,jolyon_palmer,British,renault,French
18,2017,hungaroring,Budapest,4.381,14,wehrlein,German,sauber,Swiss
19,2017,villeneuve,Montreal,4.361,14,ericsson,Swedish,sauber,Swiss
5,2017,villeneuve,Montreal,4.361,14,max_verstappen,Dutch,red_bull,Austrian
11,2017,baku,Baku,6.003,20,kvyat,Russian,toro_rosso,Italian
17,2017,baku,Baku,6.003,20,ericsson,Swedish,sauber,Swiss
5,2017,baku,Baku,6.003,20,max_verstappen,Dutch,red_bull,Austrian
15,2017,baku,Baku,6.003,20,sainz,Spanish,toro_rosso,Italian
20,2017,baku,Baku,6.003,20,jolyon_palmer,British,renault,French
14,2017,baku,Baku,6.003,20,wehrlein,German,sauber,Swiss
19,2017,baku,Baku,6.003,20,alonso,Spanish,mclaren,British
3,2017,baku,Baku,6.003,20,raikkonen,Finnish,ferrari,Italian
8,2017,baku,Baku,6.003,20,stroll,Canadian,williams,British
8,2017,red_bull_ring,Spielberg,4.318,10,hamilton,British,mercedes,German
12,2017,red_bull_ring,Spielberg,4.318,10,alonso,Spanish,mclaren,British
3,2017,red_bull_ring,Spielberg,4.318,10,raikkonen,Finnish,ferrari,Italian
17,2017,red_bull_ring,Spielberg,4.318,10,massa,Brazilian,williams,British
2,2017,red_bull_ring,Spielberg,4.318,10,vettel,German,ferrari,Italian
8,2017,hungaroring,Budapest,4.381,14,vandoorne,Belgian,mclaren,British
11,2017,hungaroring,Budapest,4.381,14,ocon,French,force_india,Indian
7,2017,red_bull_ring,Spielberg,4.318,10,perez,Mexican,force_india,Indian
4,2017,red_bull_ring,Spielberg,4.318,10,ricciardo,Australian,red_bull,Austrian
1,2017,red_bull_ring,Spielberg,4.318,10,bottas,Finnish,mercedes,German
15,2017,red_bull_ring,Spielberg,4.318,10,kevin_magnussen,Danish,haas,American
14,2017,red_bull_ring,Spielberg,4.318,10,kvyat,Russian,toro_rosso,Italian
19,2017,red_bull_ring,Spielberg,4.318,10,ericsson,Swedish,sauber,Swiss
11,2017,spa,Spa,7.004,20,grosjean,French,haas,American
7,2017,spa,Spa,7.004,20,hulkenberg,German,renault,French
7,2017,monza,Monza,5.793,11,massa,Brazilian,williams,British
6,2017,monza,Monza,5.793,11,vettel,German,ferrari,Italian
20,2017,monza,Monza,5.793,11,grosjean,French,haas,American
14,2017,monza,Monza,5.793,11,hulkenberg,German,renault,French
10,2017,monza,Monza,5.793,11,perez,Mexican,force_india,Indian
16,2017,monza,Monza,5.793,11,ricciardo,Australian,red_bull,Austrian
6,2017,red_bull_ring,Spielberg,4.318,10,grosjean,French,haas,American
11,2017,red_bull_ring,Spielberg,4.318,10,hulkenberg,German,renault,French
3,2017,silverstone,Silverstone,5.891,18,vettel,German,ferrari,Italian
10,2017,silverstone,Silverstone,5.891,18,grosjean,French,haas,American
5,2017,silverstone,Silverstone,5.891,18,hulkenberg,German,renault,French
6,2017,silverstone,Silverstone,5.891,18,perez,Mexican,force_india,Indian
19,2017,silverstone,Silverstone,5.891,18,ricciardo,Australian,red_bull,Austrian
9,2017,silverstone,Silverstone,5.891,18,bottas,Finnish,mercedes,German
10,2017,red_bull_ring,Spielberg,4.318,10,sainz,Spanish,toro_rosso,Italian
16,2017,red_bull_ring,Spielberg,4.318,10,jolyon_palmer,British,renault,French
18,2017,silverstone,Silverstone,5.891,18,ericsson,Swedish,sauber,Swiss
4,2017,silverstone,Silverstone,5.891,18,max_verstappen,Dutch,red_bull,Austrian
17,2017,silverstone,Silverstone,5.891,18,wehrlein,German,sauber,Swiss
8,2017,silverstone,Silverstone,5.891,18,vandoorne,Belgian,mclaren,British
7,2017,silverstone,Silverstone,5.891,18,ocon,French,force_india,Indian
15,2017,silverstone,Silverstone,5.891,18,stroll,Canadian,williams,British
4,2017,monza,Monza,5.793,11,bottas,Finnish,mercedes,German
9,2017,monza,Monza,5.793,11,kevin_magnussen,Danish,haas,American
2,2017,hungaroring,Budapest,4.381,14,raikkonen,Finnish,ferrari,Italian
1,2017,hungaroring,Budapest,4.381,14,vettel,German,ferrari,Italian
14,2017,hungaroring,Budapest,4.381,14,grosjean,French,haas,American
12,2017,hungaroring,Budapest,4.381,14,hulkenberg,German,renault,French
19,2017,hungaroring,Budapest,4.381,14,resta,British,williams,British
13,2017,hungaroring,Budapest,4.381,14,perez,Mexican,force_india,Indian
18,2017,monza,Monza,5.793,11,vandoorne,Belgian,mclaren,British
3,2017,monza,Monza,5.793,11,ocon,French,force_india,Indian
14,2017,marina_bay,Marina Bay,4.94,19,ocon,French,force_india,Indian
18,2017,marina_bay,Marina Bay,4.94,19,stroll,Canadian,williams,British
1,2017,sepang,Kuala Lumpur,5.543,15,hamilton,British,mercedes,German
10,2017,sepang,Kuala Lumpur,5.543,15,alonso,Spanish,mclaren,British
11,2017,sepang,Kuala Lumpur,5.543,15,massa,Brazilian,williams,British
20,2017,sepang,Kuala Lumpur,5.543,15,vettel,German,ferrari,Italian
4,2017,hungaroring,Budapest,4.381,14,hamilton,British,mercedes,German
7,2017,hungaroring,Budapest,4.381,14,alonso,Spanish,mclaren,British
17,2017,hungaroring,Budapest,4.381,14,stroll,Canadian,williams,British
1,2017,spa,Spa,7.004,20,hamilton,British,mercedes,German
10,2017,spa,Spa,7.004,20,alonso,Spanish,mclaren,British
4,2017,spa,Spa,7.004,20,raikkonen,Finnish,ferrari,Italian
16,2017,spa,Spa,7.004,20,massa,Brazilian,williams,British
2,2017,spa,Spa,7.004,20,vettel,German,ferrari,Italian
3,2017,hungaroring,Budapest,4.381,14,bottas,Finnish,mercedes,German
15,2017,hungaroring,Budapest,4.381,14,kevin_magnussen,Danish,haas,American
8,2017,spa,Spa,7.004,20,perez,Mexican,force_india,Indian
6,2017,spa,Spa,7.004,20,ricciardo,Australian,red_bull,Austrian
3,2017,spa,Spa,7.004,20,bottas,Finnish,mercedes,German
12,2017,spa,Spa,7.004,20,kevin_magnussen,Danish,haas,American
19,2017,spa,Spa,7.004,20,kvyat,Russian,toro_rosso,Italian
17,2017,spa,Spa,7.004,20,ericsson,Swedish,sauber,Swiss
16,2017,sepang,Kuala Lumpur,5.543,15,grosjean,French,haas,American
8,2017,sepang,Kuala Lumpur,5.543,15,hulkenberg,German,renault,French
14,2017,spa,Spa,7.004,20,jolyon_palmer,British,renault,French
18,2017,spa,Spa,7.004,20,wehrlein,German,sauber,Swiss
20,2017,spa,Spa,7.004,20,vandoorne,Belgian,mclaren,British
9,2017,spa,Spa,7.004,20,ocon,French,force_india,Indian
15,2017,spa,Spa,7.004,20,stroll,Canadian,williams,British
1,2017,monza,Monza,5.793,11,hamilton,British,mercedes,German
14,2017,sepang,Kuala Lumpur,5.543,15,sainz,Spanish,toro_rosso,Italian
12,2017,sepang,Kuala Lumpur,5.543,15,jolyon_palmer,British,renault,French
16,2017,suzuka,Suzuka,5.807,18,ericsson,Swedish,sauber,Swiss
4,2017,suzuka,Suzuka,5.807,18,max_verstappen,Dutch,red_bull,Austrian
18,2017,suzuka,Suzuka,5.807,18,jolyon_palmer,British,renault,French
17,2017,suzuka,Suzuka,5.807,18,wehrlein,German,sauber,Swiss
9,2017,suzuka,Suzuka,5.807,18,vandoorne,Belgian,mclaren,British
5,2017,suzuka,Suzuka,5.807,18,ocon,French,force_india,Indian
5,2017,spa,Spa,7.004,20,max_verstappen,Dutch,red_bull,Austrian
13,2017,spa,Spa,7.004,20,sainz,Spanish,toro_rosso,Italian
8,2017,monza,Monza,5.793,11,kvyat,Russian,toro_rosso,Italian
11,2017,monza,Monza,5.793,11,ericsson,Swedish,sauber,Swiss
13,2017,monza,Monza,5.793,11,max_verstappen,Dutch,red_bull,Austrian
15,2017,monza,Monza,5.793,11,sainz,Spanish,toro_rosso,Italian
17,2017,monza,Monza,5.793,11,jolyon_palmer,British,renault,French
12,2017,monza,Monza,5.793,11,wehrlein,German,sauber,Swiss
19,2017,monza,Monza,5.793,11,alonso,Spanish,mclaren,British
5,2017,monza,Monza,5.793,11,raikkonen,Finnish,ferrari,Italian
2,2017,monza,Monza,5.793,11,stroll,Canadian,williams,British
5,2017,marina_bay,Marina Bay,4.94,19,hamilton,British,mercedes,German
8,2017,marina_bay,Marina Bay,4.94,19,alonso,Spanish,mclaren,British
17,2017,marina_bay,Marina Bay,4.94,19,massa,Brazilian,williams,British
15,2017,marina_bay,Marina Bay,4.94,19,grosjean,French,haas,American
7,2017,marina_bay,Marina Bay,4.94,19,hulkenberg,German,renault,French
15,2017,suzuka,Suzuka,5.807,18,stroll,Canadian,williams,British
14,2017,suzuka,Suzuka,5.807,18,gasly,French,toro_rosso,Italian
6,2017,marina_bay,Marina Bay,4.94,19,bottas,Finnish,mercedes,German
16,2017,marina_bay,Marina Bay,4.94,19,kevin_magnussen,Danish,haas,American
13,2017,marina_bay,Marina Bay,4.94,19,kvyat,Russian,toro_rosso,Italian
20,2017,marina_bay,Marina Bay,4.94,19,ericsson,Swedish,sauber,Swiss
10,2017,marina_bay,Marina Bay,4.94,19,sainz,Spanish,toro_rosso,Italian
18,2017,rodriguez,Mexico City,4.304,17,alonso,Spanish,mclaren,British
12,2017,yas_marina,Abu Dhabi,5.281,16,sainz,Spanish,renault,French
9,2017,bahrain,Sakhir,5.412,15,grosjean,French,haas,American
13,2017,shanghai,Shanghai,5.451,16,alonso,Spanish,mclaren,British
4,2017,shanghai,Shanghai,5.451,16,raikkonen,Finnish,ferrari,Italian
2,2017,bahrain,Sakhir,5.412,15,hamilton,British,mercedes,German
15,2017,bahrain,Sakhir,5.412,15,alonso,Spanish,mclaren,British
5,2017,bahrain,Sakhir,5.412,15,raikkonen,Finnish,ferrari,Italian
2,2017,interlagos,São Paulo,4.309,15,vettel,German,ferrari,Italian
7,2017,americas,Austin,5.513,20,sainz,Spanish,renault,French
14,2017,americas,Austin,5.513,20,wehrlein,German,sauber,Swiss
2,2017,rodriguez,Mexico City,4.304,17,max_verstappen,Dutch,red_bull,Austrian
8,2017,rodriguez,Mexico City,4.304,17,sainz,Spanish,renault,French
13,2017,rodriguez,Mexico City,4.304,17,wehrlein,German,sauber,Swiss
19,2017,rodriguez,Mexico City,4.304,17,vandoorne,Belgian,mclaren,British
6,2017,rodriguez,Mexico City,4.304,17,ocon,French,force_india,Indian
8,2017,interlagos,São Paulo,4.309,15,sainz,Spanish,renault,French
11,2017,rodriguez,Mexico City,4.304,17,stroll,Canadian,williams,British
5,2017,rodriguez,Mexico City,4.304,17,raikkonen,Finnish,ferrari,Italian
10,2017,rodriguez,Mexico City,4.304,17,massa,Brazilian,williams,British
20,2017,interlagos,São Paulo,4.309,15,hamilton,British,mercedes,German
6,2017,interlagos,São Paulo,4.309,15,alonso,Spanish,mclaren,British
3,2017,interlagos,São Paulo,4.309,15,raikkonen,Finnish,ferrari,Italian
9,2017,interlagos,São Paulo,4.309,15,massa,Brazilian,williams,British
11,2017,yas_marina,Abu Dhabi,5.281,16,alonso,Spanish,mclaren,British
5,2017,yas_marina,Abu Dhabi,5.281,16,raikkonen,Finnish,ferrari,Italian
10,2017,yas_marina,Abu Dhabi,5.281,16,massa,Brazilian,williams,British
11,2017,interlagos,São Paulo,4.309,15,grosjean,French,haas,American
14,2017,interlagos,São Paulo,4.309,15,ricciardo,Australian,red_bull,Austrian
1,2017,interlagos,São Paulo,4.309,15,bottas,Finnish,mercedes,German
17,2017,interlagos,São Paulo,4.309,15,ericsson,Swedish,sauber,Swiss
4,2017,interlagos,São Paulo,4.309,15,max_verstappen,Dutch,red_bull,Austrian
16,2017,yas_marina,Abu Dhabi,5.281,16,grosjean,French,haas,American
7,2017,yas_marina,Abu Dhabi,5.281,16,hulkenberg,German,renault,French
20,2017,americas,Austin,5.513,20,vandoorne,Belgian,mclaren,British
6,2017,americas,Austin,5.513,20,ocon,French,force_india,Indian
15,2017,americas,Austin,5.513,20,stroll,Canadian,williams,British
19,2017,americas,Austin,5.513,20,brendon_hartley,New Zealander,toro_rosso,Italian
3,2017,rodriguez,Mexico City,4.304,17,hamilton,British,mercedes,German
12,2017,americas,Austin,5.513,20,grosjean,French,haas,American
6,2017,suzuka,Suzuka,5.807,18,bottas,Finnish,mercedes,German
12,2017,suzuka,Suzuka,5.807,18,kevin_magnussen,Danish,haas,American
4,2017,americas,Austin,5.513,20,ricciardo,Australian,red_bull,Austrian
3,2017,americas,Austin,5.513,20,bottas,Finnish,mercedes,German
17,2017,americas,Austin,5.513,20,kevin_magnussen,Danish,haas,American
11,2017,americas,Austin,5.513,20,kvyat,Russian,toro_rosso,Italian
13,2017,americas,Austin,5.513,20,ericsson,Swedish,sauber,Swiss
3,2017,yas_marina,Abu Dhabi,5.281,16,vettel,German,ferrari,Italian
20,2017,suzuka,Suzuka,5.807,18,alonso,Spanish,mclaren,British
10,2017,suzuka,Suzuka,5.807,18,raikkonen,Finnish,ferrari,Italian
1,2017,americas,Austin,5.513,20,hamilton,British,mercedes,German
8,2017,americas,Austin,5.513,20,alonso,Spanish,mclaren,British
5,2017,americas,Austin,5.513,20,raikkonen,Finnish,ferrari,Italian
10,2017,americas,Austin,5.513,20,massa,Brazilian,williams,British
2,2017,americas,Austin,5.513,20,vettel,German,ferrari,Italian
3,2017,suzuka,Suzuka,5.807,18,ricciardo,Australian,red_bull,Austrian
20,2017,rodriguez,Mexico City,4.304,17,gasly,French,toro_rosso,Italian
8,2017,albert_park,Melbourne,5.278,16,sainz,Spanish,toro_rosso,Italian
5,2017,albert_park,Melbourne,5.278,16,max_verstappen,Dutch,red_bull,Austrian
14,2017,albert_park,Melbourne,5.278,16,ericsson,Swedish,sauber,Swiss
12,2018,sochi,Sochi,5.848,15,hulkenberg,German,renault,French
4,2018,suzuka,Suzuka,5.807,18,raikkonen,Finnish,ferrari,Italian
8,2018,suzuka,Suzuka,5.807,18,vettel,German,ferrari,Italian
5,2018,suzuka,Suzuka,5.807,18,grosjean,French,haas,American
16,2018,suzuka,Suzuka,5.807,18,hulkenberg,German,renault,French
9,2018,suzuka,Suzuka,5.807,18,perez,Mexican,force_india,Indian
19,2018,sochi,Sochi,5.848,15,max_verstappen,Dutch,red_bull,Austrian
15,2018,sochi,Sochi,5.848,15,vandoorne,Belgian,mclaren,British
20,2018,suzuka,Suzuka,5.807,18,ericsson,Swedish,sauber,Swiss
3,2018,suzuka,Suzuka,5.807,18,max_verstappen,Dutch,red_bull,Austrian
13,2018,suzuka,Suzuka,5.807,18,sainz,Spanish,renault,French
19,2018,suzuka,Suzuka,5.807,18,vandoorne,Belgian,mclaren,British
11,2018,suzuka,Suzuka,5.807,18,ocon,French,force_india,Indian
2,2018,interlagos,São Paulo,4.309,15,vettel,German,ferrari,Italian
9,2018,sochi,Sochi,5.848,15,grosjean,French,haas,American
13,2018,interlagos,São Paulo,4.309,15,hulkenberg,German,renault,French
10,2018,suzuka,Suzuka,5.807,18,leclerc,Monegasque,sauber,Swiss
17,2018,suzuka,Suzuka,5.807,18,sirotkin,Russian,williams,British
1,2018,americas,Austin,5.513,20,hamilton,British,mercedes,German
13,2018,americas,Austin,5.513,20,alonso,Spanish,mclaren,British
2,2018,americas,Austin,5.513,20,raikkonen,Finnish,ferrari,Italian
15,2018,suzuka,Suzuka,5.807,18,ricciardo,Australian,red_bull,Austrian
11,2018,sochi,Sochi,5.848,15,sainz,Spanish,renault,French
12,2018,suzuka,Suzuka,5.807,18,kevin_magnussen,Danish,haas,American
10,2018,americas,Austin,5.513,20,perez,Mexican,force_india,Indian
4,2018,americas,Austin,5.513,20,ricciardo,Australian,red_bull,Austrian
3,2018,americas,Austin,5.513,20,bottas,Finnish,mercedes,German
12,2018,americas,Austin,5.513,20,kevin_magnussen,Danish,haas,American
16,2018,americas,Austin,5.513,20,ericsson,Swedish,sauber,Swiss
14,2018,suzuka,Suzuka,5.807,18,stroll,Canadian,williams,British
8,2018,interlagos,São Paulo,4.309,15,grosjean,French,haas,American
6,2018,suzuka,Suzuka,5.807,18,brendon_hartley,New Zealander,toro_rosso,Italian
6,2018,americas,Austin,5.513,20,ocon,French,force_india,Indian
15,2018,americas,Austin,5.513,20,stroll,Canadian,williams,British
19,2018,americas,Austin,5.513,20,gasly,French,toro_rosso,Italian
20,2018,americas,Austin,5.513,20,brendon_hartley,New Zealander,toro_rosso,Italian
9,2018,americas,Austin,5.513,20,leclerc,Monegasque,sauber,Swiss
5,2018,americas,Austin,5.513,20,vettel,German,ferrari,Italian
13,2018,yas_marina,Abu Dhabi,5.281,16,kevin_magnussen,Danish,haas,American
7,2018,americas,Austin,5.513,20,hulkenberg,German,renault,French
6,2018,rodriguez,Mexico City,4.304,17,raikkonen,Finnish,ferrari,Italian
4,2018,rodriguez,Mexico City,4.304,17,vettel,German,ferrari,Italian
18,2018,rodriguez,Mexico City,4.304,17,grosjean,French,haas,American
7,2018,rodriguez,Mexico City,4.304,17,hulkenberg,German,renault,French
13,2018,rodriguez,Mexico City,4.304,17,perez,Mexican,force_india,Indian
17,2018,yas_marina,Abu Dhabi,5.281,16,gasly,French,toro_rosso,Italian
7,2018,suzuka,Suzuka,5.807,18,gasly,French,toro_rosso,Italian
8,2018,yas_marina,Abu Dhabi,5.281,16,leclerc,Monegasque,sauber,Swiss
10,2018,rodriguez,Mexico City,4.304,17,ericsson,Swedish,sauber,Swiss
2,2018,rodriguez,Mexico City,4.304,17,max_verstappen,Dutch,red_bull,Austrian
8,2018,rodriguez,Mexico City,4.304,17,sainz,Spanish,renault,French
15,2018,rodriguez,Mexico City,4.304,17,vandoorne,Belgian,mclaren,British
11,2018,rodriguez,Mexico City,4.304,17,ocon,French,force_india,Indian
14,2018,americas,Austin,5.513,20,sirotkin,Russian,williams,British
8,2018,americas,Austin,5.513,20,grosjean,French,haas,American
9,2018,rodriguez,Mexico City,4.304,17,leclerc,Monegasque,sauber,Swiss
19,2018,rodriguez,Mexico City,4.304,17,sirotkin,Russian,williams,British
1,2018,interlagos,São Paulo,4.309,15,hamilton,British,mercedes,German
17,2018,interlagos,São Paulo,4.309,15,alonso,Spanish,mclaren,British
4,2018,interlagos,São Paulo,4.309,15,raikkonen,Finnish,ferrari,Italian
1,2018,rodriguez,Mexico City,4.304,17,ricciardo,Australian,red_bull,Austrian
16,2018,yas_marina,Abu Dhabi,5.281,16,brendon_hartley,New Zealander,toro_rosso,Italian
20,2018,albert_park,Melbourne,5.278,16,gasly,French,toro_rosso,Italian
18,2018,albert_park,Melbourne,5.278,16,leclerc,Monegasque,sauber,Swiss
16,2018,albert_park,Melbourne,5.278,16,brendon_hartley,New Zealander,toro_rosso,Italian
7,2018,bahrain,Sakhir,5.412,15,hulkenberg,German,renault,French
3,2018,shanghai,Shanghai,5.451,16,bottas,Finnish,mercedes,German
20,2018,shanghai,Shanghai,5.451,16,ericsson,Swedish,sauber,Swiss
3,2018,albert_park,Melbourne,5.278,16,vettel,German,ferrari,Italian
6,2018,albert_park,Melbourne,5.278,16,grosjean,French,haas,American
7,2018,albert_park,Melbourne,5.278,16,hulkenberg,German,renault,French
12,2018,albert_park,Melbourne,5.278,16,perez,Mexican,force_india,Indian
8,2018,albert_park,Melbourne,5.278,16,ricciardo,Australian,red_bull,Austrian
4,2018,albert_park,Melbourne,5.278,16,max_verstappen,Dutch,red_bull,Austrian
9,2018,albert_park,Melbourne,5.278,16,sainz,Spanish,renault,French
11,2018,albert_park,Melbourne,5.278,16,vandoorne,Belgian,mclaren,British
14,2018,albert_park,Melbourne,5.278,16,ocon,French,force_india,Indian
13,2018,albert_park,Melbourne,5.278,16,stroll,Canadian,williams,British
1,2018,albert_park,Melbourne,5.278,16,hamilton,British,mercedes,German
11,2018,shanghai,Shanghai,5.451,16,kevin_magnussen,Danish,haas,American
2,2018,albert_park,Melbourne,5.278,16,raikkonen,Finnish,ferrari,Italian
19,2018,albert_park,Melbourne,5.278,16,sirotkin,Russian,williams,British
9,2018,bahrain,Sakhir,5.412,15,hamilton,British,mercedes,German
13,2018,bahrain,Sakhir,5.412,15,alonso,Spanish,mclaren,British
2,2018,bahrain,Sakhir,5.412,15,raikkonen,Finnish,ferrari,Italian
1,2018,bahrain,Sakhir,5.412,15,vettel,German,ferrari,Italian
15,2018,albert_park,Melbourne,5.278,16,bottas,Finnish,mercedes,German
15,2018,shanghai,Shanghai,5.451,16,brendon_hartley,New Zealander,toro_rosso,Italian
17,2018,albert_park,Melbourne,5.278,16,ericsson,Swedish,sauber,Swiss
4,2018,bahrain,Sakhir,5.412,15,ricciardo,Australian,red_bull,Austrian
3,2018,bahrain,Sakhir,5.412,15,bottas,Finnish,mercedes,German
6,2018,bahrain,Sakhir,5.412,15,kevin_magnussen,Danish,haas,American
17,2018,bahrain,Sakhir,5.412,15,ericsson,Swedish,sauber,Swiss
15,2018,bahrain,Sakhir,5.412,15,max_verstappen,Dutch,red_bull,Austrian
4,2018,catalunya,Montmeló,4.657,14,raikkonen,Finnish,ferrari,Italian
10,2018,albert_park,Melbourne,5.278,16,alonso,Spanish,mclaren,British
15,2018,catalunya,Montmeló,4.657,14,perez,Mexican,force_india,Indian
20,2018,bahrain,Sakhir,5.412,15,stroll,Canadian,williams,British
5,2018,bahrain,Sakhir,5.412,15,gasly,French,toro_rosso,Italian
11,2018,bahrain,Sakhir,5.412,15,brendon_hartley,New Zealander,toro_rosso,Italian
19,2018,bahrain,Sakhir,5.412,15,leclerc,Monegasque,sauber,Swiss
18,2018,bahrain,Sakhir,5.412,15,sirotkin,Russian,williams,British
16,2018,bahrain,Sakhir,5.412,15,grosjean,French,haas,American
5,2018,albert_park,Melbourne,5.278,16,kevin_magnussen,Danish,haas,American
12,2018,bahrain,Sakhir,5.412,15,perez,Mexican,force_india,Indian
1,2018,shanghai,Shanghai,5.451,16,vettel,German,ferrari,Italian
10,2018,shanghai,Shanghai,5.451,16,grosjean,French,haas,American
7,2018,shanghai,Shanghai,5.451,16,hulkenberg,German,renault,French
8,2018,shanghai,Shanghai,5.451,16,perez,Mexican,force_india,Indian
6,2018,shanghai,Shanghai,5.451,16,ricciardo,Australian,red_bull,Austrian
10,2018,bahrain,Sakhir,5.412,15,sainz,Spanish,renault,French
3,2018,catalunya,Montmeló,4.657,14,vettel,German,ferrari,Italian
8,2018,bahrain,Sakhir,5.412,15,ocon,French,force_india,Indian
5,2018,shanghai,Shanghai,5.451,16,max_verstappen,Dutch,red_bull,Austrian
9,2018,shanghai,Shanghai,5.451,16,sainz,Spanish,renault,French
14,2018,shanghai,Shanghai,5.451,16,vandoorne,Belgian,mclaren,British
12,2018,shanghai,Shanghai,5.451,16,ocon,French,force_india,Indian
18,2018,shanghai,Shanghai,5.451,16,stroll,Canadian,williams,British
4,2018,shanghai,Shanghai,5.451,16,hamilton,British,mercedes,German
11,2018,catalunya,Montmeló,4.657,14,vandoorne,Belgian,mclaren,British
2,2018,shanghai,Shanghai,5.451,16,raikkonen,Finnish,ferrari,Italian
16,2018,shanghai,Shanghai,5.451,16,sirotkin,Russian,williams,British
2,2018,baku,Baku,6.003,20,hamilton,British,mercedes,German
12,2018,baku,Baku,6.003,20,alonso,Spanish,mclaren,British
6,2018,baku,Baku,6.003,20,raikkonen,Finnish,ferrari,Italian
1,2018,baku,Baku,6.003,20,vettel,German,ferrari,Italian
15,2018,monaco,Monte-Carlo,3.337,19,brendon_hartley,New Zealander,toro_rosso,Italian
14,2018,bahrain,Sakhir,5.412,15,vandoorne,Belgian,mclaren,British
13,2018,monaco,Monte-Carlo,3.337,19,sirotkin,Russian,williams,British
4,2018,baku,Baku,6.003,20,ricciardo,Australian,red_bull,Austrian
3,2018,baku,Baku,6.003,20,bottas,Finnish,mercedes,German
15,2018,baku,Baku,6.003,20,kevin_magnussen,Danish,haas,American
18,2018,baku,Baku,6.003,20,ericsson,Swedish,sauber,Swiss
5,2018,baku,Baku,6.003,20,max_verstappen,Dutch,red_bull,Austrian
17,2018,shanghai,Shanghai,5.451,16,gasly,French,toro_rosso,Italian
13,2018,shanghai,Shanghai,5.451,16,alonso,Spanish,mclaren,British
19,2018,shanghai,Shanghai,5.451,16,leclerc,Monegasque,sauber,Swiss
17,2018,baku,Baku,6.003,20,gasly,French,toro_rosso,Italian
19,2018,baku,Baku,6.003,20,brendon_hartley,New Zealander,toro_rosso,Italian
13,2018,baku,Baku,6.003,20,leclerc,Monegasque,sauber,Swiss
1,2018,catalunya,Montmeló,4.657,14,hamilton,British,mercedes,German
8,2018,catalunya,Montmeló,4.657,14,alonso,Spanish,mclaren,British
20,2018,baku,Baku,6.003,20,grosjean,French,haas,American
14,2018,monaco,Monte-Carlo,3.337,19,leclerc,Monegasque,sauber,Swiss
8,2018,baku,Baku,6.003,20,perez,Mexican,force_india,Indian
6,2018,catalunya,Montmeló,4.657,14,ricciardo,Australian,red_bull,Austrian
2,2018,catalunya,Montmeló,4.657,14,bottas,Finnish,mercedes,German
7,2018,catalunya,Montmeló,4.657,14,kevin_magnussen,Danish,haas,American
17,2018,catalunya,Montmeló,4.657,14,ericsson,Swedish,sauber,Swiss
5,2018,catalunya,Montmeló,4.657,14,max_verstappen,Dutch,red_bull,Austrian
9,2018,baku,Baku,6.003,20,sainz,Spanish,renault,French
10,2018,villeneuve,Montreal,4.361,14,perez,Mexican,force_india,Indian
10,2018,baku,Baku,6.003,20,stroll,Canadian,williams,British
18,2018,catalunya,Montmeló,4.657,14,stroll,Canadian,williams,British
20,2018,catalunya,Montmeló,4.657,14,brendon_hartley,New Zealander,toro_rosso,Italian
14,2018,catalunya,Montmeló,4.657,14,leclerc,Monegasque,sauber,Swiss
19,2018,catalunya,Montmeló,4.657,14,sirotkin,Russian,williams,British
3,2018,monaco,Monte-Carlo,3.337,19,hamilton,British,mercedes,German
4,2018,ricard,Le Castellet,5.842,15,max_verstappen,Dutch,red_bull,Austrian
14,2018,baku,Baku,6.003,20,hulkenberg,German,renault,French
17,2018,ricard,Le Castellet,5.842,15,vandoorne,Belgian,mclaren,British
18,2018,monaco,Monte-Carlo,3.337,19,grosjean,French,haas,American
11,2018,monaco,Monte-Carlo,3.337,19,hulkenberg,German,renault,French
9,2018,monaco,Monte-Carlo,3.337,19,perez,Mexican,force_india,Indian
1,2018,monaco,Monte-Carlo,3.337,19,ricciardo,Australian,red_bull,Austrian
5,2018,monaco,Monte-Carlo,3.337,19,bottas,Finnish,mercedes,German
9,2018,catalunya,Montmeló,4.657,14,sainz,Spanish,renault,French
16,2018,baku,Baku,6.003,20,vandoorne,Belgian,mclaren,British
13,2018,catalunya,Montmeló,4.657,14,ocon,French,force_india,Indian
8,2018,monaco,Monte-Carlo,3.337,19,sainz,Spanish,renault,French
12,2018,monaco,Monte-Carlo,3.337,19,vandoorne,Belgian,mclaren,British
6,2018,monaco,Monte-Carlo,3.337,19,ocon,French,force_india,Indian
17,2018,monaco,Monte-Carlo,3.337,19,stroll,Canadian,williams,British
10,2018,monaco,Monte-Carlo,3.337,19,gasly,French,toro_rosso,Italian
7,2018,monaco,Monte-Carlo,3.337,19,alonso,Spanish,mclaren,British
7,2018,ricard,Le Castellet,5.842,15,sainz,Spanish,renault,French
2,2018,monaco,Monte-Carlo,3.337,19,vettel,German,ferrari,Italian
4,2018,villeneuve,Montreal,4.361,14,hamilton,British,mercedes,German
14,2018,villeneuve,Montreal,4.361,14,alonso,Spanish,mclaren,British
5,2018,villeneuve,Montreal,4.361,14,raikkonen,Finnish,ferrari,Italian
1,2018,villeneuve,Montreal,4.361,14,vettel,German,ferrari,Italian
20,2018,villeneuve,Montreal,4.361,14,grosjean,French,haas,American
19,2018,monaco,Monte-Carlo,3.337,19,kevin_magnussen,Danish,haas,American
3,2018,red_bull_ring,Spielberg,4.318,10,raikkonen,Finnish,ferrari,Italian
20,2018,monaco,Monte-Carlo,3.337,19,max_verstappen,Dutch,red_bull,Austrian
2,2018,villeneuve,Montreal,4.361,14,bottas,Finnish,mercedes,German
11,2018,villeneuve,Montreal,4.361,14,kevin_magnussen,Danish,haas,American
19,2018,villeneuve,Montreal,4.361,14,ericsson,Swedish,sauber,Swiss
3,2018,villeneuve,Montreal,4.361,14,max_verstappen,Dutch,red_bull,Austrian
9,2018,villeneuve,Montreal,4.361,14,sainz,Spanish,renault,French
11,2018,silverstone,Silverstone,5.891,18,hulkenberg,German,renault,French
4,2018,monaco,Monte-Carlo,3.337,19,raikkonen,Finnish,ferrari,Italian
6,2018,silverstone,Silverstone,5.891,18,ricciardo,Australian,red_bull,Austrian
13,2018,villeneuve,Montreal,4.361,14,leclerc,Monegasque,sauber,Swiss
18,2018,villeneuve,Montreal,4.361,14,sirotkin,Russian,williams,British
1,2018,ricard,Le Castellet,5.842,15,hamilton,British,mercedes,German
16,2018,ricard,Le Castellet,5.842,15,alonso,Spanish,mclaren,British
6,2018,ricard,Le Castellet,5.842,15,raikkonen,Finnish,ferrari,Italian
7,2018,villeneuve,Montreal,4.361,14,hulkenberg,German,renault,French
16,2018,monaco,Monte-Carlo,3.337,19,ericsson,Swedish,sauber,Swiss
6,2018,villeneuve,Montreal,4.361,14,ricciardo,Australian,red_bull,Austrian
13,2018,ricard,Le Castellet,5.842,15,perez,Mexican,force_india,Indian
5,2018,ricard,Le Castellet,5.842,15,ricciardo,Australian,red_bull,Austrian
2,2018,ricard,Le Castellet,5.842,15,bottas,Finnish,mercedes,German
9,2018,ricard,Le Castellet,5.842,15,kevin_magnussen,Danish,haas,American
15,2018,ricard,Le Castellet,5.842,15,ericsson,Swedish,sauber,Swiss
15,2018,villeneuve,Montreal,4.361,14,vandoorne,Belgian,mclaren,British
12,2018,silverstone,Silverstone,5.891,18,perez,Mexican,force_india,Indian
16,2018,villeneuve,Montreal,4.361,14,gasly,French,toro_rosso,Italian
19,2018,ricard,Le Castellet,5.842,15,stroll,Canadian,williams,British
20,2018,ricard,Le Castellet,5.842,15,brendon_hartley,New Zealander,toro_rosso,Italian
8,2018,ricard,Le Castellet,5.842,15,leclerc,Monegasque,sauber,Swiss
18,2018,ricard,Le Castellet,5.842,15,sirotkin,Russian,williams,British
2,2018,red_bull_ring,Spielberg,4.318,10,hamilton,British,mercedes,German
3,2018,ricard,Le Castellet,5.842,15,vettel,German,ferrari,Italian
10,2018,silverstone,Silverstone,5.891,18,ocon,French,force_india,Indian
12,2018,ricard,Le Castellet,5.842,15,hulkenberg,German,renault,French
5,2018,red_bull_ring,Spielberg,4.318,10,grosjean,French,haas,American
10,2018,red_bull_ring,Spielberg,4.318,10,hulkenberg,German,renault,French
16,2018,red_bull_ring,Spielberg,4.318,10,perez,Mexican,force_india,Indian
7,2018,red_bull_ring,Spielberg,4.318,10,ricciardo,Australian,red_bull,Austrian
1,2018,red_bull_ring,Spielberg,4.318,10,bottas,Finnish,mercedes,German
17,2018,hockenheimring,Hockenheim,4.574,16,brendon_hartley,New Zealander,toro_rosso,Italian
8,2018,villeneuve,Montreal,4.361,14,ocon,French,force_india,Indian
12,2018,hockenheimring,Hockenheim,4.574,16,sirotkin,Russian,williams,British
9,2018,red_bull_ring,Spielberg,4.318,10,sainz,Spanish,renault,French
15,2018,red_bull_ring,Spielberg,4.318,10,vandoorne,Belgian,mclaren,British
11,2018,red_bull_ring,Spielberg,4.318,10,ocon,French,force_india,Indian
14,2018,red_bull_ring,Spielberg,4.318,10,stroll,Canadian,williams,British
12,2018,red_bull_ring,Spielberg,4.318,10,gasly,French,toro_rosso,Italian
13,2018,red_bull_ring,Spielberg,4.318,10,alonso,Spanish,mclaren,British
10,2018,ricard,Le Castellet,5.842,15,grosjean,French,haas,American
6,2018,red_bull_ring,Spielberg,4.318,10,vettel,German,ferrari,Italian
1,2018,silverstone,Silverstone,5.891,18,hamilton,British,mercedes,German
13,2018,silverstone,Silverstone,5.891,18,alonso,Spanish,mclaren,British
3,2018,silverstone,Silverstone,5.891,18,raikkonen,Finnish,ferrari,Italian
2,2018,silverstone,Silverstone,5.891,18,vettel,German,ferrari,Italian
8,2018,silverstone,Silverstone,5.891,18,grosjean,French,haas,American
8,2018,red_bull_ring,Spielberg,4.318,10,kevin_magnussen,Danish,haas,American
9,2018,hockenheimring,Hockenheim,4.574,16,leclerc,Monegasque,sauber,Swiss
4,2018,red_bull_ring,Spielberg,4.318,10,max_verstappen,Dutch,red_bull,Austrian
4,2018,silverstone,Silverstone,5.891,18,bottas,Finnish,mercedes,German
7,2018,silverstone,Silverstone,5.891,18,kevin_magnussen,Danish,haas,American
15,2018,silverstone,Silverstone,5.891,18,ericsson,Swedish,sauber,Swiss
5,2018,silverstone,Silverstone,5.891,18,max_verstappen,Dutch,red_bull,Austrian
16,2018,silverstone,Silverstone,5.891,18,sainz,Spanish,renault,French
19,2018,red_bull_ring,Spielberg,4.318,10,brendon_hartley,New Zealander,toro_rosso,Italian
19,2018,hungaroring,Budapest,4.381,14,perez,Mexican,force_india,Indian
17,2018,red_bull_ring,Spielberg,4.318,10,sirotkin,Russian,williams,British
14,2018,silverstone,Silverstone,5.891,18,gasly,French,toro_rosso,Italian
0,2018,silverstone,Silverstone,5.891,18,brendon_hartley,New Zealander,toro_rosso,Italian
9,2018,silverstone,Silverstone,5.891,18,leclerc,Monegasque,sauber,Swiss
18,2018,silverstone,Silverstone,5.891,18,sirotkin,Russian,williams,British
14,2018,hockenheimring,Hockenheim,4.574,16,hamilton,British,mercedes,German
14,2018,spa,Spa,7.004,20,sainz,Spanish,renault,French
20,2018,red_bull_ring,Spielberg,4.318,10,ericsson,Swedish,sauber,Swiss
3,2018,spa,Spa,7.004,20,ocon,French,force_india,Indian
6,2018,hockenheimring,Hockenheim,4.574,16,grosjean,French,haas,American
7,2018,hockenheimring,Hockenheim,4.574,16,hulkenberg,German,renault,French
10,2018,hockenheimring,Hockenheim,4.574,16,perez,Mexican,force_india,Indian
20,2018,hockenheimring,Hockenheim,4.574,16,ricciardo,Australian,red_bull,Austrian
2,2018,hockenheimring,Hockenheim,4.574,16,bottas,Finnish,mercedes,German
17,2018,silverstone,Silverstone,5.891,18,vandoorne,Belgian,mclaren,British
18,2018,red_bull_ring,Spielberg,4.318,10,leclerc,Monegasque,sauber,Swiss
19,2018,silverstone,Silverstone,5.891,18,stroll,Canadian,williams,British
8,2018,hockenheimring,Hockenheim,4.574,16,sainz,Spanish,renault,French
19,2018,hockenheimring,Hockenheim,4.574,16,vandoorne,Belgian,mclaren,British
15,2018,hockenheimring,Hockenheim,4.574,16,ocon,French,force_india,Indian
18,2018,hockenheimring,Hockenheim,4.574,16,stroll,Canadian,williams,British
16,2018,hockenheimring,Hockenheim,4.574,16,gasly,French,toro_rosso,Italian
11,2018,hockenheimring,Hockenheim,4.574,16,alonso,Spanish,mclaren,British
18,2018,spa,Spa,7.004,20,vandoorne,Belgian,mclaren,British
1,2018,hockenheimring,Hockenheim,4.574,16,vettel,German,ferrari,Italian
1,2018,hungaroring,Budapest,4.381,14,hamilton,British,mercedes,German
11,2018,hungaroring,Budapest,4.381,14,alonso,Spanish,mclaren,British
3,2018,hungaroring,Budapest,4.381,14,raikkonen,Finnish,ferrari,Italian
4,2018,hungaroring,Budapest,4.381,14,vettel,German,ferrari,Italian
10,2018,hungaroring,Budapest,4.381,14,grosjean,French,haas,American
5,2018,hockenheimring,Hockenheim,4.574,16,kevin_magnussen,Danish,haas,American
1,2018,monza,Monza,5.793,11,raikkonen,Finnish,ferrari,Italian
4,2018,hockenheimring,Hockenheim,4.574,16,max_verstappen,Dutch,red_bull,Austrian
2,2018,hungaroring,Budapest,4.381,14,bottas,Finnish,mercedes,German
9,2018,hungaroring,Budapest,4.381,14,kevin_magnussen,Danish,haas,American
14,2018,hungaroring,Budapest,4.381,14,ericsson,Swedish,sauber,Swiss
7,2018,hungaroring,Budapest,4.381,14,max_verstappen,Dutch,red_bull,Austrian
5,2018,hungaroring,Budapest,4.381,14,sainz,Spanish,renault,French
7,2018,marina_bay,Marina Bay,4.94,19,perez,Mexican,force_india,Indian
3,2018,hockenheimring,Hockenheim,4.574,16,raikkonen,Finnish,ferrari,Italian
4,2018,marina_bay,Marina Bay,4.94,19,bottas,Finnish,mercedes,German
6,2018,hungaroring,Budapest,4.381,14,gasly,French,toro_rosso,Italian
8,2018,hungaroring,Budapest,4.381,14,brendon_hartley,New Zealander,toro_rosso,Italian
20,2018,hungaroring,Budapest,4.381,14,sirotkin,Russian,williams,British
1,2018,spa,Spa,7.004,20,hamilton,British,mercedes,German
6,2018,spa,Spa,7.004,20,raikkonen,Finnish,ferrari,Italian
13,2018,hungaroring,Budapest,4.381,14,hulkenberg,German,renault,French
13,2018,hockenheimring,Hockenheim,4.574,16,ericsson,Swedish,sauber,Swiss
12,2018,hungaroring,Budapest,4.381,14,ricciardo,Australian,red_bull,Austrian
8,2018,spa,Spa,7.004,20,ricciardo,Australian,red_bull,Austrian
19,2018,spa,Spa,7.004,20,bottas,Finnish,mercedes,German
9,2018,spa,Spa,7.004,20,kevin_magnussen,Danish,haas,American
13,2018,spa,Spa,7.004,20,ericsson,Swedish,sauber,Swiss
7,2018,spa,Spa,7.004,20,max_verstappen,Dutch,red_bull,Austrian
16,2018,hungaroring,Budapest,4.381,14,vandoorne,Belgian,mclaren,British
6,2018,marina_bay,Marina Bay,4.94,19,ricciardo,Australian,red_bull,Austrian
15,2018,hungaroring,Budapest,4.381,14,stroll,Canadian,williams,British
17,2018,spa,Spa,7.004,20,stroll,Canadian,williams,British
10,2018,spa,Spa,7.004,20,gasly,French,toro_rosso,Italian
11,2018,spa,Spa,7.004,20,brendon_hartley,New Zealander,toro_rosso,Italian
16,2018,spa,Spa,7.004,20,sirotkin,Russian,williams,British
3,2018,monza,Monza,5.793,11,hamilton,British,mercedes,German
2,2018,spa,Spa,7.004,20,vettel,German,ferrari,Italian
15,2018,marina_bay,Marina Bay,4.94,19,gasly,French,toro_rosso,Italian
4,2018,spa,Spa,7.004,20,perez,Mexican,force_india,Indian
6,2018,monza,Monza,5.793,11,grosjean,French,haas,American
20,2018,monza,Monza,5.793,11,hulkenberg,German,renault,French
14,2018,monza,Monza,5.793,11,perez,Mexican,force_india,Indian
19,2018,monza,Monza,5.793,11,ricciardo,Australian,red_bull,Austrian
4,2018,monza,Monza,5.793,11,bottas,Finnish,mercedes,German
13,2018,sochi,Sochi,5.848,15,sirotkin,Russian,williams,British
18,2018,hungaroring,Budapest,4.381,14,ocon,French,force_india,Indian
18,2018,suzuka,Suzuka,5.807,18,alonso,Spanish,mclaren,British
7,2018,monza,Monza,5.793,11,sainz,Spanish,renault,French
17,2018,monza,Monza,5.793,11,vandoorne,Belgian,mclaren,British
8,2018,monza,Monza,5.793,11,ocon,French,force_india,Indian
10,2018,monza,Monza,5.793,11,stroll,Canadian,williams,British
9,2018,monza,Monza,5.793,11,gasly,French,toro_rosso,Italian
13,2018,monza,Monza,5.793,11,alonso,Spanish,mclaren,British
5,2018,spa,Spa,7.004,20,grosjean,French,haas,American
2,2018,monza,Monza,5.793,11,vettel,German,ferrari,Italian
11,2018,marina_bay,Marina Bay,4.94,19,alonso,Spanish,mclaren,British
5,2018,marina_bay,Marina Bay,4.94,19,raikkonen,Finnish,ferrari,Italian
3,2018,marina_bay,Marina Bay,4.94,19,vettel,German,ferrari,Italian
8,2018,marina_bay,Marina Bay,4.94,19,grosjean,French,haas,American
10,2018,marina_bay,Marina Bay,4.94,19,hulkenberg,German,renault,French
11,2018,monza,Monza,5.793,11,kevin_magnussen,Danish,haas,American
1,2018,suzuka,Suzuka,5.807,18,hamilton,British,mercedes,German
5,2018,monza,Monza,5.793,11,max_verstappen,Dutch,red_bull,Austrian
16,2018,marina_bay,Marina Bay,4.94,19,kevin_magnussen,Danish,haas,American
14,2018,marina_bay,Marina Bay,4.94,19,ericsson,Swedish,sauber,Swiss
2,2018,marina_bay,Marina Bay,4.94,19,max_verstappen,Dutch,red_bull,Austrian
12,2018,marina_bay,Marina Bay,4.94,19,sainz,Spanish,renault,French
18,2018,marina_bay,Marina Bay,4.94,19,vandoorne,Belgian,mclaren,British
15,2018,monza,Monza,5.793,11,leclerc,Monegasque,sauber,Swiss
2,2018,suzuka,Suzuka,5.807,18,bottas,Finnish,mercedes,German
1,2018,marina_bay,Marina Bay,4.94,19,hamilton,British,mercedes,German
13,2018,marina_bay,Marina Bay,4.94,19,leclerc,Monegasque,sauber,Swiss
19,2018,marina_bay,Marina Bay,4.94,19,sirotkin,Russian,williams,British
2,2018,sochi,Sochi,5.848,15,hamilton,British,mercedes,German
16,2018,sochi,Sochi,5.848,15,alonso,Spanish,mclaren,British
4,2018,sochi,Sochi,5.848,15,raikkonen,Finnish,ferrari,Italian
18,2018,americas,Austin,5.513,20,max_verstappen,Dutch,red_bull,Austrian
18,2018,monza,Monza,5.793,11,ericsson,Swedish,sauber,Swiss
17,2018,americas,Austin,5.513,20,vandoorne,Belgian,mclaren,British
8,2018,sochi,Sochi,5.848,15,perez,Mexican,force_india,Indian
18,2018,sochi,Sochi,5.848,15,ricciardo,Australian,red_bull,Austrian
1,2018,sochi,Sochi,5.848,15,bottas,Finnish,mercedes,German
5,2018,sochi,Sochi,5.848,15,kevin_magnussen,Danish,haas,American
10,2018,sochi,Sochi,5.848,15,ericsson,Swedish,sauber,Swiss
20,2018,marina_bay,Marina Bay,4.94,19,stroll,Canadian,williams,British
12,2018,monza,Monza,5.793,11,sirotkin,Russian,williams,British
17,2018,marina_bay,Marina Bay,4.94,19,brendon_hartley,New Zealander,toro_rosso,Italian
6,2018,sochi,Sochi,5.848,15,ocon,French,force_india,Indian
14,2018,sochi,Sochi,5.848,15,stroll,Canadian,williams,British
17,2018,sochi,Sochi,5.848,15,gasly,French,toro_rosso,Italian
20,2018,sochi,Sochi,5.848,15,brendon_hartley,New Zealander,toro_rosso,Italian
7,2018,sochi,Sochi,5.848,15,leclerc,Monegasque,sauber,Swiss
3,2018,sochi,Sochi,5.848,15,vettel,German,ferrari,Italian
11,2018,americas,Austin,5.513,20,sainz,Spanish,renault,French
19,2018,interlagos,São Paulo,4.309,15,stroll,Canadian,williams,British
9,2018,interlagos,São Paulo,4.309,15,gasly,French,toro_rosso,Italian
16,2018,interlagos,São Paulo,4.309,15,brendon_hartley,New Zealander,toro_rosso,Italian
20,2018,yas_marina,Abu Dhabi,5.281,16,stroll,Canadian,williams,British
14,2018,interlagos,São Paulo,4.309,15,sirotkin,Russian,williams,British
3,2018,yas_marina,Abu Dhabi,5.281,16,vettel,German,ferrari,Italian
7,2018,yas_marina,Abu Dhabi,5.281,16,grosjean,French,haas,American
14,2018,yas_marina,Abu Dhabi,5.281,16,perez,Mexican,force_india,Indian
19,2018,yas_marina,Abu Dhabi,5.281,16,sirotkin,Russian,williams,British
2,2018,yas_marina,Abu Dhabi,5.281,16,bottas,Finnish,mercedes,German
5,2018,rodriguez,Mexico City,4.304,17,bottas,Finnish,mercedes,German
20,2018,interlagos,São Paulo,4.309,15,vandoorne,Belgian,mclaren,British
18,2018,interlagos,São Paulo,4.309,15,ocon,French,force_india,Indian
12,2018,yas_marina,Abu Dhabi,5.281,16,ericsson,Swedish,sauber,Swiss
6,2018,yas_marina,Abu Dhabi,5.281,16,max_verstappen,Dutch,red_bull,Austrian
11,2018,yas_marina,Abu Dhabi,5.281,16,sainz,Spanish,renault,French
18,2018,yas_marina,Abu Dhabi,5.281,16,vandoorne,Belgian,mclaren,British
9,2018,yas_marina,Abu Dhabi,5.281,16,ocon,French,force_india,Indian
1,2018,yas_marina,Abu Dhabi,5.281,16,hamilton,British,mercedes,German
15,2018,yas_marina,Abu Dhabi,5.281,16,alonso,Spanish,mclaren,British
4,2018,yas_marina,Abu Dhabi,5.281,16,raikkonen,Finnish,ferrari,Italian
12,2018,rodriguez,Mexico City,4.304,17,alonso,Spanish,mclaren,British
16,2018,rodriguez,Mexico City,4.304,17,kevin_magnussen,Danish,haas,American
12,2018,interlagos,São Paulo,4.309,15,perez,Mexican,force_india,Indian
11,2018,interlagos,São Paulo,4.309,15,ricciardo,Australian,red_bull,Austrian
3,2018,interlagos,São Paulo,4.309,15,bottas,Finnish,mercedes,German
10,2018,interlagos,São Paulo,4.309,15,kevin_magnussen,Danish,haas,American
6,2018,interlagos,São Paulo,4.309,15,ericsson,Swedish,sauber,Swiss
17,2018,rodriguez,Mexico City,4.304,17,stroll,Canadian,williams,British
20,2018,rodriguez,Mexico City,4.304,17,gasly,French,toro_rosso,Italian
14,2018,rodriguez,Mexico City,4.304,17,brendon_hartley,New Zealander,toro_rosso,Italian
15,2018,interlagos,São Paulo,4.309,15,sainz,Spanish,renault,French
5,2018,interlagos,São Paulo,4.309,15,max_verstappen,Dutch,red_bull,Austrian
5,2018,yas_marina,Abu Dhabi,5.281,16,ricciardo,Australian,red_bull,Austrian
7,2018,interlagos,São Paulo,4.309,15,leclerc,Monegasque,sauber,Swiss
3,2018,rodriguez,Mexico City,4.304,17,hamilton,British,mercedes,German
13,2019,interlagos,São Paulo,4.309,15,hulkenberg,German,renault,French
15,2019,interlagos,São Paulo,4.309,15,perez,Mexican,racing_point,British
11,2019,interlagos,São Paulo,4.309,15,ricciardo,Australian,renault,French
4,2019,interlagos,São Paulo,4.309,15,bottas,Finnish,mercedes,German
9,2019,interlagos,São Paulo,4.309,15,kevin_magnussen,Danish,haas,American
16,2019,americas,Austin,5.513,20,giovinazzi,Italian,alfa,Swiss
10,2019,americas,Austin,5.513,20,gasly,French,toro_rosso,Italian
4,2019,americas,Austin,5.513,20,leclerc,Monegasque,ferrari,Italian
8,2019,americas,Austin,5.513,20,norris,British,mclaren,British
18,2019,americas,Austin,5.513,20,russell,British,williams,British
6,2019,americas,Austin,5.513,20,albon,Thai,red_bull,Austrian
3,2019,interlagos,São Paulo,4.309,15,hamilton,British,mercedes,German
8,2019,interlagos,São Paulo,4.309,15,raikkonen,Finnish,alfa,Swiss
0,2019,americas,Austin,5.513,20,perez,Mexican,racing_point,British
9,2019,americas,Austin,5.513,20,ricciardo,Australian,renault,French
1,2019,americas,Austin,5.513,20,bottas,Finnish,mercedes,German
12,2019,americas,Austin,5.513,20,kevin_magnussen,Danish,haas,American
13,2019,americas,Austin,5.513,20,kvyat,Russian,toro_rosso,Italian
3,2019,americas,Austin,5.513,20,max_verstappen,Dutch,red_bull,Austrian
7,2019,americas,Austin,5.513,20,sainz,Spanish,mclaren,British
14,2019,americas,Austin,5.513,20,stroll,Canadian,racing_point,British
19,2019,rodriguez,Mexico City,4.304,17,russell,British,williams,British
5,2019,rodriguez,Mexico City,4.304,17,albon,Thai,red_bull,Austrian
5,2019,americas,Austin,5.513,20,hamilton,British,mercedes,German
17,2019,americas,Austin,5.513,20,raikkonen,Finnish,alfa,Swiss
19,2019,americas,Austin,5.513,20,kubica,Polish,williams,British
2,2019,americas,Austin,5.513,20,vettel,German,ferrari,Italian
15,2019,americas,Austin,5.513,20,grosjean,French,haas,American
11,2019,americas,Austin,5.513,20,hulkenberg,German,renault,French
16,2019,yas_marina,Abu Dhabi,5.281,16,giovinazzi,Italian,alfa,Swiss
11,2019,yas_marina,Abu Dhabi,5.281,16,gasly,French,toro_rosso,Italian
3,2019,yas_marina,Abu Dhabi,5.281,16,leclerc,Monegasque,ferrari,Italian
11,2019,bahrain,Sakhir,5.412,15,grosjean,French,haas,American
17,2019,bahrain,Sakhir,5.412,15,hulkenberg,German,renault,French
14,2019,bahrain,Sakhir,5.412,15,perez,Mexican,racing_point,British
10,2019,bahrain,Sakhir,5.412,15,ricciardo,Australian,renault,French
18,2019,albert_park,Melbourne,5.278,16,sainz,Spanish,mclaren,British
16,2019,albert_park,Melbourne,5.278,16,stroll,Canadian,racing_point,British
14,2019,albert_park,Melbourne,5.278,16,giovinazzi,Italian,alfa,Swiss
5,2019,bahrain,Sakhir,5.412,15,max_verstappen,Dutch,red_bull,Austrian
5,2019,albert_park,Melbourne,5.278,16,leclerc,Monegasque,ferrari,Italian
8,2019,albert_park,Melbourne,5.278,16,norris,British,mclaren,British
19,2019,albert_park,Melbourne,5.278,16,russell,British,williams,British
13,2019,albert_park,Melbourne,5.278,16,albon,Thai,toro_rosso,Italian
6,2019,albert_park,Melbourne,5.278,16,grosjean,French,haas,American
11,2019,albert_park,Melbourne,5.278,16,hulkenberg,German,renault,French
10,2019,albert_park,Melbourne,5.278,16,perez,Mexican,racing_point,British
2,2019,bahrain,Sakhir,5.412,15,vettel,German,ferrari,Italian
20,2019,albert_park,Melbourne,5.278,16,kubica,Polish,williams,British
9,2019,albert_park,Melbourne,5.278,16,raikkonen,Finnish,alfa,Swiss
1,2019,albert_park,Melbourne,5.278,16,hamilton,British,mercedes,German
15,2019,bahrain,Sakhir,5.412,15,kvyat,Russian,toro_rosso,Italian
6,2019,bahrain,Sakhir,5.412,15,kevin_magnussen,Danish,haas,American
4,2019,bahrain,Sakhir,5.412,15,bottas,Finnish,mercedes,German
0,2019,baku,Baku,6.003,20,kubica,Polish,williams,British
17,2019,albert_park,Melbourne,5.278,16,gasly,French,red_bull,Austrian
17,2019,interlagos,São Paulo,4.309,15,stroll,Canadian,racing_point,British
2,2019,albert_park,Melbourne,5.278,16,bottas,Finnish,mercedes,German
7,2019,albert_park,Melbourne,5.278,16,kevin_magnussen,Danish,haas,American
15,2019,albert_park,Melbourne,5.278,16,kvyat,Russian,toro_rosso,Italian
4,2019,albert_park,Melbourne,5.278,16,max_verstappen,Dutch,red_bull,Austrian
2,2019,baku,Baku,6.003,20,hamilton,British,mercedes,German
0,2019,baku,Baku,6.003,20,raikkonen,Finnish,alfa,Swiss
3,2019,albert_park,Melbourne,5.278,16,vettel,German,ferrari,Italian
3,2019,baku,Baku,6.003,20,vettel,German,ferrari,Italian
14,2019,baku,Baku,6.003,20,grosjean,French,haas,American
15,2019,baku,Baku,6.003,20,hulkenberg,German,renault,French
5,2019,baku,Baku,6.003,20,perez,Mexican,racing_point,British
10,2019,baku,Baku,6.003,20,ricciardo,Australian,renault,French
14,2019,shanghai,Shanghai,5.451,16,sainz,Spanish,mclaren,British
16,2019,shanghai,Shanghai,5.451,16,stroll,Canadian,racing_point,British
19,2019,shanghai,Shanghai,5.451,16,giovinazzi,Italian,alfa,Swiss
6,2019,shanghai,Shanghai,5.451,16,gasly,French,red_bull,Austrian
4,2019,shanghai,Shanghai,5.451,16,leclerc,Monegasque,ferrari,Italian
15,2019,shanghai,Shanghai,5.451,16,norris,British,mclaren,British
17,2019,shanghai,Shanghai,5.451,16,russell,British,williams,British
0,2019,shanghai,Shanghai,5.451,16,albon,Thai,toro_rosso,Italian
10,2019,shanghai,Shanghai,5.451,16,grosjean,French,haas,American
8,2019,shanghai,Shanghai,5.451,16,hulkenberg,German,renault,French
12,2019,shanghai,Shanghai,5.451,16,perez,Mexican,racing_point,British
7,2019,shanghai,Shanghai,5.451,16,ricciardo,Australian,renault,French
1,2019,shanghai,Shanghai,5.451,16,bottas,Finnish,mercedes,German
9,2019,shanghai,Shanghai,5.451,16,kevin_magnussen,Danish,haas,American
11,2019,shanghai,Shanghai,5.451,16,kvyat,Russian,toro_rosso,Italian
5,2019,shanghai,Shanghai,5.451,16,max_verstappen,Dutch,red_bull,Austrian
1,2019,bahrain,Sakhir,5.412,15,leclerc,Monegasque,ferrari,Italian
9,2019,bahrain,Sakhir,5.412,15,norris,British,mclaren,British
19,2019,bahrain,Sakhir,5.412,15,russell,British,williams,British
7,2019,yas_marina,Abu Dhabi,5.281,16,ricciardo,Australian,renault,French
20,2019,yas_marina,Abu Dhabi,5.281,16,bottas,Finnish,mercedes,German
13,2019,shanghai,Shanghai,5.451,16,raikkonen,Finnish,alfa,Swiss
18,2019,shanghai,Shanghai,5.451,16,kubica,Polish,williams,British
3,2019,shanghai,Shanghai,5.451,16,vettel,German,ferrari,Italian
12,2019,catalunya,Montmeló,4.657,14,sainz,Spanish,mclaren,British
16,2019,catalunya,Montmeló,4.657,14,stroll,Canadian,racing_point,British
18,2019,catalunya,Montmeló,4.657,14,giovinazzi,Italian,alfa,Swiss
6,2019,catalunya,Montmeló,4.657,14,gasly,French,red_bull,Austrian
5,2019,catalunya,Montmeló,4.657,14,leclerc,Monegasque,ferrari,Italian
10,2019,catalunya,Montmeló,4.657,14,norris,British,mclaren,British
19,2019,catalunya,Montmeló,4.657,14,russell,British,williams,British
11,2019,catalunya,Montmeló,4.657,14,albon,Thai,toro_rosso,Italian
7,2019,catalunya,Montmeló,4.657,14,grosjean,French,haas,American
0,2019,catalunya,Montmeló,4.657,14,hulkenberg,German,renault,French
15,2019,catalunya,Montmeló,4.657,14,perez,Mexican,racing_point,British
13,2019,catalunya,Montmeló,4.657,14,ricciardo,Australian,renault,French
1,2019,catalunya,Montmeló,4.657,14,bottas,Finnish,mercedes,German
8,2019,catalunya,Montmeló,4.657,14,kevin_magnussen,Danish,haas,American
9,2019,catalunya,Montmeló,4.657,14,kvyat,Russian,toro_rosso,Italian
4,2019,catalunya,Montmeló,4.657,14,max_verstappen,Dutch,red_bull,Austrian
8,2019,baku,Baku,6.003,20,leclerc,Monegasque,ferrari,Italian
7,2019,baku,Baku,6.003,20,norris,British,mclaren,British
16,2019,baku,Baku,6.003,20,russell,British,williams,British
11,2019,baku,Baku,6.003,20,albon,Thai,toro_rosso,Italian
2,2019,catalunya,Montmeló,4.657,14,hamilton,British,mercedes,German
14,2019,catalunya,Montmeló,4.657,14,raikkonen,Finnish,alfa,Swiss
17,2019,catalunya,Montmeló,4.657,14,kubica,Polish,williams,British
3,2019,catalunya,Montmeló,4.657,14,vettel,German,ferrari,Italian
1,2019,baku,Baku,6.003,20,bottas,Finnish,mercedes,German
12,2019,baku,Baku,6.003,20,kevin_magnussen,Danish,haas,American
6,2019,baku,Baku,6.003,20,kvyat,Russian,toro_rosso,Italian
4,2019,baku,Baku,6.003,20,max_verstappen,Dutch,red_bull,Austrian
9,2019,baku,Baku,6.003,20,sainz,Spanish,mclaren,British
13,2019,baku,Baku,6.003,20,stroll,Canadian,racing_point,British
17,2019,baku,Baku,6.003,20,giovinazzi,Italian,alfa,Swiss
0,2019,baku,Baku,6.003,20,gasly,French,red_bull,Austrian
14,2019,villeneuve,Montreal,4.361,14,grosjean,French,haas,American
7,2019,villeneuve,Montreal,4.361,14,hulkenberg,German,renault,French
15,2019,villeneuve,Montreal,4.361,14,perez,Mexican,racing_point,British
4,2019,villeneuve,Montreal,4.361,14,ricciardo,Australian,renault,French
6,2019,villeneuve,Montreal,4.361,14,bottas,Finnish,mercedes,German
0,2019,villeneuve,Montreal,4.361,14,kevin_magnussen,Danish,haas,American
10,2019,villeneuve,Montreal,4.361,14,kvyat,Russian,toro_rosso,Italian
9,2019,villeneuve,Montreal,4.361,14,max_verstappen,Dutch,red_bull,Austrian
15,2019,monaco,Monte-Carlo,3.337,19,leclerc,Monegasque,ferrari,Italian
12,2019,monaco,Monte-Carlo,3.337,19,norris,British,mclaren,British
19,2019,monaco,Monte-Carlo,3.337,19,russell,British,williams,British
10,2019,monaco,Monte-Carlo,3.337,19,albon,Thai,toro_rosso,Italian
2,2019,villeneuve,Montreal,4.361,14,hamilton,British,mercedes,German
16,2019,villeneuve,Montreal,4.361,14,raikkonen,Finnish,alfa,Swiss
19,2019,villeneuve,Montreal,4.361,14,kubica,Polish,williams,British
1,2019,villeneuve,Montreal,4.361,14,vettel,German,ferrari,Italian
2,2019,monaco,Monte-Carlo,3.337,19,bottas,Finnish,mercedes,German
5,2019,monaco,Monte-Carlo,3.337,19,kevin_magnussen,Danish,haas,American
7,2019,monaco,Monte-Carlo,3.337,19,kvyat,Russian,toro_rosso,Italian
3,2019,monaco,Monte-Carlo,3.337,19,max_verstappen,Dutch,red_bull,Austrian
9,2019,monaco,Monte-Carlo,3.337,19,sainz,Spanish,mclaren,British
17,2019,monaco,Monte-Carlo,3.337,19,stroll,Canadian,racing_point,British
18,2019,monaco,Monte-Carlo,3.337,19,giovinazzi,Italian,alfa,Swiss
8,2019,monaco,Monte-Carlo,3.337,19,gasly,French,red_bull,Austrian
1,2019,monaco,Monte-Carlo,3.337,19,hamilton,British,mercedes,German
14,2019,monaco,Monte-Carlo,3.337,19,raikkonen,Finnish,alfa,Swiss
20,2019,monaco,Monte-Carlo,3.337,19,kubica,Polish,williams,British
4,2019,monaco,Monte-Carlo,3.337,19,vettel,German,ferrari,Italian
13,2019,monaco,Monte-Carlo,3.337,19,grosjean,French,haas,American
11,2019,monaco,Monte-Carlo,3.337,19,hulkenberg,German,renault,French
16,2019,monaco,Monte-Carlo,3.337,19,perez,Mexican,racing_point,British
6,2019,monaco,Monte-Carlo,3.337,19,ricciardo,Australian,renault,French
3,2019,ricard,Le Castellet,5.842,15,leclerc,Monegasque,ferrari,Italian
5,2019,ricard,Le Castellet,5.842,15,norris,British,mclaren,British
20,2019,ricard,Le Castellet,5.842,15,russell,British,williams,British
11,2019,ricard,Le Castellet,5.842,15,albon,Thai,toro_rosso,Italian
4,2019,red_bull_ring,Spielberg,4.318,10,hamilton,British,mercedes,German
6,2019,red_bull_ring,Spielberg,4.318,10,raikkonen,Finnish,alfa,Swiss
17,2019,red_bull_ring,Spielberg,4.318,10,kubica,Polish,williams,British
9,2019,red_bull_ring,Spielberg,4.318,10,vettel,German,ferrari,Italian
2,2019,ricard,Le Castellet,5.842,15,bottas,Finnish,mercedes,German
15,2019,ricard,Le Castellet,5.842,15,kevin_magnussen,Danish,haas,American
19,2019,ricard,Le Castellet,5.842,15,kvyat,Russian,toro_rosso,Italian
4,2019,ricard,Le Castellet,5.842,15,max_verstappen,Dutch,red_bull,Austrian
6,2019,ricard,Le Castellet,5.842,15,sainz,Spanish,mclaren,British
17,2019,ricard,Le Castellet,5.842,15,stroll,Canadian,racing_point,British
10,2019,ricard,Le Castellet,5.842,15,giovinazzi,Italian,alfa,Swiss
9,2019,ricard,Le Castellet,5.842,15,gasly,French,red_bull,Austrian
1,2019,ricard,Le Castellet,5.842,15,hamilton,British,mercedes,German
12,2019,ricard,Le Castellet,5.842,15,raikkonen,Finnish,alfa,Swiss
18,2019,ricard,Le Castellet,5.842,15,kubica,Polish,williams,British
7,2019,ricard,Le Castellet,5.842,15,vettel,German,ferrari,Italian
16,2019,ricard,Le Castellet,5.842,15,grosjean,French,haas,American
13,2019,ricard,Le Castellet,5.842,15,hulkenberg,German,renault,French
14,2019,ricard,Le Castellet,5.842,15,perez,Mexican,racing_point,British
8,2019,ricard,Le Castellet,5.842,15,ricciardo,Australian,renault,French
11,2019,villeneuve,Montreal,4.361,14,sainz,Spanish,mclaren,British
17,2019,villeneuve,Montreal,4.361,14,stroll,Canadian,racing_point,British
12,2019,villeneuve,Montreal,4.361,14,giovinazzi,Italian,alfa,Swiss
5,2019,villeneuve,Montreal,4.361,14,gasly,French,red_bull,Austrian
3,2019,villeneuve,Montreal,4.361,14,leclerc,Monegasque,ferrari,Italian
8,2019,villeneuve,Montreal,4.361,14,norris,British,mclaren,British
18,2019,villeneuve,Montreal,4.361,14,russell,British,williams,British
13,2019,villeneuve,Montreal,4.361,14,albon,Thai,toro_rosso,Italian
1,2019,silverstone,Silverstone,5.891,18,bottas,Finnish,mercedes,German
16,2019,silverstone,Silverstone,5.891,18,kevin_magnussen,Danish,haas,American
17,2019,silverstone,Silverstone,5.891,18,kvyat,Russian,toro_rosso,Italian
4,2019,silverstone,Silverstone,5.891,18,max_verstappen,Dutch,red_bull,Austrian
13,2019,silverstone,Silverstone,5.891,18,sainz,Spanish,mclaren,British
18,2019,silverstone,Silverstone,5.891,18,stroll,Canadian,racing_point,British
11,2019,silverstone,Silverstone,5.891,18,giovinazzi,Italian,alfa,Swiss
5,2019,silverstone,Silverstone,5.891,18,gasly,French,red_bull,Austrian
2,2019,silverstone,Silverstone,5.891,18,hamilton,British,mercedes,German
12,2019,silverstone,Silverstone,5.891,18,raikkonen,Finnish,alfa,Swiss
20,2019,silverstone,Silverstone,5.891,18,kubica,Polish,williams,British
6,2019,silverstone,Silverstone,5.891,18,vettel,German,ferrari,Italian
14,2019,silverstone,Silverstone,5.891,18,grosjean,French,haas,American
10,2019,silverstone,Silverstone,5.891,18,hulkenberg,German,renault,French
15,2019,silverstone,Silverstone,5.891,18,perez,Mexican,racing_point,British
7,2019,silverstone,Silverstone,5.891,18,ricciardo,Australian,renault,French
19,2019,red_bull_ring,Spielberg,4.318,10,sainz,Spanish,mclaren,British
14,2019,red_bull_ring,Spielberg,4.318,10,stroll,Canadian,racing_point,British
7,2019,red_bull_ring,Spielberg,4.318,10,giovinazzi,Italian,alfa,Swiss
8,2019,red_bull_ring,Spielberg,4.318,10,gasly,French,red_bull,Austrian
1,2019,red_bull_ring,Spielberg,4.318,10,leclerc,Monegasque,ferrari,Italian
5,2019,red_bull_ring,Spielberg,4.318,10,norris,British,mclaren,British
0,2019,red_bull_ring,Spielberg,4.318,10,russell,British,williams,British
18,2019,red_bull_ring,Spielberg,4.318,10,albon,Thai,toro_rosso,Italian
11,2019,red_bull_ring,Spielberg,4.318,10,grosjean,French,haas,American
15,2019,red_bull_ring,Spielberg,4.318,10,hulkenberg,German,renault,French
13,2019,red_bull_ring,Spielberg,4.318,10,perez,Mexican,racing_point,British
12,2019,red_bull_ring,Spielberg,4.318,10,ricciardo,Australian,renault,French
3,2019,red_bull_ring,Spielberg,4.318,10,bottas,Finnish,mercedes,German
10,2019,red_bull_ring,Spielberg,4.318,10,kevin_magnussen,Danish,haas,American
16,2019,red_bull_ring,Spielberg,4.318,10,kvyat,Russian,toro_rosso,Italian
2,2019,red_bull_ring,Spielberg,4.318,10,max_verstappen,Dutch,red_bull,Austrian
3,2019,hungaroring,Budapest,4.381,14,hamilton,British,mercedes,German
10,2019,hungaroring,Budapest,4.381,14,raikkonen,Finnish,alfa,Swiss
19,2019,hungaroring,Budapest,4.381,14,kubica,Polish,williams,British
5,2019,hungaroring,Budapest,4.381,14,vettel,German,ferrari,Italian
9,2019,hungaroring,Budapest,4.381,14,grosjean,French,haas,American
11,2019,hungaroring,Budapest,4.381,14,hulkenberg,German,renault,French
16,2019,hungaroring,Budapest,4.381,14,perez,Mexican,racing_point,British
20,2019,hungaroring,Budapest,4.381,14,ricciardo,Australian,renault,French
7,2019,hockenheimring,Hockenheim,4.574,16,sainz,Spanish,mclaren,British
15,2019,hockenheimring,Hockenheim,4.574,16,stroll,Canadian,racing_point,British
11,2019,hockenheimring,Hockenheim,4.574,16,giovinazzi,Italian,alfa,Swiss
4,2019,hockenheimring,Hockenheim,4.574,16,gasly,French,red_bull,Austrian
10,2019,hockenheimring,Hockenheim,4.574,16,leclerc,Monegasque,ferrari,Italian
19,2019,hockenheimring,Hockenheim,4.574,16,norris,British,mclaren,British
17,2019,hockenheimring,Hockenheim,4.574,16,russell,British,williams,British
16,2019,hockenheimring,Hockenheim,4.574,16,albon,Thai,toro_rosso,Italian
6,2019,hockenheimring,Hockenheim,4.574,16,grosjean,French,haas,American
9,2019,hockenheimring,Hockenheim,4.574,16,hulkenberg,German,renault,French
8,2019,hockenheimring,Hockenheim,4.574,16,perez,Mexican,racing_point,British
13,2019,hockenheimring,Hockenheim,4.574,16,ricciardo,Australian,renault,French
3,2019,hockenheimring,Hockenheim,4.574,16,bottas,Finnish,mercedes,German
12,2019,hockenheimring,Hockenheim,4.574,16,kevin_magnussen,Danish,haas,American
14,2019,hockenheimring,Hockenheim,4.574,16,kvyat,Russian,toro_rosso,Italian
2,2019,hockenheimring,Hockenheim,4.574,16,max_verstappen,Dutch,red_bull,Austrian
3,2019,silverstone,Silverstone,5.891,18,leclerc,Monegasque,ferrari,Italian
8,2019,silverstone,Silverstone,5.891,18,norris,British,mclaren,British
19,2019,silverstone,Silverstone,5.891,18,russell,British,williams,British
9,2019,silverstone,Silverstone,5.891,18,albon,Thai,toro_rosso,Italian
1,2019,hockenheimring,Hockenheim,4.574,16,hamilton,British,mercedes,German
5,2019,hockenheimring,Hockenheim,4.574,16,raikkonen,Finnish,alfa,Swiss
18,2019,hockenheimring,Hockenheim,4.574,16,kubica,Polish,williams,British
20,2019,hockenheimring,Hockenheim,4.574,16,vettel,German,ferrari,Italian
16,2019,spa,Spa,7.004,20,stroll,Canadian,racing_point,British
18,2019,spa,Spa,7.004,20,giovinazzi,Italian,alfa,Swiss
13,2019,spa,Spa,7.004,20,gasly,French,toro_rosso,Italian
1,2019,spa,Spa,7.004,20,leclerc,Monegasque,ferrari,Italian
11,2019,spa,Spa,7.004,20,norris,British,mclaren,British
14,2019,spa,Spa,7.004,20,russell,British,williams,British
17,2019,spa,Spa,7.004,20,albon,Thai,red_bull,Austrian
2,2019,monza,Monza,5.793,11,hamilton,British,mercedes,German
9,2019,spa,Spa,7.004,20,grosjean,French,haas,American
12,2019,spa,Spa,7.004,20,hulkenberg,German,renault,French
7,2019,spa,Spa,7.004,20,perez,Mexican,racing_point,British
10,2019,spa,Spa,7.004,20,ricciardo,Australian,renault,French
4,2019,spa,Spa,7.004,20,bottas,Finnish,mercedes,German
8,2019,spa,Spa,7.004,20,kevin_magnussen,Danish,haas,American
19,2019,spa,Spa,7.004,20,kvyat,Russian,toro_rosso,Italian
15,2019,spa,Spa,7.004,20,sainz,Spanish,mclaren,British
4,2019,hungaroring,Budapest,4.381,14,leclerc,Monegasque,ferrari,Italian
7,2019,hungaroring,Budapest,4.381,14,norris,British,mclaren,British
15,2019,hungaroring,Budapest,4.381,14,russell,British,williams,British
12,2019,hungaroring,Budapest,4.381,14,albon,Thai,toro_rosso,Italian
3,2019,spa,Spa,7.004,20,hamilton,British,mercedes,German
6,2019,spa,Spa,7.004,20,raikkonen,Finnish,alfa,Swiss
0,2019,spa,Spa,7.004,20,kubica,Polish,williams,British
2,2019,spa,Spa,7.004,20,vettel,German,ferrari,Italian
2,2019,hungaroring,Budapest,4.381,14,bottas,Finnish,mercedes,German
14,2019,hungaroring,Budapest,4.381,14,kevin_magnussen,Danish,haas,American
13,2019,hungaroring,Budapest,4.381,14,kvyat,Russian,toro_rosso,Italian
1,2019,hungaroring,Budapest,4.381,14,max_verstappen,Dutch,red_bull,Austrian
8,2019,hungaroring,Budapest,4.381,14,sainz,Spanish,mclaren,British
18,2019,hungaroring,Budapest,4.381,14,stroll,Canadian,racing_point,British
17,2019,hungaroring,Budapest,4.381,14,giovinazzi,Italian,alfa,Swiss
6,2019,hungaroring,Budapest,4.381,14,gasly,French,red_bull,Austrian
8,2019,marina_bay,Marina Bay,4.94,19,hulkenberg,German,renault,French
15,2019,marina_bay,Marina Bay,4.94,19,perez,Mexican,racing_point,British
20,2019,marina_bay,Marina Bay,4.94,19,ricciardo,Australian,renault,French
5,2019,marina_bay,Marina Bay,4.94,19,bottas,Finnish,mercedes,German
13,2019,marina_bay,Marina Bay,4.94,19,kevin_magnussen,Danish,haas,American
14,2019,marina_bay,Marina Bay,4.94,19,kvyat,Russian,toro_rosso,Italian
4,2019,marina_bay,Marina Bay,4.94,19,max_verstappen,Dutch,red_bull,Austrian
7,2019,marina_bay,Marina Bay,4.94,19,sainz,Spanish,mclaren,British
16,2019,monza,Monza,5.793,11,norris,British,mclaren,British
14,2019,monza,Monza,5.793,11,russell,British,williams,British
8,2019,monza,Monza,5.793,11,albon,Thai,red_bull,Austrian
2,2019,marina_bay,Marina Bay,4.94,19,hamilton,British,mercedes,German
12,2019,marina_bay,Marina Bay,4.94,19,raikkonen,Finnish,alfa,Swiss
19,2019,marina_bay,Marina Bay,4.94,19,kubica,Polish,williams,British
3,2019,marina_bay,Marina Bay,4.94,19,vettel,German,ferrari,Italian
17,2019,marina_bay,Marina Bay,4.94,19,grosjean,French,haas,American
11,2019,monza,Monza,5.793,11,kevin_magnussen,Danish,haas,American
12,2019,monza,Monza,5.793,11,kvyat,Russian,toro_rosso,Italian
19,2019,monza,Monza,5.793,11,max_verstappen,Dutch,red_bull,Austrian
7,2019,monza,Monza,5.793,11,sainz,Spanish,mclaren,British
9,2019,monza,Monza,5.793,11,stroll,Canadian,racing_point,British
10,2019,monza,Monza,5.793,11,giovinazzi,Italian,alfa,Swiss
17,2019,monza,Monza,5.793,11,gasly,French,toro_rosso,Italian
1,2019,monza,Monza,5.793,11,leclerc,Monegasque,ferrari,Italian
0,2019,monza,Monza,5.793,11,raikkonen,Finnish,alfa,Swiss
15,2019,monza,Monza,5.793,11,kubica,Polish,williams,British
4,2019,monza,Monza,5.793,11,vettel,German,ferrari,Italian
13,2019,monza,Monza,5.793,11,grosjean,French,haas,American
6,2019,monza,Monza,5.793,11,hulkenberg,German,renault,French
18,2019,monza,Monza,5.793,11,perez,Mexican,racing_point,British
5,2019,monza,Monza,5.793,11,ricciardo,Australian,renault,French
3,2019,monza,Monza,5.793,11,bottas,Finnish,mercedes,German
17,2019,sochi,Sochi,5.848,15,russell,British,williams,British
0,2019,sochi,Sochi,5.848,15,albon,Thai,red_bull,Austrian
4,2019,suzuka,Suzuka,5.807,18,hamilton,British,mercedes,German
13,2019,suzuka,Suzuka,5.807,18,raikkonen,Finnish,alfa,Swiss
0,2019,suzuka,Suzuka,5.807,18,kubica,Polish,williams,British
1,2019,suzuka,Suzuka,5.807,18,vettel,German,ferrari,Italian
10,2019,suzuka,Suzuka,5.807,18,grosjean,French,haas,American
15,2019,suzuka,Suzuka,5.807,18,hulkenberg,German,renault,French
19,2019,sochi,Sochi,5.848,15,kvyat,Russian,toro_rosso,Italian
9,2019,sochi,Sochi,5.848,15,max_verstappen,Dutch,red_bull,Austrian
5,2019,sochi,Sochi,5.848,15,sainz,Spanish,mclaren,British
14,2019,sochi,Sochi,5.848,15,stroll,Canadian,racing_point,British
12,2019,sochi,Sochi,5.848,15,giovinazzi,Italian,alfa,Swiss
16,2019,sochi,Sochi,5.848,15,gasly,French,toro_rosso,Italian
1,2019,sochi,Sochi,5.848,15,leclerc,Monegasque,ferrari,Italian
7,2019,sochi,Sochi,5.848,15,norris,British,mclaren,British
15,2019,sochi,Sochi,5.848,15,raikkonen,Finnish,alfa,Swiss
18,2019,sochi,Sochi,5.848,15,kubica,Polish,williams,British
3,2019,sochi,Sochi,5.848,15,vettel,German,ferrari,Italian
6,2019,sochi,Sochi,5.848,15,hulkenberg,German,renault,French
11,2019,sochi,Sochi,5.848,15,perez,Mexican,racing_point,British
10,2019,sochi,Sochi,5.848,15,ricciardo,Australian,renault,French
4,2019,sochi,Sochi,5.848,15,bottas,Finnish,mercedes,German
13,2019,sochi,Sochi,5.848,15,kevin_magnussen,Danish,haas,American
16,2019,marina_bay,Marina Bay,4.94,19,stroll,Canadian,racing_point,British
10,2019,marina_bay,Marina Bay,4.94,19,giovinazzi,Italian,alfa,Swiss
11,2019,marina_bay,Marina Bay,4.94,19,gasly,French,toro_rosso,Italian
1,2019,marina_bay,Marina Bay,4.94,19,leclerc,Monegasque,ferrari,Italian
9,2019,marina_bay,Marina Bay,4.94,19,norris,British,mclaren,British
18,2019,marina_bay,Marina Bay,4.94,19,russell,British,williams,British
6,2019,marina_bay,Marina Bay,4.94,19,albon,Thai,red_bull,Austrian
2,2019,sochi,Sochi,5.848,15,hamilton,British,mercedes,German
9,2019,rodriguez,Mexico City,4.304,17,kvyat,Russian,toro_rosso,Italian
4,2019,rodriguez,Mexico City,4.304,17,max_verstappen,Dutch,red_bull,Austrian
7,2019,rodriguez,Mexico City,4.304,17,sainz,Spanish,mclaren,British
16,2019,rodriguez,Mexico City,4.304,17,stroll,Canadian,racing_point,British
15,2019,rodriguez,Mexico City,4.304,17,giovinazzi,Italian,alfa,Swiss
10,2019,rodriguez,Mexico City,4.304,17,gasly,French,toro_rosso,Italian
1,2019,rodriguez,Mexico City,4.304,17,leclerc,Monegasque,ferrari,Italian
8,2019,rodriguez,Mexico City,4.304,17,norris,British,mclaren,British
20,2019,rodriguez,Mexico City,4.304,17,kubica,Polish,williams,British
2,2019,rodriguez,Mexico City,4.304,17,vettel,German,ferrari,Italian
18,2019,rodriguez,Mexico City,4.304,17,grosjean,French,haas,American
12,2019,rodriguez,Mexico City,4.304,17,hulkenberg,German,renault,French
11,2019,rodriguez,Mexico City,4.304,17,perez,Mexican,racing_point,British
13,2019,rodriguez,Mexico City,4.304,17,ricciardo,Australian,renault,French
6,2019,rodriguez,Mexico City,4.304,17,bottas,Finnish,mercedes,German
17,2019,rodriguez,Mexico City,4.304,17,kevin_magnussen,Danish,haas,American
11,2019,suzuka,Suzuka,5.807,18,giovinazzi,Italian,alfa,Swiss
9,2019,suzuka,Suzuka,5.807,18,gasly,French,toro_rosso,Italian
2,2019,suzuka,Suzuka,5.807,18,leclerc,Monegasque,ferrari,Italian
8,2019,suzuka,Suzuka,5.807,18,norris,British,mclaren,British
18,2019,suzuka,Suzuka,5.807,18,russell,British,williams,British
6,2019,suzuka,Suzuka,5.807,18,albon,Thai,red_bull,Austrian
3,2019,rodriguez,Mexico City,4.304,17,hamilton,British,mercedes,German
14,2019,rodriguez,Mexico City,4.304,17,raikkonen,Finnish,alfa,Swiss
17,2019,suzuka,Suzuka,5.807,18,perez,Mexican,racing_point,British
16,2019,suzuka,Suzuka,5.807,18,ricciardo,Australian,renault,French
3,2019,suzuka,Suzuka,5.807,18,bottas,Finnish,mercedes,German
19,2019,suzuka,Suzuka,5.807,18,kevin_magnussen,Danish,haas,American
14,2019,suzuka,Suzuka,5.807,18,kvyat,Russian,toro_rosso,Italian
5,2019,suzuka,Suzuka,5.807,18,max_verstappen,Dutch,red_bull,Austrian
7,2019,suzuka,Suzuka,5.807,18,sainz,Spanish,mclaren,British
12,2019,suzuka,Suzuka,5.807,18,stroll,Canadian,racing_point,British
19,2019,interlagos,São Paulo,4.309,15,kubica,Polish,williams,British
2,2019,interlagos,São Paulo,4.309,15,vettel,German,ferrari,Italian
7,2019,interlagos,São Paulo,4.309,15,grosjean,French,haas,American
12,2019,yas_marina,Abu Dhabi,5.281,16,stroll,Canadian,racing_point,British
18,2019,interlagos,São Paulo,4.309,15,russell,British,williams,British
5,2019,interlagos,São Paulo,4.309,15,albon,Thai,red_bull,Austrian
1,2019,yas_marina,Abu Dhabi,5.281,16,hamilton,British,mercedes,German
6,2019,yas_marina,Abu Dhabi,5.281,16,norris,British,mclaren,British
18,2019,yas_marina,Abu Dhabi,5.281,16,russell,British,williams,British
5,2019,yas_marina,Abu Dhabi,5.281,16,albon,Thai,red_bull,Austrian
10,2019,yas_marina,Abu Dhabi,5.281,16,perez,Mexican,racing_point,British
9,2019,yas_marina,Abu Dhabi,5.281,16,hulkenberg,German,renault,French
16,2019,interlagos,São Paulo,4.309,15,kvyat,Russian,toro_rosso,Italian
1,2019,interlagos,São Paulo,4.309,15,max_verstappen,Dutch,red_bull,Austrian
20,2019,interlagos,São Paulo,4.309,15,sainz,Spanish,mclaren,British
14,2019,yas_marina,Abu Dhabi,5.281,16,kevin_magnussen,Danish,haas,American
13,2019,yas_marina,Abu Dhabi,5.281,16,kvyat,Russian,toro_rosso,Italian
2,2019,yas_marina,Abu Dhabi,5.281,16,max_verstappen,Dutch,red_bull,Austrian
8,2019,yas_marina,Abu Dhabi,5.281,16,sainz,Spanish,mclaren,British
2,2019,shanghai,Shanghai,5.451,16,hamilton,British,mercedes,German
6,2019,interlagos,São Paulo,4.309,15,gasly,French,toro_rosso,Italian
14,2019,interlagos,São Paulo,4.309,15,leclerc,Monegasque,ferrari,Italian
10,2019,interlagos,São Paulo,4.309,15,norris,British,mclaren,British
17,2019,yas_marina,Abu Dhabi,5.281,16,raikkonen,Finnish,alfa,Swiss
19,2019,yas_marina,Abu Dhabi,5.281,16,kubica,Polish,williams,British
4,2019,yas_marina,Abu Dhabi,5.281,16,vettel,German,ferrari,Italian
15,2019,yas_marina,Abu Dhabi,5.281,16,grosjean,French,haas,American
7,2019,bahrain,Sakhir,5.412,15,sainz,Spanish,mclaren,British
18,2019,bahrain,Sakhir,5.412,15,stroll,Canadian,racing_point,British
16,2019,bahrain,Sakhir,5.412,15,giovinazzi,Italian,alfa,Swiss
13,2019,bahrain,Sakhir,5.412,15,gasly,French,red_bull,Austrian
3,2019,bahrain,Sakhir,5.412,15,hamilton,British,mercedes,German
8,2019,bahrain,Sakhir,5.412,15,raikkonen,Finnish,alfa,Swiss
20,2019,bahrain,Sakhir,5.412,15,kubica,Polish,williams,British
12,2019,bahrain,Sakhir,5.412,15,albon,Thai,toro_rosso,Italian
12,2019,interlagos,São Paulo,4.309,15,giovinazzi,Italian,alfa,Swiss
12,2019,albert_park,Melbourne,5.278,16,ricciardo,Australian,renault,French
