grid,year,circuitRef,location,trackLength,trackTurns,driverRef,driverNationality,constructorRef,constructorNationality
1,2014,sepang,Kuala Lumpur,5.543,15,hamilton,British,mercedes,German
3,2014,sepang,Kuala Lumpur,5.543,15,rosberg,German,mercedes,German
4,2014,sepang,Kuala Lumpur,5.543,15,alonso,Spanish,ferrari,Italian
6,2014,sepang,Kuala Lumpur,5.543,15,raikkonen,Finnish,ferrari,Italian
13,2014,sepang,Kuala Lumpur,5.543,15,massa,Brazilian,williams,British
17,2014,sepang,Kuala Lumpur,5.543,15,sutil,German,sauber,Swiss
10,2014,sepang,Kuala Lumpur,5.543,15,button,British,mclaren,British
2,2014,sepang,Kuala Lumpur,5.543,15,vettel,German,red_bull,Austrian
6,2014,albert_park,Melbourne,5.278,16,vergne,French,toro_rosso,Italian
17,2014,albert_park,Melbourne,5.278,16,chilton,British,marussia,Russian
20,2014,albert_park,Melbourne,5.278,16,gutierrez,Mexican,sauber,Swiss
15,2014,albert_park,Melbourne,5.278,16,bottas,Finnish,williams,British
18,2014,albert_park,Melbourne,5.278,16,jules_bianchi,French,marussia,Russian
4,2014,albert_park,Melbourne,5.278,16,kevin_magnussen,Danish,mclaren,British
8,2014,albert_park,Melbourne,5.278,16,kvyat,Russian,toro_rosso,Italian
19,2014,albert_park,Melbourne,5.278,16,ericsson,Swedish,caterham,Malaysian
18,2014,monaco,Monte-Carlo,3.337,19,sutil,German,sauber,Swiss
12,2014,monaco,Monte-Carlo,3.337,19,button,British,mclaren,British
4,2014,monaco,Monte-Carlo,3.337,19,vettel,German,red_bull,Austrian
22,2014,albert_park,Melbourne,5.278,16,grosjean,French,lotus_f1,British
7,2014,albert_park,Melbourne,5.278,16,hulkenberg,German,force_india,Indian
21,2014,albert_park,Melbourne,5.278,16,maldonado,Venezuelan,lotus_f1,British
16,2014,albert_park,Melbourne,5.278,16,perez,Mexican,force_india,Indian
2,2014,albert_park,Melbourne,5.278,16,ricciardo,Australian,red_bull,Austrian
14,2014,catalunya,Montmeló,4.657,14,kevin_magnussen,Danish,mclaren,British
12,2014,catalunya,Montmeló,4.657,14,kvyat,Russian,toro_rosso,Italian
19,2014,catalunya,Montmeló,4.657,14,ericsson,Swedish,caterham,Malaysian
2,2014,monaco,Monte-Carlo,3.337,19,hamilton,British,mercedes,German
1,2014,monaco,Monte-Carlo,3.337,19,rosberg,German,mercedes,German
5,2014,monaco,Monte-Carlo,3.337,19,alonso,Spanish,ferrari,Italian
6,2014,monaco,Monte-Carlo,3.337,19,raikkonen,Finnish,ferrari,Italian
16,2014,monaco,Monte-Carlo,3.337,19,massa,Brazilian,williams,British
19,2014,monaco,Monte-Carlo,3.337,19,chilton,British,marussia,Russian
17,2014,monaco,Monte-Carlo,3.337,19,gutierrez,Mexican,sauber,Swiss
13,2014,monaco,Monte-Carlo,3.337,19,bottas,Finnish,williams,British
21,2014,monaco,Monte-Carlo,3.337,19,jules_bianchi,French,marussia,Russian
8,2014,monaco,Monte-Carlo,3.337,19,kevin_magnussen,Danish,mclaren,British
9,2014,monaco,Monte-Carlo,3.337,19,kvyat,Russian,toro_rosso,Italian
22,2014,monaco,Monte-Carlo,3.337,19,ericsson,Swedish,caterham,Malaysian
2,2014,villeneuve,Montreal,4.361,14,hamilton,British,mercedes,German
7,2014,shanghai,Shanghai,5.451,16,bottas,Finnish,williams,British
19,2014,shanghai,Shanghai,5.451,16,jules_bianchi,French,marussia,Russian
15,2014,shanghai,Shanghai,5.451,16,kevin_magnussen,Danish,mclaren,British
14,2014,monaco,Monte-Carlo,3.337,19,grosjean,French,lotus_f1,British
20,2014,monaco,Monte-Carlo,3.337,19,kobayashi,Japanese,caterham,Malaysian
11,2014,monaco,Monte-Carlo,3.337,19,hulkenberg,German,force_india,Indian
3,2014,monaco,Monte-Carlo,3.337,19,ricciardo,Australian,red_bull,Austrian
7,2014,monaco,Monte-Carlo,3.337,19,vergne,French,toro_rosso,Italian
22,2014,sepang,Kuala Lumpur,5.543,15,ericsson,Swedish,caterham,Malaysian
2,2014,bahrain,Sakhir,5.412,15,hamilton,British,mercedes,German
1,2014,bahrain,Sakhir,5.412,15,rosberg,German,mercedes,German
9,2014,bahrain,Sakhir,5.412,15,alonso,Spanish,ferrari,Italian
5,2014,bahrain,Sakhir,5.412,15,raikkonen,Finnish,ferrari,Italian
7,2014,bahrain,Sakhir,5.412,15,massa,Brazilian,williams,British
22,2014,bahrain,Sakhir,5.412,15,sutil,German,sauber,Swiss
6,2014,bahrain,Sakhir,5.412,15,button,British,mclaren,British
15,2014,sepang,Kuala Lumpur,5.543,15,grosjean,French,lotus_f1,British
3,2014,albert_park,Melbourne,5.278,16,rosberg,German,mercedes,German
5,2014,albert_park,Melbourne,5.278,16,alonso,Spanish,ferrari,Italian
11,2014,albert_park,Melbourne,5.278,16,raikkonen,Finnish,ferrari,Italian
13,2014,albert_park,Melbourne,5.278,16,sutil,German,sauber,Swiss
10,2014,albert_park,Melbourne,5.278,16,button,British,mclaren,British
12,2014,albert_park,Melbourne,5.278,16,vettel,German,red_bull,Austrian
11,2014,sepang,Kuala Lumpur,5.543,15,kvyat,Russian,toro_rosso,Italian
14,2014,silverstone,Silverstone,5.891,18,bottas,Finnish,williams,British
12,2014,silverstone,Silverstone,5.891,18,jules_bianchi,French,marussia,Russian
5,2014,silverstone,Silverstone,5.891,18,kevin_magnussen,Danish,mclaren,British
9,2014,silverstone,Silverstone,5.891,18,kvyat,Russian,toro_rosso,Italian
21,2014,silverstone,Silverstone,5.891,18,ericsson,Swedish,caterham,Malaysian
20,2014,hockenheimring,Hockenheim,4.574,16,hamilton,British,mercedes,German
1,2014,hockenheimring,Hockenheim,4.574,16,rosberg,German,mercedes,German
7,2014,hockenheimring,Hockenheim,4.574,16,alonso,Spanish,ferrari,Italian
22,2014,silverstone,Silverstone,5.891,18,kobayashi,Japanese,caterham,Malaysian
4,2014,silverstone,Silverstone,5.891,18,hulkenberg,German,force_india,Indian
20,2014,silverstone,Silverstone,5.891,18,maldonado,Venezuelan,lotus_f1,British
7,2014,silverstone,Silverstone,5.891,18,perez,Mexican,force_india,Indian
8,2014,silverstone,Silverstone,5.891,18,ricciardo,Australian,red_bull,Austrian
10,2014,silverstone,Silverstone,5.891,18,vergne,French,toro_rosso,Italian
17,2014,silverstone,Silverstone,5.891,18,chilton,British,marussia,Russian
19,2014,silverstone,Silverstone,5.891,18,gutierrez,Mexican,sauber,Swiss
20,2014,red_bull_ring,Spielberg,4.318,10,ericsson,Swedish,caterham,Malaysian
6,2014,silverstone,Silverstone,5.891,18,hamilton,British,mercedes,German
1,2014,silverstone,Silverstone,5.891,18,rosberg,German,mercedes,German
16,2014,silverstone,Silverstone,5.891,18,alonso,Spanish,ferrari,Italian
13,2014,silverstone,Silverstone,5.891,18,sutil,German,sauber,Swiss
3,2014,silverstone,Silverstone,5.891,18,button,British,mclaren,British
2,2014,silverstone,Silverstone,5.891,18,vettel,German,red_bull,Austrian
11,2014,silverstone,Silverstone,5.891,18,grosjean,French,lotus_f1,British
5,2014,red_bull_ring,Spielberg,4.318,10,ricciardo,Australian,red_bull,Austrian
14,2014,red_bull_ring,Spielberg,4.318,10,vergne,French,toro_rosso,Italian
21,2014,red_bull_ring,Spielberg,4.318,10,chilton,British,marussia,Russian
17,2014,red_bull_ring,Spielberg,4.318,10,gutierrez,Mexican,sauber,Swiss
2,2014,red_bull_ring,Spielberg,4.318,10,bottas,Finnish,williams,British
18,2014,red_bull_ring,Spielberg,4.318,10,jules_bianchi,French,marussia,Russian
6,2014,red_bull_ring,Spielberg,4.318,10,kevin_magnussen,Danish,mclaren,British
7,2014,red_bull_ring,Spielberg,4.318,10,kvyat,Russian,toro_rosso,Italian
7,2014,hungaroring,Budapest,4.381,14,button,British,mclaren,British
2,2014,hungaroring,Budapest,4.381,14,vettel,German,red_bull,Austrian
14,2014,hungaroring,Budapest,4.381,14,grosjean,French,lotus_f1,British
17,2014,hungaroring,Budapest,4.381,14,kobayashi,Japanese,caterham,Malaysian
9,2014,hungaroring,Budapest,4.381,14,hulkenberg,German,force_india,Indian
20,2014,hungaroring,Budapest,4.381,14,maldonado,Venezuelan,lotus_f1,British
12,2014,hungaroring,Budapest,4.381,14,perez,Mexican,force_india,Indian
4,2014,hungaroring,Budapest,4.381,14,ricciardo,Australian,red_bull,Austrian
8,2014,hockenheimring,Hockenheim,4.574,16,kvyat,Russian,toro_rosso,Italian
22,2014,hockenheimring,Hockenheim,4.574,16,ericsson,Swedish,caterham,Malaysian
22,2014,hungaroring,Budapest,4.381,14,hamilton,British,mercedes,German
1,2014,hungaroring,Budapest,4.381,14,rosberg,German,mercedes,German
5,2014,hungaroring,Budapest,4.381,14,alonso,Spanish,ferrari,Italian
16,2014,hungaroring,Budapest,4.381,14,raikkonen,Finnish,ferrari,Italian
6,2014,hungaroring,Budapest,4.381,14,massa,Brazilian,williams,British
11,2014,hungaroring,Budapest,4.381,14,sutil,German,sauber,Swiss
10,2014,hockenheimring,Hockenheim,4.574,16,perez,Mexican,force_india,Indian
5,2014,hockenheimring,Hockenheim,4.574,16,ricciardo,Australian,red_bull,Austrian
13,2014,hockenheimring,Hockenheim,4.574,16,vergne,French,toro_rosso,Italian
21,2014,hockenheimring,Hockenheim,4.574,16,chilton,British,marussia,Russian
16,2014,hockenheimring,Hockenheim,4.574,16,gutierrez,Mexican,sauber,Swiss
2,2014,hockenheimring,Hockenheim,4.574,16,bottas,Finnish,williams,British
17,2014,hockenheimring,Hockenheim,4.574,16,jules_bianchi,French,marussia,Russian
4,2014,hockenheimring,Hockenheim,4.574,16,kevin_magnussen,Danish,mclaren,British
12,2014,hockenheimring,Hockenheim,4.574,16,raikkonen,Finnish,ferrari,Italian
15,2014,hockenheimring,Hockenheim,4.574,16,sutil,German,sauber,Swiss
11,2014,hockenheimring,Hockenheim,4.574,16,button,British,mclaren,British
6,2014,hockenheimring,Hockenheim,4.574,16,vettel,German,red_bull,Austrian
14,2014,hockenheimring,Hockenheim,4.574,16,grosjean,French,lotus_f1,British
19,2014,hockenheimring,Hockenheim,4.574,16,kobayashi,Japanese,caterham,Malaysian
9,2014,hockenheimring,Hockenheim,4.574,16,hulkenberg,German,force_india,Indian
18,2014,hockenheimring,Hockenheim,4.574,16,maldonado,Venezuelan,lotus_f1,British
6,2014,spa,Spa,7.004,20,bottas,Finnish,williams,British
16,2014,spa,Spa,7.004,20,jules_bianchi,French,marussia,Russian
7,2014,spa,Spa,7.004,20,kevin_magnussen,Danish,mclaren,British
11,2014,spa,Spa,7.004,20,kvyat,Russian,toro_rosso,Italian
21,2014,spa,Spa,7.004,20,lotterer,German,caterham,Malaysian
22,2014,spa,Spa,7.004,20,ericsson,Swedish,caterham,Malaysian
1,2014,monza,Monza,5.793,11,hamilton,British,mercedes,German
2,2014,monza,Monza,5.793,11,rosberg,German,mercedes,German
15,2014,spa,Spa,7.004,20,grosjean,French,lotus_f1,British
18,2014,spa,Spa,7.004,20,hulkenberg,German,force_india,Indian
17,2014,spa,Spa,7.004,20,maldonado,Venezuelan,lotus_f1,British
13,2014,spa,Spa,7.004,20,perez,Mexican,force_india,Indian
5,2014,spa,Spa,7.004,20,ricciardo,Australian,red_bull,Austrian
12,2014,spa,Spa,7.004,20,vergne,French,toro_rosso,Italian
19,2014,spa,Spa,7.004,20,chilton,British,marussia,Russian
20,2014,spa,Spa,7.004,20,gutierrez,Mexican,sauber,Swiss
2,2014,spa,Spa,7.004,20,hamilton,British,mercedes,German
1,2014,spa,Spa,7.004,20,rosberg,German,mercedes,German
4,2014,spa,Spa,7.004,20,alonso,Spanish,ferrari,Italian
8,2014,spa,Spa,7.004,20,raikkonen,Finnish,ferrari,Italian
9,2014,spa,Spa,7.004,20,massa,Brazilian,williams,British
14,2014,spa,Spa,7.004,20,sutil,German,sauber,Swiss
10,2014,spa,Spa,7.004,20,button,British,mclaren,British
3,2014,spa,Spa,7.004,20,vettel,German,red_bull,Austrian
8,2014,hungaroring,Budapest,4.381,14,vergne,French,toro_rosso,Italian
18,2014,hungaroring,Budapest,4.381,14,chilton,British,marussia,Russian
13,2014,hungaroring,Budapest,4.381,14,gutierrez,Mexican,sauber,Swiss
3,2014,hungaroring,Budapest,4.381,14,bottas,Finnish,williams,British
15,2014,hungaroring,Budapest,4.381,14,jules_bianchi,French,marussia,Russian
21,2014,hungaroring,Budapest,4.381,14,kevin_magnussen,Danish,mclaren,British
10,2014,hungaroring,Budapest,4.381,14,kvyat,Russian,toro_rosso,Italian
19,2014,hungaroring,Budapest,4.381,14,ericsson,Swedish,caterham,Malaysian
6,2014,marina_bay,Marina Bay,4.94,19,massa,Brazilian,williams,British
17,2014,marina_bay,Marina Bay,4.94,19,sutil,German,sauber,Swiss
11,2014,marina_bay,Marina Bay,4.94,19,button,British,mclaren,British
4,2014,marina_bay,Marina Bay,4.94,19,vettel,German,red_bull,Austrian
16,2014,marina_bay,Marina Bay,4.94,19,grosjean,French,lotus_f1,British
13,2014,marina_bay,Marina Bay,4.94,19,hulkenberg,German,force_india,Indian
18,2014,marina_bay,Marina Bay,4.94,19,maldonado,Venezuelan,lotus_f1,British
15,2014,marina_bay,Marina Bay,4.94,19,perez,Mexican,force_india,Indian
19,2014,monza,Monza,5.793,11,jules_bianchi,French,marussia,Russian
5,2014,monza,Monza,5.793,11,kevin_magnussen,Danish,mclaren,British
21,2014,monza,Monza,5.793,11,kvyat,Russian,toro_rosso,Italian
22,2014,monza,Monza,5.793,11,ericsson,Swedish,caterham,Malaysian
1,2014,marina_bay,Marina Bay,4.94,19,hamilton,British,mercedes,German
2,2014,marina_bay,Marina Bay,4.94,19,rosberg,German,mercedes,German
5,2014,marina_bay,Marina Bay,4.94,19,alonso,Spanish,ferrari,Italian
7,2014,marina_bay,Marina Bay,4.94,19,raikkonen,Finnish,ferrari,Italian
13,2014,monza,Monza,5.793,11,hulkenberg,German,force_india,Indian
16,2014,monza,Monza,5.793,11,maldonado,Venezuelan,lotus_f1,British
10,2014,monza,Monza,5.793,11,perez,Mexican,force_india,Indian
9,2014,monza,Monza,5.793,11,ricciardo,Australian,red_bull,Austrian
12,2014,monza,Monza,5.793,11,vergne,French,toro_rosso,Italian
20,2014,monza,Monza,5.793,11,chilton,British,marussia,Russian
15,2014,monza,Monza,5.793,11,gutierrez,Mexican,sauber,Swiss
3,2014,monza,Monza,5.793,11,bottas,Finnish,williams,British
7,2014,monza,Monza,5.793,11,alonso,Spanish,ferrari,Italian
11,2014,monza,Monza,5.793,11,raikkonen,Finnish,ferrari,Italian
4,2014,monza,Monza,5.793,11,massa,Brazilian,williams,British
14,2014,monza,Monza,5.793,11,sutil,German,sauber,Swiss
6,2014,monza,Monza,5.793,11,button,British,mclaren,British
8,2014,monza,Monza,5.793,11,vettel,German,red_bull,Austrian
17,2014,monza,Monza,5.793,11,grosjean,French,lotus_f1,British
18,2014,monza,Monza,5.793,11,kobayashi,Japanese,caterham,Malaysian
21,2014,suzuka,Suzuka,5.807,18,chilton,British,marussia,Russian
15,2014,suzuka,Suzuka,5.807,18,gutierrez,Mexican,sauber,Swiss
3,2014,suzuka,Suzuka,5.807,18,bottas,Finnish,williams,British
18,2014,suzuka,Suzuka,5.807,18,jules_bianchi,French,marussia,Russian
7,2014,suzuka,Suzuka,5.807,18,kevin_magnussen,Danish,mclaren,British
12,2014,suzuka,Suzuka,5.807,18,kvyat,Russian,toro_rosso,Italian
17,2014,suzuka,Suzuka,5.807,18,ericsson,Swedish,caterham,Malaysian
1,2014,sochi,Sochi,5.848,15,hamilton,British,mercedes,German
9,2014,suzuka,Suzuka,5.807,18,vettel,German,red_bull,Austrian
16,2014,suzuka,Suzuka,5.807,18,grosjean,French,lotus_f1,British
19,2014,suzuka,Suzuka,5.807,18,kobayashi,Japanese,caterham,Malaysian
13,2014,suzuka,Suzuka,5.807,18,hulkenberg,German,force_india,Indian
22,2014,suzuka,Suzuka,5.807,18,maldonado,Venezuelan,lotus_f1,British
11,2014,suzuka,Suzuka,5.807,18,perez,Mexican,force_india,Indian
6,2014,suzuka,Suzuka,5.807,18,ricciardo,Australian,red_bull,Austrian
20,2014,suzuka,Suzuka,5.807,18,vergne,French,toro_rosso,Italian
22,2014,marina_bay,Marina Bay,4.94,19,ericsson,Swedish,caterham,Malaysian
2,2014,suzuka,Suzuka,5.807,18,hamilton,British,mercedes,German
1,2014,suzuka,Suzuka,5.807,18,rosberg,German,mercedes,German
5,2014,suzuka,Suzuka,5.807,18,alonso,Spanish,ferrari,Italian
10,2014,suzuka,Suzuka,5.807,18,raikkonen,Finnish,ferrari,Italian
4,2014,suzuka,Suzuka,5.807,18,massa,Brazilian,williams,British
14,2014,suzuka,Suzuka,5.807,18,sutil,German,sauber,Swiss
8,2014,suzuka,Suzuka,5.807,18,button,British,mclaren,British
3,2014,marina_bay,Marina Bay,4.94,19,ricciardo,Australian,red_bull,Austrian
12,2014,marina_bay,Marina Bay,4.94,19,vergne,French,toro_rosso,Italian
21,2014,marina_bay,Marina Bay,4.94,19,chilton,British,marussia,Russian
14,2014,marina_bay,Marina Bay,4.94,19,gutierrez,Mexican,sauber,Swiss
8,2014,marina_bay,Marina Bay,4.94,19,bottas,Finnish,williams,British
19,2014,marina_bay,Marina Bay,4.94,19,jules_bianchi,French,marussia,Russian
9,2014,marina_bay,Marina Bay,4.94,19,kevin_magnussen,Danish,mclaren,British
10,2014,marina_bay,Marina Bay,4.94,19,kvyat,Russian,toro_rosso,Italian
4,2014,americas,Austin,5.513,20,massa,Brazilian,williams,British
12,2014,americas,Austin,5.513,20,button,British,mclaren,British
18,2014,americas,Austin,5.513,20,vettel,German,red_bull,Austrian
16,2014,americas,Austin,5.513,20,grosjean,French,lotus_f1,British
13,2014,americas,Austin,5.513,20,hulkenberg,German,force_india,Indian
10,2014,americas,Austin,5.513,20,maldonado,Venezuelan,lotus_f1,British
11,2014,americas,Austin,5.513,20,perez,Mexican,force_india,Indian
5,2014,americas,Austin,5.513,20,ricciardo,Australian,red_bull,Austrian
3,2014,sochi,Sochi,5.848,15,bottas,Finnish,williams,British
11,2014,sochi,Sochi,5.848,15,kevin_magnussen,Danish,mclaren,British
5,2014,sochi,Sochi,5.848,15,kvyat,Russian,toro_rosso,Italian
16,2014,sochi,Sochi,5.848,15,ericsson,Swedish,caterham,Malaysian
2,2014,americas,Austin,5.513,20,hamilton,British,mercedes,German
1,2014,americas,Austin,5.513,20,rosberg,German,mercedes,German
6,2014,americas,Austin,5.513,20,alonso,Spanish,ferrari,Italian
8,2014,americas,Austin,5.513,20,raikkonen,Finnish,ferrari,Italian
19,2014,sochi,Sochi,5.848,15,kobayashi,Japanese,caterham,Malaysian
17,2014,sochi,Sochi,5.848,15,hulkenberg,German,force_india,Indian
21,2014,sochi,Sochi,5.848,15,maldonado,Venezuelan,lotus_f1,British
12,2014,sochi,Sochi,5.848,15,perez,Mexican,force_india,Indian
6,2014,sochi,Sochi,5.848,15,ricciardo,Australian,red_bull,Austrian
9,2014,sochi,Sochi,5.848,15,vergne,French,toro_rosso,Italian
20,2014,sochi,Sochi,5.848,15,chilton,British,marussia,Russian
13,2014,sochi,Sochi,5.848,15,gutierrez,Mexican,sauber,Swiss
2,2014,sochi,Sochi,5.848,15,rosberg,German,mercedes,German
7,2014,sochi,Sochi,5.848,15,alonso,Spanish,ferrari,Italian
8,2014,sochi,Sochi,5.848,15,raikkonen,Finnish,ferrari,Italian
18,2014,sochi,Sochi,5.848,15,massa,Brazilian,williams,British
14,2014,sochi,Sochi,5.848,15,sutil,German,sauber,Swiss
4,2014,sochi,Sochi,5.848,15,button,British,mclaren,British
10,2014,sochi,Sochi,5.848,15,vettel,German,red_bull,Austrian
15,2014,sochi,Sochi,5.848,15,grosjean,French,lotus_f1,British
1,2014,yas_marina,Abu Dhabi,5.281,16,rosberg,German,mercedes,German
8,2014,yas_marina,Abu Dhabi,5.281,16,alonso,Spanish,ferrari,Italian
7,2014,yas_marina,Abu Dhabi,5.281,16,raikkonen,Finnish,ferrari,Italian
4,2014,yas_marina,Abu Dhabi,5.281,16,massa,Brazilian,williams,British
13,2014,yas_marina,Abu Dhabi,5.281,16,sutil,German,sauber,Swiss
6,2014,yas_marina,Abu Dhabi,5.281,16,button,British,mclaren,British
19,2014,yas_marina,Abu Dhabi,5.281,16,vettel,German,red_bull,Austrian
18,2014,yas_marina,Abu Dhabi,5.281,16,grosjean,French,lotus_f1,British
18,2014,interlagos,São Paulo,4.309,15,perez,Mexican,force_india,Indian
9,2014,interlagos,São Paulo,4.309,15,ricciardo,Australian,red_bull,Austrian
15,2014,interlagos,São Paulo,4.309,15,vergne,French,toro_rosso,Italian
11,2014,interlagos,São Paulo,4.309,15,gutierrez,Mexican,sauber,Swiss
4,2014,interlagos,São Paulo,4.309,15,bottas,Finnish,williams,British
7,2014,interlagos,São Paulo,4.309,15,kevin_magnussen,Danish,mclaren,British
17,2014,interlagos,São Paulo,4.309,15,kvyat,Russian,toro_rosso,Italian
2,2014,yas_marina,Abu Dhabi,5.281,16,hamilton,British,mercedes,German
10,2014,interlagos,São Paulo,4.309,15,raikkonen,Finnish,ferrari,Italian
3,2014,interlagos,São Paulo,4.309,15,massa,Brazilian,williams,British
13,2014,interlagos,São Paulo,4.309,15,sutil,German,sauber,Swiss
5,2014,interlagos,São Paulo,4.309,15,button,British,mclaren,British
6,2014,interlagos,São Paulo,4.309,15,vettel,German,red_bull,Austrian
14,2014,interlagos,São Paulo,4.309,15,grosjean,French,lotus_f1,British
12,2014,interlagos,São Paulo,4.309,15,hulkenberg,German,force_india,Indian
16,2014,interlagos,São Paulo,4.309,15,maldonado,Venezuelan,lotus_f1,British
14,2014,americas,Austin,5.513,20,vergne,French,toro_rosso,Italian
15,2014,americas,Austin,5.513,20,gutierrez,Mexican,sauber,Swiss
3,2014,americas,Austin,5.513,20,bottas,Finnish,williams,British
7,2014,americas,Austin,5.513,20,kevin_magnussen,Danish,mclaren,British
17,2014,americas,Austin,5.513,20,kvyat,Russian,toro_rosso,Italian
2,2014,interlagos,São Paulo,4.309,15,hamilton,British,mercedes,German
1,2014,interlagos,São Paulo,4.309,15,rosberg,German,mercedes,German
8,2014,interlagos,São Paulo,4.309,15,alonso,Spanish,ferrari,Italian
12,2014,bahrain,Sakhir,5.412,15,kvyat,Russian,toro_rosso,Italian
20,2014,bahrain,Sakhir,5.412,15,ericsson,Swedish,caterham,Malaysian
1,2014,shanghai,Shanghai,5.451,16,hamilton,British,mercedes,German
4,2014,shanghai,Shanghai,5.451,16,rosberg,German,mercedes,German
5,2014,shanghai,Shanghai,5.451,16,alonso,Spanish,ferrari,Italian
11,2014,shanghai,Shanghai,5.451,16,raikkonen,Finnish,ferrari,Italian
6,2014,shanghai,Shanghai,5.451,16,massa,Brazilian,williams,British
14,2014,shanghai,Shanghai,5.451,16,sutil,German,sauber,Swiss
4,2014,bahrain,Sakhir,5.412,15,perez,Mexican,force_india,Indian
13,2014,bahrain,Sakhir,5.412,15,ricciardo,Australian,red_bull,Austrian
14,2014,bahrain,Sakhir,5.412,15,vergne,French,toro_rosso,Italian
21,2014,bahrain,Sakhir,5.412,15,chilton,British,marussia,Russian
15,2014,bahrain,Sakhir,5.412,15,gutierrez,Mexican,sauber,Swiss
3,2014,bahrain,Sakhir,5.412,15,bottas,Finnish,williams,British
19,2014,bahrain,Sakhir,5.412,15,jules_bianchi,French,marussia,Russian
8,2014,bahrain,Sakhir,5.412,15,kevin_magnussen,Danish,mclaren,British
9,2014,yas_marina,Abu Dhabi,5.281,16,kevin_magnussen,Danish,mclaren,British
5,2014,yas_marina,Abu Dhabi,5.281,16,kvyat,Russian,toro_rosso,Italian
17,2014,yas_marina,Abu Dhabi,5.281,16,stevens,British,caterham,Malaysian
10,2014,bahrain,Sakhir,5.412,15,vettel,German,red_bull,Austrian
16,2014,bahrain,Sakhir,5.412,15,grosjean,French,lotus_f1,British
18,2014,bahrain,Sakhir,5.412,15,kobayashi,Japanese,caterham,Malaysian
11,2014,bahrain,Sakhir,5.412,15,hulkenberg,German,force_india,Indian
17,2014,bahrain,Sakhir,5.412,15,maldonado,Venezuelan,lotus_f1,British
16,2014,yas_marina,Abu Dhabi,5.281,16,kobayashi,Japanese,caterham,Malaysian
12,2014,yas_marina,Abu Dhabi,5.281,16,hulkenberg,German,force_india,Indian
15,2014,yas_marina,Abu Dhabi,5.281,16,maldonado,Venezuelan,lotus_f1,British
11,2014,yas_marina,Abu Dhabi,5.281,16,perez,Mexican,force_india,Indian
20,2014,yas_marina,Abu Dhabi,5.281,16,ricciardo,Australian,red_bull,Austrian
10,2014,yas_marina,Abu Dhabi,5.281,16,vergne,French,toro_rosso,Italian
14,2014,yas_marina,Abu Dhabi,5.281,16,gutierrez,Mexican,sauber,Swiss
3,2014,yas_marina,Abu Dhabi,5.281,16,bottas,Finnish,williams,British
22,2014,catalunya,Montmeló,4.657,14,maldonado,Venezuelan,lotus_f1,British
11,2014,catalunya,Montmeló,4.657,14,perez,Mexican,force_india,Indian
3,2014,catalunya,Montmeló,4.657,14,ricciardo,Australian,red_bull,Austrian
21,2014,catalunya,Montmeló,4.657,14,vergne,French,toro_rosso,Italian
17,2014,catalunya,Montmeló,4.657,14,chilton,British,marussia,Russian
13,2014,catalunya,Montmeló,4.657,14,gutierrez,Mexican,sauber,Swiss
4,2014,catalunya,Montmeló,4.657,14,bottas,Finnish,williams,British
18,2014,catalunya,Montmeló,4.657,14,jules_bianchi,French,marussia,Russian
6,2014,catalunya,Montmeló,4.657,14,raikkonen,Finnish,ferrari,Italian
9,2014,catalunya,Montmeló,4.657,14,massa,Brazilian,williams,British
16,2014,catalunya,Montmeló,4.657,14,sutil,German,sauber,Swiss
8,2014,catalunya,Montmeló,4.657,14,button,British,mclaren,British
15,2014,catalunya,Montmeló,4.657,14,vettel,German,red_bull,Austrian
5,2014,catalunya,Montmeló,4.657,14,grosjean,French,lotus_f1,British
20,2014,catalunya,Montmeló,4.657,14,kobayashi,Japanese,caterham,Malaysian
10,2014,catalunya,Montmeló,4.657,14,hulkenberg,German,force_india,Indian
9,2014,shanghai,Shanghai,5.451,16,vergne,French,toro_rosso,Italian
21,2014,shanghai,Shanghai,5.451,16,chilton,British,marussia,Russian
17,2014,shanghai,Shanghai,5.451,16,gutierrez,Mexican,sauber,Swiss
13,2014,shanghai,Shanghai,5.451,16,kvyat,Russian,toro_rosso,Italian
20,2014,shanghai,Shanghai,5.451,16,ericsson,Swedish,caterham,Malaysian
1,2014,catalunya,Montmeló,4.657,14,hamilton,British,mercedes,German
2,2014,catalunya,Montmeló,4.657,14,rosberg,German,mercedes,German
7,2014,catalunya,Montmeló,4.657,14,alonso,Spanish,ferrari,Italian
12,2014,shanghai,Shanghai,5.451,16,button,British,mclaren,British
3,2014,shanghai,Shanghai,5.451,16,vettel,German,red_bull,Austrian
10,2014,shanghai,Shanghai,5.451,16,grosjean,French,lotus_f1,British
18,2014,shanghai,Shanghai,5.451,16,kobayashi,Japanese,caterham,Malaysian
8,2014,shanghai,Shanghai,5.451,16,hulkenberg,German,force_india,Indian
22,2014,shanghai,Shanghai,5.451,16,maldonado,Venezuelan,lotus_f1,British
16,2014,shanghai,Shanghai,5.451,16,perez,Mexican,force_india,Indian
2,2014,shanghai,Shanghai,5.451,16,ricciardo,Australian,red_bull,Austrian
16,2014,red_bull_ring,Spielberg,4.318,10,sutil,German,sauber,Swiss
11,2014,red_bull_ring,Spielberg,4.318,10,button,British,mclaren,British
12,2014,red_bull_ring,Spielberg,4.318,10,vettel,German,red_bull,Austrian
22,2014,red_bull_ring,Spielberg,4.318,10,grosjean,French,lotus_f1,British
19,2014,red_bull_ring,Spielberg,4.318,10,kobayashi,Japanese,caterham,Malaysian
10,2014,red_bull_ring,Spielberg,4.318,10,hulkenberg,German,force_india,Indian
13,2014,red_bull_ring,Spielberg,4.318,10,maldonado,Venezuelan,lotus_f1,British
15,2014,red_bull_ring,Spielberg,4.318,10,perez,Mexican,force_india,Indian
12,2014,villeneuve,Montreal,4.361,14,kevin_magnussen,Danish,mclaren,British
15,2014,villeneuve,Montreal,4.361,14,kvyat,Russian,toro_rosso,Italian
20,2014,villeneuve,Montreal,4.361,14,ericsson,Swedish,caterham,Malaysian
9,2014,red_bull_ring,Spielberg,4.318,10,hamilton,British,mercedes,German
3,2014,red_bull_ring,Spielberg,4.318,10,rosberg,German,mercedes,German
4,2014,red_bull_ring,Spielberg,4.318,10,alonso,Spanish,ferrari,Italian
8,2014,red_bull_ring,Spielberg,4.318,10,raikkonen,Finnish,ferrari,Italian
1,2014,red_bull_ring,Spielberg,4.318,10,massa,Brazilian,williams,British
21,2014,villeneuve,Montreal,4.361,14,kobayashi,Japanese,caterham,Malaysian
11,2014,villeneuve,Montreal,4.361,14,hulkenberg,German,force_india,Indian
17,2014,villeneuve,Montreal,4.361,14,maldonado,Venezuelan,lotus_f1,British
13,2014,villeneuve,Montreal,4.361,14,perez,Mexican,force_india,Indian
6,2014,villeneuve,Montreal,4.361,14,ricciardo,Australian,red_bull,Austrian
8,2014,villeneuve,Montreal,4.361,14,vergne,French,toro_rosso,Italian
22,2014,villeneuve,Montreal,4.361,14,gutierrez,Mexican,sauber,Swiss
4,2014,villeneuve,Montreal,4.361,14,bottas,Finnish,williams,British
1,2014,villeneuve,Montreal,4.361,14,rosberg,German,mercedes,German
7,2014,villeneuve,Montreal,4.361,14,alonso,Spanish,ferrari,Italian
10,2014,villeneuve,Montreal,4.361,14,raikkonen,Finnish,ferrari,Italian
5,2014,villeneuve,Montreal,4.361,14,massa,Brazilian,williams,British
16,2014,villeneuve,Montreal,4.361,14,sutil,German,sauber,Swiss
9,2014,villeneuve,Montreal,4.361,14,button,British,mclaren,British
3,2014,villeneuve,Montreal,4.361,14,vettel,German,red_bull,Austrian
14,2014,villeneuve,Montreal,4.361,14,grosjean,French,lotus_f1,British
20,2014,sepang,Kuala Lumpur,5.543,15,kobayashi,Japanese,caterham,Malaysian
7,2014,sepang,Kuala Lumpur,5.543,15,hulkenberg,German,force_india,Indian
16,2014,sepang,Kuala Lumpur,5.543,15,maldonado,Venezuelan,lotus_f1,British
5,2014,sepang,Kuala Lumpur,5.543,15,ricciardo,Australian,red_bull,Austrian
9,2014,sepang,Kuala Lumpur,5.543,15,vergne,French,toro_rosso,Italian
21,2014,sepang,Kuala Lumpur,5.543,15,chilton,British,marussia,Russian
12,2014,sepang,Kuala Lumpur,5.543,15,gutierrez,Mexican,sauber,Swiss
18,2014,sepang,Kuala Lumpur,5.543,15,bottas,Finnish,williams,British
19,2014,sepang,Kuala Lumpur,5.543,15,jules_bianchi,French,marussia,Russian
8,2014,sepang,Kuala Lumpur,5.543,15,kevin_magnussen,Danish,mclaren,British
1,2014,albert_park,Melbourne,5.278,16,hamilton,British,mercedes,German
6,2015,albert_park,Melbourne,5.278,16,ricciardo,Australian,red_bull,Austrian
15,2015,albert_park,Melbourne,5.278,16,ericsson,Swedish,sauber,Swiss
11,2015,albert_park,Melbourne,5.278,16,max_verstappen,Dutch,toro_rosso,Italian
10,2015,albert_park,Melbourne,5.278,16,nasr,Brazilian,sauber,Swiss
7,2015,albert_park,Melbourne,5.278,16,sainz,Spanish,toro_rosso,Italian
1,2015,sepang,Kuala Lumpur,5.543,15,hamilton,British,mercedes,German
3,2015,sepang,Kuala Lumpur,5.543,15,rosberg,German,mercedes,German
18,2015,sepang,Kuala Lumpur,5.543,15,alonso,Spanish,mclaren,British
11,2015,sepang,Kuala Lumpur,5.543,15,raikkonen,Finnish,ferrari,Italian
7,2015,sepang,Kuala Lumpur,5.543,15,massa,Brazilian,williams,British
17,2015,sepang,Kuala Lumpur,5.543,15,button,British,mclaren,British
2,2015,sepang,Kuala Lumpur,5.543,15,vettel,German,ferrari,Italian
10,2015,sepang,Kuala Lumpur,5.543,15,grosjean,French,lotus_f1,British
13,2015,sepang,Kuala Lumpur,5.543,15,hulkenberg,German,force_india,Indian
12,2015,sepang,Kuala Lumpur,5.543,15,maldonado,Venezuelan,lotus_f1,British
14,2015,sepang,Kuala Lumpur,5.543,15,perez,Mexican,force_india,Indian
4,2015,sepang,Kuala Lumpur,5.543,15,ricciardo,Australian,red_bull,Austrian
8,2015,sepang,Kuala Lumpur,5.543,15,bottas,Finnish,williams,British
5,2015,sepang,Kuala Lumpur,5.543,15,kvyat,Russian,red_bull,Austrian
9,2015,sepang,Kuala Lumpur,5.543,15,ericsson,Swedish,sauber,Swiss
6,2015,sepang,Kuala Lumpur,5.543,15,max_verstappen,Dutch,toro_rosso,Italian
16,2015,sepang,Kuala Lumpur,5.543,15,nasr,Brazilian,sauber,Swiss
15,2015,sepang,Kuala Lumpur,5.543,15,sainz,Spanish,toro_rosso,Italian
19,2015,sepang,Kuala Lumpur,5.543,15,merhi,Spanish,manor,British
10,2015,monaco,Monte-Carlo,3.337,19,button,British,mclaren,British
3,2015,monaco,Monte-Carlo,3.337,19,vettel,German,ferrari,Italian
15,2015,monaco,Monte-Carlo,3.337,19,grosjean,French,lotus_f1,British
11,2015,monaco,Monte-Carlo,3.337,19,hulkenberg,German,force_india,Indian
8,2015,monaco,Monte-Carlo,3.337,19,maldonado,Venezuelan,lotus_f1,British
7,2015,monaco,Monte-Carlo,3.337,19,perez,Mexican,force_india,Indian
4,2015,monaco,Monte-Carlo,3.337,19,ricciardo,Australian,red_bull,Austrian
16,2015,monaco,Monte-Carlo,3.337,19,bottas,Finnish,williams,British
1,2015,catalunya,Montmeló,4.657,14,rosberg,German,mercedes,German
13,2015,catalunya,Montmeló,4.657,14,alonso,Spanish,mclaren,British
7,2015,catalunya,Montmeló,4.657,14,raikkonen,Finnish,ferrari,Italian
9,2015,catalunya,Montmeló,4.657,14,massa,Brazilian,williams,British
14,2015,catalunya,Montmeló,4.657,14,button,British,mclaren,British
3,2015,catalunya,Montmeló,4.657,14,vettel,German,ferrari,Italian
11,2015,catalunya,Montmeló,4.657,14,grosjean,French,lotus_f1,British
17,2015,catalunya,Montmeló,4.657,14,hulkenberg,German,force_india,Indian
12,2015,catalunya,Montmeló,4.657,14,maldonado,Venezuelan,lotus_f1,British
18,2015,catalunya,Montmeló,4.657,14,perez,Mexican,force_india,Indian
10,2015,catalunya,Montmeló,4.657,14,ricciardo,Australian,red_bull,Austrian
4,2015,catalunya,Montmeló,4.657,14,bottas,Finnish,williams,British
8,2015,catalunya,Montmeló,4.657,14,kvyat,Russian,red_bull,Austrian
16,2015,catalunya,Montmeló,4.657,14,ericsson,Swedish,sauber,Swiss
19,2015,catalunya,Montmeló,4.657,14,stevens,British,manor,British
6,2015,catalunya,Montmeló,4.657,14,max_verstappen,Dutch,toro_rosso,Italian
15,2015,catalunya,Montmeló,4.657,14,nasr,Brazilian,sauber,Swiss
5,2015,catalunya,Montmeló,4.657,14,sainz,Spanish,toro_rosso,Italian
20,2015,catalunya,Montmeló,4.657,14,merhi,Spanish,manor,British
1,2015,monaco,Monte-Carlo,3.337,19,hamilton,British,mercedes,German
2,2015,monaco,Monte-Carlo,3.337,19,rosberg,German,mercedes,German
13,2015,monaco,Monte-Carlo,3.337,19,alonso,Spanish,mclaren,British
6,2015,monaco,Monte-Carlo,3.337,19,raikkonen,Finnish,ferrari,Italian
12,2015,monaco,Monte-Carlo,3.337,19,massa,Brazilian,williams,British
1,2015,albert_park,Melbourne,5.278,16,hamilton,British,mercedes,German
13,2015,bahrain,Sakhir,5.412,15,ericsson,Swedish,sauber,Swiss
18,2015,bahrain,Sakhir,5.412,15,stevens,British,manor,British
15,2015,bahrain,Sakhir,5.412,15,max_verstappen,Dutch,toro_rosso,Italian
12,2015,bahrain,Sakhir,5.412,15,nasr,Brazilian,sauber,Swiss
9,2015,bahrain,Sakhir,5.412,15,sainz,Spanish,toro_rosso,Italian
19,2015,bahrain,Sakhir,5.412,15,merhi,Spanish,manor,British
2,2015,catalunya,Montmeló,4.657,14,hamilton,British,mercedes,German
9,2015,red_bull_ring,Spielberg,4.318,10,grosjean,French,lotus_f1,British
5,2015,red_bull_ring,Spielberg,4.318,10,hulkenberg,German,force_india,Indian
10,2015,red_bull_ring,Spielberg,4.318,10,maldonado,Venezuelan,lotus_f1,British
13,2015,red_bull_ring,Spielberg,4.318,10,perez,Mexican,force_india,Indian
18,2015,red_bull_ring,Spielberg,4.318,10,ricciardo,Australian,red_bull,Austrian
6,2015,red_bull_ring,Spielberg,4.318,10,bottas,Finnish,williams,British
15,2015,red_bull_ring,Spielberg,4.318,10,kvyat,Russian,red_bull,Austrian
11,2015,red_bull_ring,Spielberg,4.318,10,ericsson,Swedish,sauber,Swiss
17,2015,red_bull_ring,Spielberg,4.318,10,stevens,British,manor,British
7,2015,red_bull_ring,Spielberg,4.318,10,max_verstappen,Dutch,toro_rosso,Italian
8,2015,red_bull_ring,Spielberg,4.318,10,nasr,Brazilian,sauber,Swiss
12,2015,red_bull_ring,Spielberg,4.318,10,sainz,Spanish,toro_rosso,Italian
16,2015,red_bull_ring,Spielberg,4.318,10,merhi,Spanish,manor,British
1,2015,silverstone,Silverstone,5.891,18,hamilton,British,mercedes,German
2,2015,silverstone,Silverstone,5.891,18,rosberg,German,mercedes,German
17,2015,silverstone,Silverstone,5.891,18,alonso,Spanish,mclaren,British
5,2015,silverstone,Silverstone,5.891,18,raikkonen,Finnish,ferrari,Italian
3,2015,silverstone,Silverstone,5.891,18,massa,Brazilian,williams,British
6,2015,silverstone,Silverstone,5.891,18,vettel,German,ferrari,Italian
9,2015,silverstone,Silverstone,5.891,18,hulkenberg,German,force_india,Indian
11,2015,silverstone,Silverstone,5.891,18,perez,Mexican,force_india,Indian
10,2015,silverstone,Silverstone,5.891,18,ricciardo,Australian,red_bull,Austrian
4,2015,silverstone,Silverstone,5.891,18,bottas,Finnish,williams,British
7,2015,silverstone,Silverstone,5.891,18,kvyat,Russian,red_bull,Austrian
15,2015,silverstone,Silverstone,5.891,18,ericsson,Swedish,sauber,Swiss
19,2015,silverstone,Silverstone,5.891,18,stevens,British,manor,British
13,2015,silverstone,Silverstone,5.891,18,max_verstappen,Dutch,toro_rosso,Italian
8,2015,silverstone,Silverstone,5.891,18,sainz,Spanish,toro_rosso,Italian
20,2015,silverstone,Silverstone,5.891,18,merhi,Spanish,manor,British
1,2015,hungaroring,Budapest,4.381,14,hamilton,British,mercedes,German
2,2015,hungaroring,Budapest,4.381,14,rosberg,German,mercedes,German
15,2015,hungaroring,Budapest,4.381,14,alonso,Spanish,mclaren,British
5,2015,hungaroring,Budapest,4.381,14,raikkonen,Finnish,ferrari,Italian
8,2015,hungaroring,Budapest,4.381,14,massa,Brazilian,williams,British
16,2015,hungaroring,Budapest,4.381,14,button,British,mclaren,British
3,2015,hungaroring,Budapest,4.381,14,vettel,German,ferrari,Italian
10,2015,hungaroring,Budapest,4.381,14,grosjean,French,lotus_f1,British
11,2015,hungaroring,Budapest,4.381,14,hulkenberg,German,force_india,Indian
14,2015,hungaroring,Budapest,4.381,14,maldonado,Venezuelan,lotus_f1,British
13,2015,hungaroring,Budapest,4.381,14,perez,Mexican,force_india,Indian
4,2015,hungaroring,Budapest,4.381,14,ricciardo,Australian,red_bull,Austrian
6,2015,hungaroring,Budapest,4.381,14,bottas,Finnish,williams,British
7,2015,hungaroring,Budapest,4.381,14,kvyat,Russian,red_bull,Austrian
17,2015,hungaroring,Budapest,4.381,14,ericsson,Swedish,sauber,Swiss
20,2015,hungaroring,Budapest,4.381,14,stevens,British,manor,British
9,2015,hungaroring,Budapest,4.381,14,max_verstappen,Dutch,toro_rosso,Italian
18,2015,hungaroring,Budapest,4.381,14,nasr,Brazilian,sauber,Swiss
12,2015,hungaroring,Budapest,4.381,14,sainz,Spanish,toro_rosso,Italian
19,2015,hungaroring,Budapest,4.381,14,merhi,Spanish,manor,British
1,2015,spa,Spa,7.004,20,hamilton,British,mercedes,German
2,2015,spa,Spa,7.004,20,rosberg,German,mercedes,German
20,2015,spa,Spa,7.004,20,alonso,Spanish,mclaren,British
16,2015,spa,Spa,7.004,20,raikkonen,Finnish,ferrari,Italian
6,2015,spa,Spa,7.004,20,massa,Brazilian,williams,British
19,2015,spa,Spa,7.004,20,button,British,mclaren,British
8,2015,spa,Spa,7.004,20,vettel,German,ferrari,Italian
9,2015,spa,Spa,7.004,20,grosjean,French,lotus_f1,British
7,2015,spa,Spa,7.004,20,maldonado,Venezuelan,lotus_f1,British
4,2015,spa,Spa,7.004,20,perez,Mexican,force_india,Indian
5,2015,spa,Spa,7.004,20,ricciardo,Australian,red_bull,Austrian
3,2015,spa,Spa,7.004,20,bottas,Finnish,williams,British
12,2015,spa,Spa,7.004,20,kvyat,Russian,red_bull,Austrian
13,2015,spa,Spa,7.004,20,ericsson,Swedish,sauber,Swiss
15,2015,spa,Spa,7.004,20,stevens,British,manor,British
18,2015,spa,Spa,7.004,20,max_verstappen,Dutch,toro_rosso,Italian
14,2015,spa,Spa,7.004,20,nasr,Brazilian,sauber,Swiss
10,2015,spa,Spa,7.004,20,sainz,Spanish,toro_rosso,Italian
17,2015,spa,Spa,7.004,20,merhi,Spanish,manor,British
1,2015,monza,Monza,5.793,11,hamilton,British,mercedes,German
4,2015,monza,Monza,5.793,11,rosberg,German,mercedes,German
16,2015,monza,Monza,5.793,11,alonso,Spanish,mclaren,British
2,2015,monza,Monza,5.793,11,raikkonen,Finnish,ferrari,Italian
5,2015,monza,Monza,5.793,11,massa,Brazilian,williams,British
15,2015,monza,Monza,5.793,11,button,British,mclaren,British
3,2015,monza,Monza,5.793,11,vettel,German,ferrari,Italian
8,2015,monza,Monza,5.793,11,grosjean,French,lotus_f1,British
9,2015,monza,Monza,5.793,11,hulkenberg,German,force_india,Indian
10,2015,monza,Monza,5.793,11,maldonado,Venezuelan,lotus_f1,British
7,2015,monza,Monza,5.793,11,perez,Mexican,force_india,Indian
19,2015,monza,Monza,5.793,11,ricciardo,Australian,red_bull,Austrian
6,2015,monza,Monza,5.793,11,bottas,Finnish,williams,British
18,2015,monza,Monza,5.793,11,kvyat,Russian,red_bull,Austrian
12,2015,monza,Monza,5.793,11,ericsson,Swedish,sauber,Swiss
13,2015,monza,Monza,5.793,11,stevens,British,manor,British
20,2015,monza,Monza,5.793,11,max_verstappen,Dutch,toro_rosso,Italian
17,2015,monza,Monza,5.793,11,nasr,Brazilian,sauber,Swiss
17,2015,monza,Monza,5.793,11,sainz,Spanish,toro_rosso,Italian
14,2015,monza,Monza,5.793,11,merhi,Spanish,manor,British
5,2015,marina_bay,Marina Bay,4.94,19,hamilton,British,mercedes,German
6,2015,marina_bay,Marina Bay,4.94,19,rosberg,German,mercedes,German
12,2015,marina_bay,Marina Bay,4.94,19,alonso,Spanish,mclaren,British
3,2015,marina_bay,Marina Bay,4.94,19,raikkonen,Finnish,ferrari,Italian
9,2015,marina_bay,Marina Bay,4.94,19,massa,Brazilian,williams,British
15,2015,marina_bay,Marina Bay,4.94,19,button,British,mclaren,British
1,2015,marina_bay,Marina Bay,4.94,19,vettel,German,ferrari,Italian
10,2015,marina_bay,Marina Bay,4.94,19,grosjean,French,lotus_f1,British
11,2015,marina_bay,Marina Bay,4.94,19,hulkenberg,German,force_india,Indian
18,2015,marina_bay,Marina Bay,4.94,19,maldonado,Venezuelan,lotus_f1,British
13,2015,marina_bay,Marina Bay,4.94,19,perez,Mexican,force_india,Indian
2,2015,marina_bay,Marina Bay,4.94,19,ricciardo,Australian,red_bull,Austrian
7,2015,marina_bay,Marina Bay,4.94,19,bottas,Finnish,williams,British
4,2015,marina_bay,Marina Bay,4.94,19,kvyat,Russian,red_bull,Austrian
17,2015,marina_bay,Marina Bay,4.94,19,ericsson,Swedish,sauber,Swiss
19,2015,marina_bay,Marina Bay,4.94,19,stevens,British,manor,British
8,2015,marina_bay,Marina Bay,4.94,19,max_verstappen,Dutch,toro_rosso,Italian
16,2015,marina_bay,Marina Bay,4.94,19,nasr,Brazilian,sauber,Swiss
14,2015,marina_bay,Marina Bay,4.94,19,sainz,Spanish,toro_rosso,Italian
20,2015,marina_bay,Marina Bay,4.94,19,rossi,American,manor,British
2,2015,suzuka,Suzuka,5.807,18,hamilton,British,mercedes,German
1,2015,suzuka,Suzuka,5.807,18,rosberg,German,mercedes,German
12,2015,suzuka,Suzuka,5.807,18,alonso,Spanish,mclaren,British
6,2015,suzuka,Suzuka,5.807,18,raikkonen,Finnish,ferrari,Italian
5,2015,suzuka,Suzuka,5.807,18,massa,Brazilian,williams,British
14,2015,suzuka,Suzuka,5.807,18,button,British,mclaren,British
4,2015,suzuka,Suzuka,5.807,18,vettel,German,ferrari,Italian
8,2015,suzuka,Suzuka,5.807,18,grosjean,French,lotus_f1,British
13,2015,suzuka,Suzuka,5.807,18,hulkenberg,German,force_india,Indian
11,2015,suzuka,Suzuka,5.807,18,maldonado,Venezuelan,lotus_f1,British
9,2015,suzuka,Suzuka,5.807,18,perez,Mexican,force_india,Indian
7,2015,suzuka,Suzuka,5.807,18,ricciardo,Australian,red_bull,Austrian
3,2015,suzuka,Suzuka,5.807,18,bottas,Finnish,williams,British
20,2015,suzuka,Suzuka,5.807,18,kvyat,Russian,red_bull,Austrian
15,2015,suzuka,Suzuka,5.807,18,ericsson,Swedish,sauber,Swiss
18,2015,suzuka,Suzuka,5.807,18,stevens,British,manor,British
17,2015,suzuka,Suzuka,5.807,18,max_verstappen,Dutch,toro_rosso,Italian
16,2015,suzuka,Suzuka,5.807,18,nasr,Brazilian,sauber,Swiss
10,2015,suzuka,Suzuka,5.807,18,sainz,Spanish,toro_rosso,Italian
19,2015,suzuka,Suzuka,5.807,18,rossi,American,manor,British
2,2015,sochi,Sochi,5.848,15,hamilton,British,mercedes,German
1,2015,sochi,Sochi,5.848,15,rosberg,German,mercedes,German
19,2015,sochi,Sochi,5.848,15,alonso,Spanish,mclaren,British
5,2015,sochi,Sochi,5.848,15,raikkonen,Finnish,ferrari,Italian
15,2015,sochi,Sochi,5.848,15,massa,Brazilian,williams,British
13,2015,sochi,Sochi,5.848,15,button,British,mclaren,British
4,2015,sochi,Sochi,5.848,15,vettel,German,ferrari,Italian
8,2015,sochi,Sochi,5.848,15,grosjean,French,lotus_f1,British
14,2015,sochi,Sochi,5.848,15,maldonado,Venezuelan,lotus_f1,British
7,2015,sochi,Sochi,5.848,15,perez,Mexican,force_india,Indian
10,2015,sochi,Sochi,5.848,15,ricciardo,Australian,red_bull,Austrian
3,2015,sochi,Sochi,5.848,15,bottas,Finnish,williams,British
11,2015,sochi,Sochi,5.848,15,kvyat,Russian,red_bull,Austrian
17,2015,sochi,Sochi,5.848,15,stevens,British,manor,British
9,2015,sochi,Sochi,5.848,15,max_verstappen,Dutch,toro_rosso,Italian
12,2015,sochi,Sochi,5.848,15,nasr,Brazilian,sauber,Swiss
20,2015,sochi,Sochi,5.848,15,sainz,Spanish,toro_rosso,Italian
18,2015,sochi,Sochi,5.848,15,merhi,Spanish,manor,British
2,2015,americas,Austin,5.513,20,hamilton,British,mercedes,German
1,2015,americas,Austin,5.513,20,rosberg,German,mercedes,German
9,2015,americas,Austin,5.513,20,alonso,Spanish,mclaren,British
18,2015,americas,Austin,5.513,20,raikkonen,Finnish,ferrari,Italian
7,2015,americas,Austin,5.513,20,massa,Brazilian,williams,British
11,2015,americas,Austin,5.513,20,button,British,mclaren,British
13,2015,americas,Austin,5.513,20,vettel,German,ferrari,Italian
10,2015,americas,Austin,5.513,20,grosjean,French,lotus_f1,British
6,2015,americas,Austin,5.513,20,hulkenberg,German,force_india,Indian
12,2015,americas,Austin,5.513,20,maldonado,Venezuelan,lotus_f1,British
5,2015,americas,Austin,5.513,20,perez,Mexican,force_india,Indian
3,2015,americas,Austin,5.513,20,ricciardo,Australian,red_bull,Austrian
16,2015,americas,Austin,5.513,20,bottas,Finnish,williams,British
4,2015,americas,Austin,5.513,20,kvyat,Russian,red_bull,Austrian
14,2015,americas,Austin,5.513,20,ericsson,Swedish,sauber,Swiss
19,2015,americas,Austin,5.513,20,stevens,British,manor,British
8,2015,americas,Austin,5.513,20,max_verstappen,Dutch,toro_rosso,Italian
15,2015,americas,Austin,5.513,20,nasr,Brazilian,sauber,Swiss
20,2015,americas,Austin,5.513,20,sainz,Spanish,toro_rosso,Italian
17,2015,americas,Austin,5.513,20,rossi,American,manor,British
2,2015,rodriguez,Mexico City,4.304,17,hamilton,British,mercedes,German
1,2015,rodriguez,Mexico City,4.304,17,rosberg,German,mercedes,German
18,2015,rodriguez,Mexico City,4.304,17,alonso,Spanish,mclaren,British
19,2015,rodriguez,Mexico City,4.304,17,raikkonen,Finnish,ferrari,Italian
7,2015,rodriguez,Mexico City,4.304,17,massa,Brazilian,williams,British
20,2015,rodriguez,Mexico City,4.304,17,button,British,mclaren,British
3,2015,rodriguez,Mexico City,4.304,17,vettel,German,ferrari,Italian
12,2015,rodriguez,Mexico City,4.304,17,grosjean,French,lotus_f1,British
10,2015,rodriguez,Mexico City,4.304,17,hulkenberg,German,force_india,Indian
13,2015,rodriguez,Mexico City,4.304,17,maldonado,Venezuelan,lotus_f1,British
9,2015,rodriguez,Mexico City,4.304,17,perez,Mexican,force_india,Indian
5,2015,rodriguez,Mexico City,4.304,17,ricciardo,Australian,red_bull,Austrian
6,2015,rodriguez,Mexico City,4.304,17,bottas,Finnish,williams,British
4,2015,rodriguez,Mexico City,4.304,17,kvyat,Russian,red_bull,Austrian
14,2015,rodriguez,Mexico City,4.304,17,ericsson,Swedish,sauber,Swiss
17,2015,rodriguez,Mexico City,4.304,17,stevens,British,manor,British
8,2015,rodriguez,Mexico City,4.304,17,max_verstappen,Dutch,toro_rosso,Italian
15,2015,rodriguez,Mexico City,4.304,17,nasr,Brazilian,sauber,Swiss
11,2015,rodriguez,Mexico City,4.304,17,sainz,Spanish,toro_rosso,Italian
16,2015,rodriguez,Mexico City,4.304,17,rossi,American,manor,British
2,2015,interlagos,São Paulo,4.309,15,hamilton,British,mercedes,German
1,2015,interlagos,São Paulo,4.309,15,rosberg,German,mercedes,German
20,2015,interlagos,São Paulo,4.309,15,alonso,Spanish,mclaren,British
4,2015,interlagos,São Paulo,4.309,15,raikkonen,Finnish,ferrari,Italian
8,2015,interlagos,São Paulo,4.309,15,massa,Brazilian,williams,British
16,2015,interlagos,São Paulo,4.309,15,button,British,mclaren,British
3,2015,interlagos,São Paulo,4.309,15,vettel,German,ferrari,Italian
14,2015,interlagos,São Paulo,4.309,15,grosjean,French,lotus_f1,British
5,2015,interlagos,São Paulo,4.309,15,hulkenberg,German,force_india,Indian
15,2015,interlagos,São Paulo,4.309,15,maldonado,Venezuelan,lotus_f1,British
11,2015,interlagos,São Paulo,4.309,15,perez,Mexican,force_india,Indian
19,2015,interlagos,São Paulo,4.309,15,ricciardo,Australian,red_bull,Austrian
7,2015,interlagos,São Paulo,4.309,15,bottas,Finnish,williams,British
6,2015,interlagos,São Paulo,4.309,15,kvyat,Russian,red_bull,Austrian
12,2015,interlagos,São Paulo,4.309,15,ericsson,Swedish,sauber,Swiss
18,2015,interlagos,São Paulo,4.309,15,stevens,British,manor,British
9,2015,interlagos,São Paulo,4.309,15,max_verstappen,Dutch,toro_rosso,Italian
13,2015,interlagos,São Paulo,4.309,15,nasr,Brazilian,sauber,Swiss
17,2015,interlagos,São Paulo,4.309,15,rossi,American,manor,British
2,2015,yas_marina,Abu Dhabi,5.281,16,hamilton,British,mercedes,German
1,2015,yas_marina,Abu Dhabi,5.281,16,rosberg,German,mercedes,German
16,2015,yas_marina,Abu Dhabi,5.281,16,alonso,Spanish,mclaren,British
3,2015,yas_marina,Abu Dhabi,5.281,16,raikkonen,Finnish,ferrari,Italian
8,2015,yas_marina,Abu Dhabi,5.281,16,massa,Brazilian,williams,British
12,2015,yas_marina,Abu Dhabi,5.281,16,button,British,mclaren,British
15,2015,yas_marina,Abu Dhabi,5.281,16,vettel,German,ferrari,Italian
18,2015,yas_marina,Abu Dhabi,5.281,16,grosjean,French,lotus_f1,British
7,2015,yas_marina,Abu Dhabi,5.281,16,hulkenberg,German,force_india,Indian
4,2015,yas_marina,Abu Dhabi,5.281,16,perez,Mexican,force_india,Indian
5,2015,yas_marina,Abu Dhabi,5.281,16,ricciardo,Australian,red_bull,Austrian
6,2015,yas_marina,Abu Dhabi,5.281,16,bottas,Finnish,williams,British
9,2015,yas_marina,Abu Dhabi,5.281,16,kvyat,Russian,red_bull,Austrian
17,2015,yas_marina,Abu Dhabi,5.281,16,ericsson,Swedish,sauber,Swiss
19,2015,yas_marina,Abu Dhabi,5.281,16,stevens,British,manor,British
11,2015,yas_marina,Abu Dhabi,5.281,16,max_verstappen,Dutch,toro_rosso,Italian
14,2015,yas_marina,Abu Dhabi,5.281,16,nasr,Brazilian,sauber,Swiss
10,2015,yas_marina,Abu Dhabi,5.281,16,sainz,Spanish,toro_rosso,Italian
20,2015,yas_marina,Abu Dhabi,5.281,16,merhi,Spanish,manor,British
16,2015,shanghai,Shanghai,5.451,16,hulkenberg,German,force_india,Indian
11,2015,shanghai,Shanghai,5.451,16,maldonado,Venezuelan,lotus_f1,British
15,2015,shanghai,Shanghai,5.451,16,perez,Mexican,force_india,Indian
7,2015,shanghai,Shanghai,5.451,16,ricciardo,Australian,red_bull,Austrian
5,2015,shanghai,Shanghai,5.451,16,bottas,Finnish,williams,British
12,2015,shanghai,Shanghai,5.451,16,kvyat,Russian,red_bull,Austrian
10,2015,shanghai,Shanghai,5.451,16,ericsson,Swedish,sauber,Swiss
19,2015,shanghai,Shanghai,5.451,16,stevens,British,manor,British
13,2015,shanghai,Shanghai,5.451,16,max_verstappen,Dutch,toro_rosso,Italian
9,2015,shanghai,Shanghai,5.451,16,nasr,Brazilian,sauber,Swiss
14,2015,shanghai,Shanghai,5.451,16,sainz,Spanish,toro_rosso,Italian
20,2015,shanghai,Shanghai,5.451,16,merhi,Spanish,manor,British
1,2015,bahrain,Sakhir,5.412,15,hamilton,British,mercedes,German
3,2015,bahrain,Sakhir,5.412,15,rosberg,German,mercedes,German
14,2015,bahrain,Sakhir,5.412,15,alonso,Spanish,mclaren,British
4,2015,bahrain,Sakhir,5.412,15,raikkonen,Finnish,ferrari,Italian
6,2015,bahrain,Sakhir,5.412,15,massa,Brazilian,williams,British
2,2015,bahrain,Sakhir,5.412,15,vettel,German,ferrari,Italian
10,2015,bahrain,Sakhir,5.412,15,grosjean,French,lotus_f1,British
8,2015,bahrain,Sakhir,5.412,15,hulkenberg,German,force_india,Indian
16,2015,bahrain,Sakhir,5.412,15,maldonado,Venezuelan,lotus_f1,British
11,2015,bahrain,Sakhir,5.412,15,perez,Mexican,force_india,Indian
7,2015,bahrain,Sakhir,5.412,15,ricciardo,Australian,red_bull,Austrian
5,2015,bahrain,Sakhir,5.412,15,bottas,Finnish,williams,British
1,2015,shanghai,Shanghai,5.451,16,hamilton,British,mercedes,German
2,2015,shanghai,Shanghai,5.451,16,rosberg,German,mercedes,German
18,2015,shanghai,Shanghai,5.451,16,alonso,Spanish,mclaren,British
6,2015,shanghai,Shanghai,5.451,16,raikkonen,Finnish,ferrari,Italian
4,2015,shanghai,Shanghai,5.451,16,massa,Brazilian,williams,British
17,2015,shanghai,Shanghai,5.451,16,button,British,mclaren,British
3,2015,shanghai,Shanghai,5.451,16,vettel,German,ferrari,Italian
8,2015,shanghai,Shanghai,5.451,16,grosjean,French,lotus_f1,British
5,2015,monaco,Monte-Carlo,3.337,19,kvyat,Russian,red_bull,Austrian
17,2015,monaco,Monte-Carlo,3.337,19,ericsson,Swedish,sauber,Swiss
18,2015,monaco,Monte-Carlo,3.337,19,stevens,British,manor,British
9,2015,monaco,Monte-Carlo,3.337,19,max_verstappen,Dutch,toro_rosso,Italian
14,2015,monaco,Monte-Carlo,3.337,19,nasr,Brazilian,sauber,Swiss
0,2015,monaco,Monte-Carlo,3.337,19,sainz,Spanish,toro_rosso,Italian
19,2015,monaco,Monte-Carlo,3.337,19,merhi,Spanish,manor,British
1,2015,villeneuve,Montreal,4.361,14,hamilton,British,mercedes,German
2,2015,villeneuve,Montreal,4.361,14,rosberg,German,mercedes,German
13,2015,villeneuve,Montreal,4.361,14,alonso,Spanish,mclaren,British
3,2015,villeneuve,Montreal,4.361,14,raikkonen,Finnish,ferrari,Italian
15,2015,villeneuve,Montreal,4.361,14,massa,Brazilian,williams,British
20,2015,villeneuve,Montreal,4.361,14,button,British,mclaren,British
18,2015,villeneuve,Montreal,4.361,14,vettel,German,ferrari,Italian
5,2015,villeneuve,Montreal,4.361,14,grosjean,French,lotus_f1,British
7,2015,villeneuve,Montreal,4.361,14,hulkenberg,German,force_india,Indian
6,2015,villeneuve,Montreal,4.361,14,maldonado,Venezuelan,lotus_f1,British
10,2015,villeneuve,Montreal,4.361,14,perez,Mexican,force_india,Indian
9,2015,villeneuve,Montreal,4.361,14,ricciardo,Australian,red_bull,Austrian
4,2015,villeneuve,Montreal,4.361,14,bottas,Finnish,williams,British
8,2015,villeneuve,Montreal,4.361,14,kvyat,Russian,red_bull,Austrian
12,2015,villeneuve,Montreal,4.361,14,ericsson,Swedish,sauber,Swiss
17,2015,villeneuve,Montreal,4.361,14,stevens,British,manor,British
19,2015,villeneuve,Montreal,4.361,14,max_verstappen,Dutch,toro_rosso,Italian
14,2015,villeneuve,Montreal,4.361,14,nasr,Brazilian,sauber,Swiss
11,2015,villeneuve,Montreal,4.361,14,sainz,Spanish,toro_rosso,Italian
16,2015,villeneuve,Montreal,4.361,14,merhi,Spanish,manor,British
1,2015,red_bull_ring,Spielberg,4.318,10,hamilton,British,mercedes,German
2,2015,red_bull_ring,Spielberg,4.318,10,rosberg,German,mercedes,German
4,2015,red_bull_ring,Spielberg,4.318,10,massa,Brazilian,williams,British
20,2015,red_bull_ring,Spielberg,4.318,10,button,British,mclaren,British
3,2015,red_bull_ring,Spielberg,4.318,10,vettel,German,ferrari,Italian
2,2015,albert_park,Melbourne,5.278,16,rosberg,German,mercedes,German
5,2015,albert_park,Melbourne,5.278,16,raikkonen,Finnish,ferrari,Italian
3,2015,albert_park,Melbourne,5.278,16,massa,Brazilian,williams,British
16,2015,albert_park,Melbourne,5.278,16,button,British,mclaren,British
4,2015,albert_park,Melbourne,5.278,16,vettel,German,ferrari,Italian
13,2015,albert_park,Melbourne,5.278,16,hulkenberg,German,force_india,Indian
14,2015,albert_park,Melbourne,5.278,16,perez,Mexican,force_india,Indian
17,2015,bahrain,Sakhir,5.412,15,kvyat,Russian,red_bull,Austrian
11,2016,catalunya,Montmeló,4.657,14,hulkenberg,German,force_india,Indian
9,2016,catalunya,Montmeló,4.657,14,perez,Mexican,force_india,Indian
3,2016,catalunya,Montmeló,4.657,14,ricciardo,Australian,red_bull,Austrian
16,2016,catalunya,Montmeló,4.657,14,gutierrez,Mexican,haas,American
7,2016,catalunya,Montmeló,4.657,14,bottas,Finnish,williams,British
15,2016,catalunya,Montmeló,4.657,14,kevin_magnussen,Danish,renault,French
13,2016,catalunya,Montmeló,4.657,14,kvyat,Russian,toro_rosso,Italian
19,2016,catalunya,Montmeló,4.657,14,ericsson,Swedish,sauber,Swiss
22,2016,bahrain,Sakhir,5.412,15,kevin_magnussen,Danish,renault,French
15,2016,bahrain,Sakhir,5.412,15,kvyat,Russian,red_bull,Austrian
17,2016,bahrain,Sakhir,5.412,15,ericsson,Swedish,sauber,Swiss
10,2016,bahrain,Sakhir,5.412,15,max_verstappen,Dutch,toro_rosso,Italian
21,2016,bahrain,Sakhir,5.412,15,nasr,Brazilian,sauber,Swiss
11,2016,bahrain,Sakhir,5.412,15,sainz,Spanish,toro_rosso,Italian
16,2016,bahrain,Sakhir,5.412,15,wehrlein,German,manor,British
20,2016,bahrain,Sakhir,5.412,15,haryanto,Indonesian,manor,British
12,2016,bahrain,Sakhir,5.412,15,vandoorne,Belgian,mclaren,British
22,2016,shanghai,Shanghai,5.451,16,hamilton,British,mercedes,German
1,2016,shanghai,Shanghai,5.451,16,rosberg,German,mercedes,German
11,2016,shanghai,Shanghai,5.451,16,alonso,Spanish,mclaren,British
3,2016,shanghai,Shanghai,5.451,16,raikkonen,Finnish,ferrari,Italian
10,2016,shanghai,Shanghai,5.451,16,massa,Brazilian,williams,British
12,2016,shanghai,Shanghai,5.451,16,button,British,mclaren,British
4,2016,shanghai,Shanghai,5.451,16,vettel,German,ferrari,Italian
14,2016,shanghai,Shanghai,5.451,16,grosjean,French,haas,American
13,2016,shanghai,Shanghai,5.451,16,hulkenberg,German,force_india,Indian
7,2016,shanghai,Shanghai,5.451,16,perez,Mexican,force_india,Indian
2,2016,shanghai,Shanghai,5.451,16,ricciardo,Australian,red_bull,Austrian
18,2016,shanghai,Shanghai,5.451,16,gutierrez,Mexican,haas,American
5,2016,shanghai,Shanghai,5.451,16,bottas,Finnish,williams,British
17,2016,shanghai,Shanghai,5.451,16,kevin_magnussen,Danish,renault,French
6,2016,shanghai,Shanghai,5.451,16,kvyat,Russian,red_bull,Austrian
6,2016,monaco,Monte-Carlo,3.337,19,sainz,Spanish,toro_rosso,Italian
18,2016,monaco,Monte-Carlo,3.337,19,jolyon_palmer,British,renault,French
20,2016,monaco,Monte-Carlo,3.337,19,wehrlein,German,manor,British
19,2016,monaco,Monte-Carlo,3.337,19,haryanto,Indonesian,manor,British
1,2016,villeneuve,Montreal,4.361,14,hamilton,British,mercedes,German
2,2016,villeneuve,Montreal,4.361,14,rosberg,German,mercedes,German
10,2016,villeneuve,Montreal,4.361,14,alonso,Spanish,mclaren,British
6,2016,villeneuve,Montreal,4.361,14,raikkonen,Finnish,ferrari,Italian
1,2016,sochi,Sochi,5.848,15,rosberg,German,mercedes,German
14,2016,sochi,Sochi,5.848,15,alonso,Spanish,mclaren,British
3,2016,sochi,Sochi,5.848,15,raikkonen,Finnish,ferrari,Italian
4,2016,sochi,Sochi,5.848,15,massa,Brazilian,williams,British
12,2016,sochi,Sochi,5.848,15,button,British,mclaren,British
15,2016,sochi,Sochi,5.848,15,grosjean,French,haas,American
6,2016,sochi,Sochi,5.848,15,perez,Mexican,force_india,Indian
5,2016,sochi,Sochi,5.848,15,ricciardo,Australian,red_bull,Austrian
16,2016,sochi,Sochi,5.848,15,gutierrez,Mexican,haas,American
2,2016,sochi,Sochi,5.848,15,bottas,Finnish,williams,British
17,2016,sochi,Sochi,5.848,15,kevin_magnussen,Danish,renault,French
8,2016,sochi,Sochi,5.848,15,kvyat,Russian,red_bull,Austrian
22,2016,sochi,Sochi,5.848,15,ericsson,Swedish,sauber,Swiss
9,2016,sochi,Sochi,5.848,15,max_verstappen,Dutch,toro_rosso,Italian
19,2016,sochi,Sochi,5.848,15,nasr,Brazilian,sauber,Swiss
11,2016,sochi,Sochi,5.848,15,sainz,Spanish,toro_rosso,Italian
18,2016,sochi,Sochi,5.848,15,jolyon_palmer,British,renault,French
20,2016,sochi,Sochi,5.848,15,wehrlein,German,manor,British
10,2016,catalunya,Montmeló,4.657,14,alonso,Spanish,mclaren,British
5,2016,catalunya,Montmeló,4.657,14,raikkonen,Finnish,ferrari,Italian
18,2016,catalunya,Montmeló,4.657,14,massa,Brazilian,williams,British
12,2016,catalunya,Montmeló,4.657,14,button,British,mclaren,British
6,2016,catalunya,Montmeló,4.657,14,vettel,German,ferrari,Italian
14,2016,catalunya,Montmeló,4.657,14,grosjean,French,haas,American
3,2016,baku,Baku,6.003,20,vettel,German,ferrari,Italian
11,2016,baku,Baku,6.003,20,grosjean,French,haas,American
12,2016,baku,Baku,6.003,20,hulkenberg,German,force_india,Indian
7,2016,baku,Baku,6.003,20,perez,Mexican,force_india,Indian
2,2016,baku,Baku,6.003,20,ricciardo,Australian,red_bull,Austrian
14,2016,baku,Baku,6.003,20,gutierrez,Mexican,haas,American
8,2016,baku,Baku,6.003,20,bottas,Finnish,williams,British
22,2016,baku,Baku,6.003,20,kevin_magnussen,Danish,renault,French
4,2016,catalunya,Montmeló,4.657,14,max_verstappen,Dutch,red_bull,Austrian
20,2016,catalunya,Montmeló,4.657,14,nasr,Brazilian,sauber,Swiss
8,2016,catalunya,Montmeló,4.657,14,sainz,Spanish,toro_rosso,Italian
17,2016,catalunya,Montmeló,4.657,14,jolyon_palmer,British,renault,French
21,2016,catalunya,Montmeló,4.657,14,wehrlein,German,manor,British
22,2016,catalunya,Montmeló,4.657,14,haryanto,Indonesian,manor,British
3,2016,monaco,Monte-Carlo,3.337,19,hamilton,British,mercedes,German
2,2016,monaco,Monte-Carlo,3.337,19,rosberg,German,mercedes,German
9,2016,monaco,Monte-Carlo,3.337,19,alonso,Spanish,mclaren,British
11,2016,monaco,Monte-Carlo,3.337,19,raikkonen,Finnish,ferrari,Italian
14,2016,monaco,Monte-Carlo,3.337,19,massa,Brazilian,williams,British
13,2016,monaco,Monte-Carlo,3.337,19,button,British,mclaren,British
4,2016,monaco,Monte-Carlo,3.337,19,vettel,German,ferrari,Italian
15,2016,monaco,Monte-Carlo,3.337,19,grosjean,French,haas,American
5,2016,monaco,Monte-Carlo,3.337,19,hulkenberg,German,force_india,Indian
7,2016,monaco,Monte-Carlo,3.337,19,perez,Mexican,force_india,Indian
1,2016,monaco,Monte-Carlo,3.337,19,ricciardo,Australian,red_bull,Austrian
12,2016,monaco,Monte-Carlo,3.337,19,gutierrez,Mexican,haas,American
10,2016,monaco,Monte-Carlo,3.337,19,bottas,Finnish,williams,British
16,2016,monaco,Monte-Carlo,3.337,19,kevin_magnussen,Danish,renault,French
8,2016,monaco,Monte-Carlo,3.337,19,kvyat,Russian,toro_rosso,Italian
17,2016,monaco,Monte-Carlo,3.337,19,ericsson,Swedish,sauber,Swiss
0,2016,monaco,Monte-Carlo,3.337,19,max_verstappen,Dutch,red_bull,Austrian
0,2016,monaco,Monte-Carlo,3.337,19,nasr,Brazilian,sauber,Swiss
8,2016,red_bull_ring,Spielberg,4.318,10,max_verstappen,Dutch,red_bull,Austrian
21,2016,red_bull_ring,Spielberg,4.318,10,nasr,Brazilian,sauber,Swiss
15,2016,red_bull_ring,Spielberg,4.318,10,sainz,Spanish,toro_rosso,Italian
19,2016,red_bull_ring,Spielberg,4.318,10,jolyon_palmer,British,renault,French
12,2016,red_bull_ring,Spielberg,4.318,10,wehrlein,German,manor,British
20,2016,red_bull_ring,Spielberg,4.318,10,haryanto,Indonesian,manor,British
1,2016,silverstone,Silverstone,5.891,18,hamilton,British,mercedes,German
2,2016,silverstone,Silverstone,5.891,18,rosberg,German,mercedes,German
8,2016,villeneuve,Montreal,4.361,14,massa,Brazilian,williams,British
12,2016,villeneuve,Montreal,4.361,14,button,British,mclaren,British
3,2016,villeneuve,Montreal,4.361,14,vettel,German,ferrari,Italian
14,2016,villeneuve,Montreal,4.361,14,grosjean,French,haas,American
9,2016,villeneuve,Montreal,4.361,14,hulkenberg,German,force_india,Indian
11,2016,villeneuve,Montreal,4.361,14,perez,Mexican,force_india,Indian
4,2016,villeneuve,Montreal,4.361,14,ricciardo,Australian,red_bull,Austrian
13,2016,villeneuve,Montreal,4.361,14,gutierrez,Mexican,haas,American
7,2016,villeneuve,Montreal,4.361,14,bottas,Finnish,williams,British
22,2016,villeneuve,Montreal,4.361,14,kevin_magnussen,Danish,renault,French
15,2016,villeneuve,Montreal,4.361,14,kvyat,Russian,toro_rosso,Italian
21,2016,villeneuve,Montreal,4.361,14,ericsson,Swedish,sauber,Swiss
5,2016,villeneuve,Montreal,4.361,14,max_verstappen,Dutch,red_bull,Austrian
18,2016,villeneuve,Montreal,4.361,14,nasr,Brazilian,sauber,Swiss
20,2016,villeneuve,Montreal,4.361,14,sainz,Spanish,toro_rosso,Italian
16,2016,villeneuve,Montreal,4.361,14,jolyon_palmer,British,renault,French
17,2016,villeneuve,Montreal,4.361,14,wehrlein,German,manor,British
19,2016,villeneuve,Montreal,4.361,14,haryanto,Indonesian,manor,British
10,2016,baku,Baku,6.003,20,hamilton,British,mercedes,German
1,2016,baku,Baku,6.003,20,rosberg,German,mercedes,German
13,2016,baku,Baku,6.003,20,alonso,Spanish,mclaren,British
4,2016,baku,Baku,6.003,20,raikkonen,Finnish,ferrari,Italian
5,2016,baku,Baku,6.003,20,massa,Brazilian,williams,British
19,2016,baku,Baku,6.003,20,button,British,mclaren,British
18,2016,hungaroring,Budapest,4.381,14,massa,Brazilian,williams,British
8,2016,hungaroring,Budapest,4.381,14,button,British,mclaren,British
5,2016,hungaroring,Budapest,4.381,14,vettel,German,ferrari,Italian
11,2016,hungaroring,Budapest,4.381,14,grosjean,French,haas,American
9,2016,hungaroring,Budapest,4.381,14,hulkenberg,German,force_india,Indian
13,2016,hungaroring,Budapest,4.381,14,perez,Mexican,force_india,Indian
3,2016,hungaroring,Budapest,4.381,14,ricciardo,Australian,red_bull,Austrian
15,2016,hungaroring,Budapest,4.381,14,gutierrez,Mexican,haas,American
6,2016,baku,Baku,6.003,20,kvyat,Russian,toro_rosso,Italian
20,2016,baku,Baku,6.003,20,ericsson,Swedish,sauber,Swiss
9,2016,baku,Baku,6.003,20,max_verstappen,Dutch,red_bull,Austrian
15,2016,baku,Baku,6.003,20,nasr,Brazilian,sauber,Swiss
18,2016,baku,Baku,6.003,20,sainz,Spanish,toro_rosso,Italian
21,2016,baku,Baku,6.003,20,jolyon_palmer,British,renault,French
17,2016,baku,Baku,6.003,20,wehrlein,German,manor,British
16,2016,baku,Baku,6.003,20,haryanto,Indonesian,manor,British
1,2016,red_bull_ring,Spielberg,4.318,10,hamilton,British,mercedes,German
6,2016,red_bull_ring,Spielberg,4.318,10,rosberg,German,mercedes,German
14,2016,red_bull_ring,Spielberg,4.318,10,alonso,Spanish,mclaren,British
4,2016,red_bull_ring,Spielberg,4.318,10,raikkonen,Finnish,ferrari,Italian
0,2016,red_bull_ring,Spielberg,4.318,10,massa,Brazilian,williams,British
3,2016,red_bull_ring,Spielberg,4.318,10,button,British,mclaren,British
9,2016,red_bull_ring,Spielberg,4.318,10,vettel,German,ferrari,Italian
13,2016,red_bull_ring,Spielberg,4.318,10,grosjean,French,haas,American
2,2016,red_bull_ring,Spielberg,4.318,10,hulkenberg,German,force_india,Indian
16,2016,red_bull_ring,Spielberg,4.318,10,perez,Mexican,force_india,Indian
5,2016,red_bull_ring,Spielberg,4.318,10,ricciardo,Australian,red_bull,Austrian
11,2016,red_bull_ring,Spielberg,4.318,10,gutierrez,Mexican,haas,American
7,2016,red_bull_ring,Spielberg,4.318,10,bottas,Finnish,williams,British
17,2016,red_bull_ring,Spielberg,4.318,10,kevin_magnussen,Danish,renault,French
0,2016,red_bull_ring,Spielberg,4.318,10,kvyat,Russian,toro_rosso,Italian
18,2016,red_bull_ring,Spielberg,4.318,10,ericsson,Swedish,sauber,Swiss
18,2016,hockenheimring,Hockenheim,4.574,16,kvyat,Russian,toro_rosso,Italian
22,2016,hockenheimring,Hockenheim,4.574,16,ericsson,Swedish,sauber,Swiss
4,2016,hockenheimring,Hockenheim,4.574,16,max_verstappen,Dutch,red_bull,Austrian
21,2016,hockenheimring,Hockenheim,4.574,16,nasr,Brazilian,sauber,Swiss
15,2016,hockenheimring,Hockenheim,4.574,16,sainz,Spanish,toro_rosso,Italian
14,2016,hockenheimring,Hockenheim,4.574,16,jolyon_palmer,British,renault,French
17,2016,hockenheimring,Hockenheim,4.574,16,wehrlein,German,manor,British
19,2016,hockenheimring,Hockenheim,4.574,16,haryanto,Indonesian,manor,British
9,2016,silverstone,Silverstone,5.891,18,alonso,Spanish,mclaren,British
5,2016,silverstone,Silverstone,5.891,18,raikkonen,Finnish,ferrari,Italian
12,2016,silverstone,Silverstone,5.891,18,massa,Brazilian,williams,British
17,2016,silverstone,Silverstone,5.891,18,button,British,mclaren,British
11,2016,silverstone,Silverstone,5.891,18,vettel,German,ferrari,Italian
13,2016,silverstone,Silverstone,5.891,18,grosjean,French,haas,American
8,2016,silverstone,Silverstone,5.891,18,hulkenberg,German,force_india,Indian
10,2016,silverstone,Silverstone,5.891,18,perez,Mexican,force_india,Indian
4,2016,silverstone,Silverstone,5.891,18,ricciardo,Australian,red_bull,Austrian
14,2016,silverstone,Silverstone,5.891,18,gutierrez,Mexican,haas,American
6,2016,silverstone,Silverstone,5.891,18,bottas,Finnish,williams,British
16,2016,silverstone,Silverstone,5.891,18,kevin_magnussen,Danish,renault,French
15,2016,silverstone,Silverstone,5.891,18,kvyat,Russian,toro_rosso,Italian
22,2016,silverstone,Silverstone,5.891,18,ericsson,Swedish,sauber,Swiss
3,2016,silverstone,Silverstone,5.891,18,max_verstappen,Dutch,red_bull,Austrian
21,2016,silverstone,Silverstone,5.891,18,nasr,Brazilian,sauber,Swiss
7,2016,silverstone,Silverstone,5.891,18,sainz,Spanish,toro_rosso,Italian
18,2016,silverstone,Silverstone,5.891,18,jolyon_palmer,British,renault,French
20,2016,silverstone,Silverstone,5.891,18,wehrlein,German,manor,British
19,2016,silverstone,Silverstone,5.891,18,haryanto,Indonesian,manor,British
2,2016,hungaroring,Budapest,4.381,14,hamilton,British,mercedes,German
1,2016,hungaroring,Budapest,4.381,14,rosberg,German,mercedes,German
7,2016,hungaroring,Budapest,4.381,14,alonso,Spanish,mclaren,British
14,2016,hungaroring,Budapest,4.381,14,raikkonen,Finnish,ferrari,Italian
4,2016,monza,Monza,5.793,11,raikkonen,Finnish,ferrari,Italian
11,2016,monza,Monza,5.793,11,massa,Brazilian,williams,British
14,2016,monza,Monza,5.793,11,button,British,mclaren,British
3,2016,monza,Monza,5.793,11,vettel,German,ferrari,Italian
17,2016,monza,Monza,5.793,11,grosjean,French,haas,American
9,2016,monza,Monza,5.793,11,hulkenberg,German,force_india,Indian
8,2016,monza,Monza,5.793,11,perez,Mexican,force_india,Indian
6,2016,monza,Monza,5.793,11,ricciardo,Australian,red_bull,Austrian
10,2016,hungaroring,Budapest,4.381,14,bottas,Finnish,williams,British
19,2016,hungaroring,Budapest,4.381,14,kevin_magnussen,Danish,renault,French
12,2016,hungaroring,Budapest,4.381,14,kvyat,Russian,toro_rosso,Italian
22,2016,hungaroring,Budapest,4.381,14,ericsson,Swedish,sauber,Swiss
4,2016,hungaroring,Budapest,4.381,14,max_verstappen,Dutch,red_bull,Austrian
16,2016,hungaroring,Budapest,4.381,14,nasr,Brazilian,sauber,Swiss
6,2016,hungaroring,Budapest,4.381,14,sainz,Spanish,toro_rosso,Italian
17,2016,hungaroring,Budapest,4.381,14,jolyon_palmer,British,renault,French
20,2016,hungaroring,Budapest,4.381,14,wehrlein,German,manor,British
21,2016,hungaroring,Budapest,4.381,14,haryanto,Indonesian,manor,British
2,2016,hockenheimring,Hockenheim,4.574,16,hamilton,British,mercedes,German
1,2016,hockenheimring,Hockenheim,4.574,16,rosberg,German,mercedes,German
13,2016,hockenheimring,Hockenheim,4.574,16,alonso,Spanish,mclaren,British
5,2016,hockenheimring,Hockenheim,4.574,16,raikkonen,Finnish,ferrari,Italian
10,2016,hockenheimring,Hockenheim,4.574,16,massa,Brazilian,williams,British
12,2016,hockenheimring,Hockenheim,4.574,16,button,British,mclaren,British
6,2016,hockenheimring,Hockenheim,4.574,16,vettel,German,ferrari,Italian
20,2016,hockenheimring,Hockenheim,4.574,16,grosjean,French,haas,American
8,2016,hockenheimring,Hockenheim,4.574,16,hulkenberg,German,force_india,Indian
9,2016,hockenheimring,Hockenheim,4.574,16,perez,Mexican,force_india,Indian
3,2016,hockenheimring,Hockenheim,4.574,16,ricciardo,Australian,red_bull,Austrian
11,2016,hockenheimring,Hockenheim,4.574,16,gutierrez,Mexican,haas,American
7,2016,hockenheimring,Hockenheim,4.574,16,bottas,Finnish,williams,British
16,2016,hockenheimring,Hockenheim,4.574,16,kevin_magnussen,Danish,renault,French
14,2016,marina_bay,Marina Bay,4.94,19,ericsson,Swedish,sauber,Swiss
4,2016,marina_bay,Marina Bay,4.94,19,max_verstappen,Dutch,red_bull,Austrian
16,2016,marina_bay,Marina Bay,4.94,19,nasr,Brazilian,sauber,Swiss
6,2016,marina_bay,Marina Bay,4.94,19,sainz,Spanish,toro_rosso,Italian
18,2016,marina_bay,Marina Bay,4.94,19,jolyon_palmer,British,renault,French
19,2016,marina_bay,Marina Bay,4.94,19,wehrlein,German,manor,British
21,2016,marina_bay,Marina Bay,4.94,19,ocon,French,manor,British
1,2016,sepang,Kuala Lumpur,5.543,15,hamilton,British,mercedes,German
21,2016,spa,Spa,7.004,20,hamilton,British,mercedes,German
1,2016,spa,Spa,7.004,20,rosberg,German,mercedes,German
22,2016,spa,Spa,7.004,20,alonso,Spanish,mclaren,British
3,2016,spa,Spa,7.004,20,raikkonen,Finnish,ferrari,Italian
10,2016,spa,Spa,7.004,20,massa,Brazilian,williams,British
9,2016,spa,Spa,7.004,20,button,British,mclaren,British
4,2016,spa,Spa,7.004,20,vettel,German,ferrari,Italian
11,2016,spa,Spa,7.004,20,grosjean,French,haas,American
7,2016,spa,Spa,7.004,20,hulkenberg,German,force_india,Indian
6,2016,spa,Spa,7.004,20,perez,Mexican,force_india,Indian
5,2016,spa,Spa,7.004,20,ricciardo,Australian,red_bull,Austrian
18,2016,spa,Spa,7.004,20,gutierrez,Mexican,haas,American
8,2016,spa,Spa,7.004,20,bottas,Finnish,williams,British
12,2016,spa,Spa,7.004,20,kevin_magnussen,Danish,renault,French
19,2016,spa,Spa,7.004,20,kvyat,Russian,toro_rosso,Italian
20,2016,spa,Spa,7.004,20,ericsson,Swedish,sauber,Swiss
2,2016,spa,Spa,7.004,20,max_verstappen,Dutch,red_bull,Austrian
16,2016,spa,Spa,7.004,20,nasr,Brazilian,sauber,Swiss
14,2016,spa,Spa,7.004,20,sainz,Spanish,toro_rosso,Italian
13,2016,spa,Spa,7.004,20,jolyon_palmer,British,renault,French
17,2016,spa,Spa,7.004,20,ocon,French,manor,British
1,2016,monza,Monza,5.793,11,hamilton,British,mercedes,German
2,2016,monza,Monza,5.793,11,rosberg,German,mercedes,German
12,2016,monza,Monza,5.793,11,alonso,Spanish,mclaren,British
12,2016,suzuka,Suzuka,5.807,18,massa,Brazilian,williams,British
22,2016,suzuka,Suzuka,5.807,18,button,British,mclaren,British
6,2016,suzuka,Suzuka,5.807,18,vettel,German,ferrari,Italian
7,2016,suzuka,Suzuka,5.807,18,grosjean,French,haas,American
9,2016,suzuka,Suzuka,5.807,18,hulkenberg,German,force_india,Indian
5,2016,suzuka,Suzuka,5.807,18,perez,Mexican,force_india,Indian
4,2016,suzuka,Suzuka,5.807,18,ricciardo,Australian,red_bull,Austrian
10,2016,suzuka,Suzuka,5.807,18,gutierrez,Mexican,haas,American
10,2016,monza,Monza,5.793,11,gutierrez,Mexican,haas,American
5,2016,monza,Monza,5.793,11,bottas,Finnish,williams,British
21,2016,monza,Monza,5.793,11,kevin_magnussen,Danish,renault,French
16,2016,monza,Monza,5.793,11,kvyat,Russian,toro_rosso,Italian
19,2016,monza,Monza,5.793,11,ericsson,Swedish,sauber,Swiss
7,2016,monza,Monza,5.793,11,max_verstappen,Dutch,red_bull,Austrian
18,2016,monza,Monza,5.793,11,nasr,Brazilian,sauber,Swiss
15,2016,monza,Monza,5.793,11,sainz,Spanish,toro_rosso,Italian
20,2016,monza,Monza,5.793,11,jolyon_palmer,British,renault,French
13,2016,monza,Monza,5.793,11,wehrlein,German,manor,British
22,2016,monza,Monza,5.793,11,ocon,French,manor,British
3,2016,marina_bay,Marina Bay,4.94,19,hamilton,British,mercedes,German
1,2016,marina_bay,Marina Bay,4.94,19,rosberg,German,mercedes,German
9,2016,marina_bay,Marina Bay,4.94,19,alonso,Spanish,mclaren,British
5,2016,marina_bay,Marina Bay,4.94,19,raikkonen,Finnish,ferrari,Italian
11,2016,marina_bay,Marina Bay,4.94,19,massa,Brazilian,williams,British
12,2016,marina_bay,Marina Bay,4.94,19,button,British,mclaren,British
22,2016,marina_bay,Marina Bay,4.94,19,vettel,German,ferrari,Italian
17,2016,marina_bay,Marina Bay,4.94,19,perez,Mexican,force_india,Indian
2,2016,marina_bay,Marina Bay,4.94,19,ricciardo,Australian,red_bull,Austrian
13,2016,marina_bay,Marina Bay,4.94,19,gutierrez,Mexican,haas,American
10,2016,marina_bay,Marina Bay,4.94,19,bottas,Finnish,williams,British
15,2016,marina_bay,Marina Bay,4.94,19,kevin_magnussen,Danish,renault,French
7,2016,marina_bay,Marina Bay,4.94,19,kvyat,Russian,toro_rosso,Italian
13,2016,americas,Austin,5.513,20,kvyat,Russian,toro_rosso,Italian
16,2016,americas,Austin,5.513,20,ericsson,Swedish,sauber,Swiss
4,2016,americas,Austin,5.513,20,max_verstappen,Dutch,red_bull,Austrian
21,2016,americas,Austin,5.513,20,nasr,Brazilian,sauber,Swiss
10,2016,americas,Austin,5.513,20,sainz,Spanish,toro_rosso,Italian
15,2016,americas,Austin,5.513,20,jolyon_palmer,British,renault,French
20,2016,americas,Austin,5.513,20,wehrlein,German,manor,British
22,2016,americas,Austin,5.513,20,ocon,French,manor,British
2,2016,sepang,Kuala Lumpur,5.543,15,rosberg,German,mercedes,German
22,2016,sepang,Kuala Lumpur,5.543,15,alonso,Spanish,mclaren,British
6,2016,sepang,Kuala Lumpur,5.543,15,raikkonen,Finnish,ferrari,Italian
10,2016,sepang,Kuala Lumpur,5.543,15,massa,Brazilian,williams,British
9,2016,sepang,Kuala Lumpur,5.543,15,button,British,mclaren,British
12,2016,sepang,Kuala Lumpur,5.543,15,grosjean,French,haas,American
8,2016,sepang,Kuala Lumpur,5.543,15,hulkenberg,German,force_india,Indian
7,2016,sepang,Kuala Lumpur,5.543,15,perez,Mexican,force_india,Indian
4,2016,sepang,Kuala Lumpur,5.543,15,ricciardo,Australian,red_bull,Austrian
13,2016,sepang,Kuala Lumpur,5.543,15,gutierrez,Mexican,haas,American
11,2016,sepang,Kuala Lumpur,5.543,15,bottas,Finnish,williams,British
14,2016,sepang,Kuala Lumpur,5.543,15,kevin_magnussen,Danish,renault,French
15,2016,sepang,Kuala Lumpur,5.543,15,kvyat,Russian,toro_rosso,Italian
17,2016,sepang,Kuala Lumpur,5.543,15,ericsson,Swedish,sauber,Swiss
3,2016,sepang,Kuala Lumpur,5.543,15,max_verstappen,Dutch,red_bull,Austrian
18,2016,sepang,Kuala Lumpur,5.543,15,nasr,Brazilian,sauber,Swiss
16,2016,sepang,Kuala Lumpur,5.543,15,sainz,Spanish,toro_rosso,Italian
19,2016,sepang,Kuala Lumpur,5.543,15,jolyon_palmer,British,renault,French
21,2016,sepang,Kuala Lumpur,5.543,15,wehrlein,German,manor,British
20,2016,sepang,Kuala Lumpur,5.543,15,ocon,French,manor,British
2,2016,suzuka,Suzuka,5.807,18,hamilton,British,mercedes,German
1,2016,suzuka,Suzuka,5.807,18,rosberg,German,mercedes,German
15,2016,suzuka,Suzuka,5.807,18,alonso,Spanish,mclaren,British
8,2016,suzuka,Suzuka,5.807,18,raikkonen,Finnish,ferrari,Italian
3,2016,interlagos,São Paulo,4.309,15,raikkonen,Finnish,ferrari,Italian
13,2016,interlagos,São Paulo,4.309,15,massa,Brazilian,williams,British
17,2016,interlagos,São Paulo,4.309,15,button,British,mclaren,British
5,2016,interlagos,São Paulo,4.309,15,vettel,German,ferrari,Italian
8,2016,interlagos,São Paulo,4.309,15,hulkenberg,German,force_india,Indian
9,2016,interlagos,São Paulo,4.309,15,perez,Mexican,force_india,Indian
6,2016,interlagos,São Paulo,4.309,15,ricciardo,Australian,red_bull,Austrian
12,2016,interlagos,São Paulo,4.309,15,gutierrez,Mexican,haas,American
11,2016,suzuka,Suzuka,5.807,18,bottas,Finnish,williams,British
17,2016,suzuka,Suzuka,5.807,18,kevin_magnussen,Danish,renault,French
13,2016,suzuka,Suzuka,5.807,18,kvyat,Russian,toro_rosso,Italian
18,2016,suzuka,Suzuka,5.807,18,ericsson,Swedish,sauber,Swiss
3,2016,suzuka,Suzuka,5.807,18,max_verstappen,Dutch,red_bull,Austrian
19,2016,suzuka,Suzuka,5.807,18,nasr,Brazilian,sauber,Swiss
14,2016,suzuka,Suzuka,5.807,18,sainz,Spanish,toro_rosso,Italian
16,2016,suzuka,Suzuka,5.807,18,jolyon_palmer,British,renault,French
21,2016,suzuka,Suzuka,5.807,18,wehrlein,German,manor,British
20,2016,suzuka,Suzuka,5.807,18,ocon,French,manor,British
1,2016,americas,Austin,5.513,20,hamilton,British,mercedes,German
2,2016,americas,Austin,5.513,20,rosberg,German,mercedes,German
12,2016,americas,Austin,5.513,20,alonso,Spanish,mclaren,British
5,2016,americas,Austin,5.513,20,raikkonen,Finnish,ferrari,Italian
9,2016,americas,Austin,5.513,20,massa,Brazilian,williams,British
19,2016,americas,Austin,5.513,20,button,British,mclaren,British
6,2016,americas,Austin,5.513,20,vettel,German,ferrari,Italian
17,2016,americas,Austin,5.513,20,grosjean,French,haas,American
7,2016,americas,Austin,5.513,20,hulkenberg,German,force_india,Indian
11,2016,americas,Austin,5.513,20,perez,Mexican,force_india,Indian
3,2016,americas,Austin,5.513,20,ricciardo,Australian,red_bull,Austrian
14,2016,americas,Austin,5.513,20,gutierrez,Mexican,haas,American
8,2016,americas,Austin,5.513,20,bottas,Finnish,williams,British
18,2016,americas,Austin,5.513,20,kevin_magnussen,Danish,renault,French
17,2016,yas_marina,Abu Dhabi,5.281,16,kvyat,Russian,toro_rosso,Italian
22,2016,yas_marina,Abu Dhabi,5.281,16,ericsson,Swedish,sauber,Swiss
6,2016,yas_marina,Abu Dhabi,5.281,16,max_verstappen,Dutch,red_bull,Austrian
19,2016,yas_marina,Abu Dhabi,5.281,16,nasr,Brazilian,sauber,Swiss
21,2016,yas_marina,Abu Dhabi,5.281,16,sainz,Spanish,toro_rosso,Italian
15,2016,yas_marina,Abu Dhabi,5.281,16,jolyon_palmer,British,renault,French
16,2016,yas_marina,Abu Dhabi,5.281,16,wehrlein,German,manor,British
20,2016,yas_marina,Abu Dhabi,5.281,16,ocon,French,manor,British
1,2016,rodriguez,Mexico City,4.304,17,hamilton,British,mercedes,German
2,2016,rodriguez,Mexico City,4.304,17,rosberg,German,mercedes,German
11,2016,rodriguez,Mexico City,4.304,17,alonso,Spanish,mclaren,British
6,2016,rodriguez,Mexico City,4.304,17,raikkonen,Finnish,ferrari,Italian
9,2016,rodriguez,Mexico City,4.304,17,massa,Brazilian,williams,British
13,2016,rodriguez,Mexico City,4.304,17,button,British,mclaren,British
7,2016,rodriguez,Mexico City,4.304,17,vettel,German,ferrari,Italian
22,2016,rodriguez,Mexico City,4.304,17,grosjean,French,haas,American
5,2016,rodriguez,Mexico City,4.304,17,hulkenberg,German,force_india,Indian
12,2016,rodriguez,Mexico City,4.304,17,perez,Mexican,force_india,Indian
4,2016,rodriguez,Mexico City,4.304,17,ricciardo,Australian,red_bull,Austrian
17,2016,rodriguez,Mexico City,4.304,17,gutierrez,Mexican,haas,American
8,2016,rodriguez,Mexico City,4.304,17,bottas,Finnish,williams,British
14,2016,rodriguez,Mexico City,4.304,17,kevin_magnussen,Danish,renault,French
18,2016,rodriguez,Mexico City,4.304,17,kvyat,Russian,toro_rosso,Italian
15,2016,rodriguez,Mexico City,4.304,17,ericsson,Swedish,sauber,Swiss
3,2016,rodriguez,Mexico City,4.304,17,max_verstappen,Dutch,red_bull,Austrian
19,2016,rodriguez,Mexico City,4.304,17,nasr,Brazilian,sauber,Swiss
10,2016,rodriguez,Mexico City,4.304,17,sainz,Spanish,toro_rosso,Italian
21,2016,rodriguez,Mexico City,4.304,17,jolyon_palmer,British,renault,French
20,2016,rodriguez,Mexico City,4.304,17,ocon,French,manor,British
1,2016,interlagos,São Paulo,4.309,15,hamilton,British,mercedes,German
2,2016,interlagos,São Paulo,4.309,15,rosberg,German,mercedes,German
10,2016,interlagos,São Paulo,4.309,15,alonso,Spanish,mclaren,British
15,2016,shanghai,Shanghai,5.451,16,ericsson,Swedish,sauber,Swiss
9,2016,shanghai,Shanghai,5.451,16,max_verstappen,Dutch,toro_rosso,Italian
16,2016,shanghai,Shanghai,5.451,16,nasr,Brazilian,sauber,Swiss
8,2016,shanghai,Shanghai,5.451,16,sainz,Spanish,toro_rosso,Italian
19,2016,shanghai,Shanghai,5.451,16,jolyon_palmer,British,renault,French
21,2016,shanghai,Shanghai,5.451,16,wehrlein,German,manor,British
20,2016,shanghai,Shanghai,5.451,16,haryanto,Indonesian,manor,British
10,2016,sochi,Sochi,5.848,15,hamilton,British,mercedes,German
1,2016,albert_park,Melbourne,5.278,16,hamilton,British,mercedes,German
2,2016,albert_park,Melbourne,5.278,16,rosberg,German,mercedes,German
11,2016,albert_park,Melbourne,5.278,16,alonso,Spanish,mclaren,British
4,2016,albert_park,Melbourne,5.278,16,raikkonen,Finnish,ferrari,Italian
6,2016,albert_park,Melbourne,5.278,16,massa,Brazilian,williams,British
12,2016,albert_park,Melbourne,5.278,16,button,British,mclaren,British
3,2016,albert_park,Melbourne,5.278,16,vettel,German,ferrari,Italian
19,2016,albert_park,Melbourne,5.278,16,grosjean,French,haas,American
10,2016,albert_park,Melbourne,5.278,16,hulkenberg,German,force_india,Indian
9,2016,albert_park,Melbourne,5.278,16,perez,Mexican,force_india,Indian
8,2016,albert_park,Melbourne,5.278,16,ricciardo,Australian,red_bull,Austrian
20,2016,albert_park,Melbourne,5.278,16,gutierrez,Mexican,haas,American
16,2016,albert_park,Melbourne,5.278,16,bottas,Finnish,williams,British
14,2016,albert_park,Melbourne,5.278,16,kevin_magnussen,Danish,renault,French
15,2016,albert_park,Melbourne,5.278,16,ericsson,Swedish,sauber,Swiss
5,2016,albert_park,Melbourne,5.278,16,max_verstappen,Dutch,toro_rosso,Italian
17,2016,albert_park,Melbourne,5.278,16,nasr,Brazilian,sauber,Swiss
7,2016,albert_park,Melbourne,5.278,16,sainz,Spanish,toro_rosso,Italian
13,2016,albert_park,Melbourne,5.278,16,jolyon_palmer,British,renault,French
21,2016,albert_park,Melbourne,5.278,16,wehrlein,German,manor,British
22,2016,albert_park,Melbourne,5.278,16,haryanto,Indonesian,manor,British
1,2016,bahrain,Sakhir,5.412,15,hamilton,British,mercedes,German
2,2016,bahrain,Sakhir,5.412,15,rosberg,German,mercedes,German
4,2016,bahrain,Sakhir,5.412,15,raikkonen,Finnish,ferrari,Italian
11,2016,interlagos,São Paulo,4.309,15,bottas,Finnish,williams,British
18,2016,interlagos,São Paulo,4.309,15,kevin_magnussen,Danish,renault,French
14,2016,interlagos,São Paulo,4.309,15,kvyat,Russian,toro_rosso,Italian
20,2016,interlagos,São Paulo,4.309,15,ericsson,Swedish,sauber,Swiss
4,2016,interlagos,São Paulo,4.309,15,max_verstappen,Dutch,red_bull,Austrian
21,2016,interlagos,São Paulo,4.309,15,nasr,Brazilian,sauber,Swiss
15,2016,interlagos,São Paulo,4.309,15,sainz,Spanish,toro_rosso,Italian
16,2016,interlagos,São Paulo,4.309,15,jolyon_palmer,British,renault,French
19,2016,interlagos,São Paulo,4.309,15,wehrlein,German,manor,British
22,2016,interlagos,São Paulo,4.309,15,ocon,French,manor,British
1,2016,yas_marina,Abu Dhabi,5.281,16,hamilton,British,mercedes,German
2,2016,yas_marina,Abu Dhabi,5.281,16,rosberg,German,mercedes,German
9,2016,yas_marina,Abu Dhabi,5.281,16,alonso,Spanish,mclaren,British
4,2016,yas_marina,Abu Dhabi,5.281,16,raikkonen,Finnish,ferrari,Italian
10,2016,yas_marina,Abu Dhabi,5.281,16,massa,Brazilian,williams,British
12,2016,yas_marina,Abu Dhabi,5.281,16,button,British,mclaren,British
5,2016,yas_marina,Abu Dhabi,5.281,16,vettel,German,ferrari,Italian
14,2016,yas_marina,Abu Dhabi,5.281,16,grosjean,French,haas,American
7,2016,yas_marina,Abu Dhabi,5.281,16,hulkenberg,German,force_india,Indian
8,2016,yas_marina,Abu Dhabi,5.281,16,perez,Mexican,force_india,Indian
3,2016,yas_marina,Abu Dhabi,5.281,16,ricciardo,Australian,red_bull,Austrian
13,2016,yas_marina,Abu Dhabi,5.281,16,gutierrez,Mexican,haas,American
11,2016,yas_marina,Abu Dhabi,5.281,16,bottas,Finnish,williams,British
18,2016,yas_marina,Abu Dhabi,5.281,16,kevin_magnussen,Danish,renault,French
7,2016,bahrain,Sakhir,5.412,15,massa,Brazilian,williams,British
14,2016,bahrain,Sakhir,5.412,15,button,British,mclaren,British
9,2016,bahrain,Sakhir,5.412,15,grosjean,French,haas,American
8,2016,bahrain,Sakhir,5.412,15,hulkenberg,German,force_india,Indian
18,2016,bahrain,Sakhir,5.412,15,perez,Mexican,force_india,Indian
5,2016,bahrain,Sakhir,5.412,15,ricciardo,Australian,red_bull,Austrian
13,2016,bahrain,Sakhir,5.412,15,gutierrez,Mexican,haas,American
6,2016,bahrain,Sakhir,5.412,15,bottas,Finnish,williams,British
1,2017,catalunya,Montmeló,4.657,14,hamilton,British,mercedes,German
7,2017,catalunya,Montmeló,4.657,14,alonso,Spanish,mclaren,British
1,2017,sochi,Sochi,5.848,15,vettel,German,ferrari,Italian
8,2017,sochi,Sochi,5.848,15,hulkenberg,German,renault,French
9,2017,sochi,Sochi,5.848,15,perez,Mexican,force_india,Indian
5,2017,sochi,Sochi,5.848,15,ricciardo,Australian,red_bull,Austrian
3,2017,sochi,Sochi,5.848,15,bottas,Finnish,mercedes,German
13,2017,shanghai,Shanghai,5.451,16,alonso,Spanish,mclaren,British
3,2017,catalunya,Montmeló,4.657,14,bottas,Finnish,mercedes,German
11,2017,catalunya,Montmeló,4.657,14,kevin_magnussen,Danish,haas,American
7,2017,sochi,Sochi,5.848,15,max_verstappen,Dutch,red_bull,Austrian
14,2017,sochi,Sochi,5.848,15,sainz,Spanish,toro_rosso,Italian
17,2017,sochi,Sochi,5.848,15,wehrlein,German,sauber,Swiss
20,2017,sochi,Sochi,5.848,15,vandoorne,Belgian,mclaren,British
10,2017,sochi,Sochi,5.848,15,ocon,French,force_india,Indian
11,2017,sochi,Sochi,5.848,15,stroll,Canadian,williams,British
20,2017,catalunya,Montmeló,4.657,14,vandoorne,Belgian,mclaren,British
10,2017,catalunya,Montmeló,4.657,14,ocon,French,force_india,Indian
9,2017,catalunya,Montmeló,4.657,14,massa,Brazilian,williams,British
2,2017,catalunya,Montmeló,4.657,14,vettel,German,ferrari,Italian
14,2017,catalunya,Montmeló,4.657,14,grosjean,French,haas,American
13,2017,catalunya,Montmeló,4.657,14,hulkenberg,German,renault,French
8,2017,catalunya,Montmeló,4.657,14,perez,Mexican,force_india,Indian
6,2017,catalunya,Montmeló,4.657,14,ricciardo,Australian,red_bull,Austrian
20,2017,shanghai,Shanghai,5.451,16,jolyon_palmer,British,renault,French
15,2017,shanghai,Shanghai,5.451,16,vandoorne,Belgian,mclaren,British
19,2017,catalunya,Montmeló,4.657,14,kvyat,Russian,toro_rosso,Italian
16,2017,catalunya,Montmeló,4.657,14,ericsson,Swedish,sauber,Swiss
5,2017,catalunya,Montmeló,4.657,14,max_verstappen,Dutch,red_bull,Austrian
12,2017,catalunya,Montmeló,4.657,14,sainz,Spanish,toro_rosso,Italian
17,2017,catalunya,Montmeló,4.657,14,jolyon_palmer,British,renault,French
15,2017,catalunya,Montmeló,4.657,14,wehrlein,German,sauber,Swiss
3,2017,shanghai,Shanghai,5.451,16,bottas,Finnish,mercedes,German
12,2017,shanghai,Shanghai,5.451,16,kevin_magnussen,Danish,haas,American
9,2017,shanghai,Shanghai,5.451,16,kvyat,Russian,toro_rosso,Italian
14,2017,shanghai,Shanghai,5.451,16,ericsson,Swedish,sauber,Swiss
16,2017,shanghai,Shanghai,5.451,16,max_verstappen,Dutch,red_bull,Austrian
13,2017,sochi,Sochi,5.848,15,kevin_magnussen,Danish,haas,American
12,2017,sochi,Sochi,5.848,15,kvyat,Russian,toro_rosso,Italian
18,2017,sochi,Sochi,5.848,15,ericsson,Swedish,sauber,Swiss
17,2017,shanghai,Shanghai,5.451,16,ocon,French,force_india,Indian
18,2017,shanghai,Shanghai,5.451,16,giovinazzi,Italian,sauber,Swiss
2,2017,bahrain,Sakhir,5.412,15,hamilton,British,mercedes,German
15,2017,bahrain,Sakhir,5.412,15,alonso,Spanish,mclaren,British
5,2017,bahrain,Sakhir,5.412,15,raikkonen,Finnish,ferrari,Italian
8,2017,bahrain,Sakhir,5.412,15,massa,Brazilian,williams,British
3,2017,bahrain,Sakhir,5.412,15,vettel,German,ferrari,Italian
9,2017,bahrain,Sakhir,5.412,15,grosjean,French,haas,American
7,2017,bahrain,Sakhir,5.412,15,hulkenberg,German,renault,French
18,2017,bahrain,Sakhir,5.412,15,perez,Mexican,force_india,Indian
4,2017,bahrain,Sakhir,5.412,15,ricciardo,Australian,red_bull,Austrian
1,2017,bahrain,Sakhir,5.412,15,bottas,Finnish,mercedes,German
20,2017,bahrain,Sakhir,5.412,15,kevin_magnussen,Danish,haas,American
11,2017,bahrain,Sakhir,5.412,15,kvyat,Russian,toro_rosso,Italian
19,2017,bahrain,Sakhir,5.412,15,ericsson,Swedish,sauber,Swiss
6,2017,bahrain,Sakhir,5.412,15,max_verstappen,Dutch,red_bull,Austrian
4,2017,shanghai,Shanghai,5.451,16,raikkonen,Finnish,ferrari,Italian
10,2017,bahrain,Sakhir,5.412,15,jolyon_palmer,British,renault,French
13,2017,bahrain,Sakhir,5.412,15,wehrlein,German,sauber,Swiss
14,2017,bahrain,Sakhir,5.412,15,ocon,French,force_india,Indian
12,2017,bahrain,Sakhir,5.412,15,stroll,Canadian,williams,British
4,2017,sochi,Sochi,5.848,15,hamilton,British,mercedes,German
2,2017,sochi,Sochi,5.848,15,raikkonen,Finnish,ferrari,Italian
6,2017,sochi,Sochi,5.848,15,massa,Brazilian,williams,British
19,2017,villeneuve,Montreal,4.361,14,ericsson,Swedish,sauber,Swiss
5,2017,villeneuve,Montreal,4.361,14,max_verstappen,Dutch,red_bull,Austrian
15,2017,villeneuve,Montreal,4.361,14,jolyon_palmer,British,renault,French
20,2017,villeneuve,Montreal,4.361,14,wehrlein,German,sauber,Swiss
16,2017,villeneuve,Montreal,4.361,14,vandoorne,Belgian,mclaren,British
9,2017,villeneuve,Montreal,4.361,14,ocon,French,force_india,Indian
17,2017,villeneuve,Montreal,4.361,14,stroll,Canadian,williams,British
1,2017,baku,Baku,6.003,20,hamilton,British,mercedes,German
19,2017,baku,Baku,6.003,20,alonso,Spanish,mclaren,British
3,2017,baku,Baku,6.003,20,raikkonen,Finnish,ferrari,Italian
9,2017,baku,Baku,6.003,20,massa,Brazilian,williams,British
4,2017,baku,Baku,6.003,20,vettel,German,ferrari,Italian
16,2017,baku,Baku,6.003,20,grosjean,French,haas,American
13,2017,baku,Baku,6.003,20,hulkenberg,German,renault,French
6,2017,baku,Baku,6.003,20,perez,Mexican,force_india,Indian
10,2017,baku,Baku,6.003,20,ricciardo,Australian,red_bull,Austrian
2,2017,baku,Baku,6.003,20,bottas,Finnish,mercedes,German
12,2017,baku,Baku,6.003,20,kevin_magnussen,Danish,haas,American
11,2017,baku,Baku,6.003,20,kvyat,Russian,toro_rosso,Italian
17,2017,baku,Baku,6.003,20,ericsson,Swedish,sauber,Swiss
5,2017,baku,Baku,6.003,20,max_verstappen,Dutch,red_bull,Austrian
15,2017,baku,Baku,6.003,20,sainz,Spanish,toro_rosso,Italian
20,2017,baku,Baku,6.003,20,jolyon_palmer,British,renault,French
14,2017,baku,Baku,6.003,20,wehrlein,German,sauber,Swiss
18,2017,baku,Baku,6.003,20,vandoorne,Belgian,mclaren,British
7,2017,baku,Baku,6.003,20,ocon,French,force_india,Indian
8,2017,baku,Baku,6.003,20,stroll,Canadian,williams,British
8,2017,red_bull_ring,Spielberg,4.318,10,hamilton,British,mercedes,German
12,2017,red_bull_ring,Spielberg,4.318,10,alonso,Spanish,mclaren,British
3,2017,red_bull_ring,Spielberg,4.318,10,raikkonen,Finnish,ferrari,Italian
17,2017,red_bull_ring,Spielberg,4.318,10,massa,Brazilian,williams,British
2,2017,red_bull_ring,Spielberg,4.318,10,vettel,German,ferrari,Italian
6,2017,red_bull_ring,Spielberg,4.318,10,grosjean,French,haas,American
11,2017,red_bull_ring,Spielberg,4.318,10,hulkenberg,German,renault,French
7,2017,red_bull_ring,Spielberg,4.318,10,perez,Mexican,force_india,Indian
4,2017,red_bull_ring,Spielberg,4.318,10,ricciardo,Australian,red_bull,Austrian
1,2017,red_bull_ring,Spielberg,4.318,10,bottas,Finnish,mercedes,German
15,2017,red_bull_ring,Spielberg,4.318,10,kevin_magnussen,Danish,haas,American
14,2017,red_bull_ring,Spielberg,4.318,10,kvyat,Russian,toro_rosso,Italian
19,2017,red_bull_ring,Spielberg,4.318,10,ericsson,Swedish,sauber,Swiss
10,2017,red_bull_ring,Spielberg,4.318,10,sainz,Spanish,toro_rosso,Italian
16,2017,red_bull_ring,Spielberg,4.318,10,jolyon_palmer,British,renault,French
20,2017,red_bull_ring,Spielberg,4.318,10,wehrlein,German,sauber,Swiss
13,2017,red_bull_ring,Spielberg,4.318,10,vandoorne,Belgian,mclaren,British
9,2017,red_bull_ring,Spielberg,4.318,10,ocon,French,force_india,Indian
18,2017,red_bull_ring,Spielberg,4.318,10,stroll,Canadian,williams,British
1,2017,silverstone,Silverstone,5.891,18,hamilton,British,mercedes,German
20,2017,silverstone,Silverstone,5.891,18,alonso,Spanish,mclaren,British
2,2017,silverstone,Silverstone,5.891,18,raikkonen,Finnish,ferrari,Italian
14,2017,silverstone,Silverstone,5.891,18,massa,Brazilian,williams,British
3,2017,silverstone,Silverstone,5.891,18,vettel,German,ferrari,Italian
10,2017,silverstone,Silverstone,5.891,18,grosjean,French,haas,American
5,2017,silverstone,Silverstone,5.891,18,hulkenberg,German,renault,French
6,2017,silverstone,Silverstone,5.891,18,perez,Mexican,force_india,Indian
19,2017,silverstone,Silverstone,5.891,18,ricciardo,Australian,red_bull,Austrian
9,2017,silverstone,Silverstone,5.891,18,bottas,Finnish,mercedes,German
16,2017,silverstone,Silverstone,5.891,18,kevin_magnussen,Danish,haas,American
12,2017,silverstone,Silverstone,5.891,18,kvyat,Russian,toro_rosso,Italian
18,2017,silverstone,Silverstone,5.891,18,ericsson,Swedish,sauber,Swiss
4,2017,silverstone,Silverstone,5.891,18,max_verstappen,Dutch,red_bull,Austrian
17,2017,silverstone,Silverstone,5.891,18,wehrlein,German,sauber,Swiss
8,2017,silverstone,Silverstone,5.891,18,vandoorne,Belgian,mclaren,British
7,2017,silverstone,Silverstone,5.891,18,ocon,French,force_india,Indian
15,2017,silverstone,Silverstone,5.891,18,stroll,Canadian,williams,British
4,2017,hungaroring,Budapest,4.381,14,hamilton,British,mercedes,German
7,2017,hungaroring,Budapest,4.381,14,alonso,Spanish,mclaren,British
2,2017,hungaroring,Budapest,4.381,14,raikkonen,Finnish,ferrari,Italian
1,2017,hungaroring,Budapest,4.381,14,vettel,German,ferrari,Italian
14,2017,hungaroring,Budapest,4.381,14,grosjean,French,haas,American
12,2017,hungaroring,Budapest,4.381,14,hulkenberg,German,renault,French
19,2017,hungaroring,Budapest,4.381,14,resta,British,williams,British
13,2017,hungaroring,Budapest,4.381,14,perez,Mexican,force_india,Indian
3,2017,hungaroring,Budapest,4.381,14,bottas,Finnish,mercedes,German
15,2017,hungaroring,Budapest,4.381,14,kevin_magnussen,Danish,haas,American
16,2017,hungaroring,Budapest,4.381,14,kvyat,Russian,toro_rosso,Italian
20,2017,hungaroring,Budapest,4.381,14,ericsson,Swedish,sauber,Swiss
5,2017,hungaroring,Budapest,4.381,14,max_verstappen,Dutch,red_bull,Austrian
9,2017,hungaroring,Budapest,4.381,14,sainz,Spanish,toro_rosso,Italian
10,2017,hungaroring,Budapest,4.381,14,jolyon_palmer,British,renault,French
18,2017,hungaroring,Budapest,4.381,14,wehrlein,German,sauber,Swiss
8,2017,hungaroring,Budapest,4.381,14,vandoorne,Belgian,mclaren,British
11,2017,hungaroring,Budapest,4.381,14,ocon,French,force_india,Indian
17,2017,hungaroring,Budapest,4.381,14,stroll,Canadian,williams,British
1,2017,spa,Spa,7.004,20,hamilton,British,mercedes,German
10,2017,spa,Spa,7.004,20,alonso,Spanish,mclaren,British
4,2017,spa,Spa,7.004,20,raikkonen,Finnish,ferrari,Italian
16,2017,spa,Spa,7.004,20,massa,Brazilian,williams,British
2,2017,spa,Spa,7.004,20,vettel,German,ferrari,Italian
11,2017,spa,Spa,7.004,20,grosjean,French,haas,American
7,2017,spa,Spa,7.004,20,hulkenberg,German,renault,French
8,2017,spa,Spa,7.004,20,perez,Mexican,force_india,Indian
6,2017,spa,Spa,7.004,20,ricciardo,Australian,red_bull,Austrian
3,2017,spa,Spa,7.004,20,bottas,Finnish,mercedes,German
12,2017,spa,Spa,7.004,20,kevin_magnussen,Danish,haas,American
19,2017,spa,Spa,7.004,20,kvyat,Russian,toro_rosso,Italian
17,2017,spa,Spa,7.004,20,ericsson,Swedish,sauber,Swiss
5,2017,spa,Spa,7.004,20,max_verstappen,Dutch,red_bull,Austrian
13,2017,spa,Spa,7.004,20,sainz,Spanish,toro_rosso,Italian
14,2017,spa,Spa,7.004,20,jolyon_palmer,British,renault,French
18,2017,spa,Spa,7.004,20,wehrlein,German,sauber,Swiss
20,2017,spa,Spa,7.004,20,vandoorne,Belgian,mclaren,British
9,2017,spa,Spa,7.004,20,ocon,French,force_india,Indian
15,2017,spa,Spa,7.004,20,stroll,Canadian,williams,British
1,2017,monza,Monza,5.793,11,hamilton,British,mercedes,German
19,2017,monza,Monza,5.793,11,alonso,Spanish,mclaren,British
5,2017,monza,Monza,5.793,11,raikkonen,Finnish,ferrari,Italian
7,2017,monza,Monza,5.793,11,massa,Brazilian,williams,British
6,2017,monza,Monza,5.793,11,vettel,German,ferrari,Italian
20,2017,monza,Monza,5.793,11,grosjean,French,haas,American
14,2017,monza,Monza,5.793,11,hulkenberg,German,renault,French
10,2017,monza,Monza,5.793,11,perez,Mexican,force_india,Indian
16,2017,monza,Monza,5.793,11,ricciardo,Australian,red_bull,Austrian
4,2017,monza,Monza,5.793,11,bottas,Finnish,mercedes,German
9,2017,monza,Monza,5.793,11,kevin_magnussen,Danish,haas,American
8,2017,monza,Monza,5.793,11,kvyat,Russian,toro_rosso,Italian
11,2017,monza,Monza,5.793,11,ericsson,Swedish,sauber,Swiss
13,2017,monza,Monza,5.793,11,max_verstappen,Dutch,red_bull,Austrian
15,2017,monza,Monza,5.793,11,sainz,Spanish,toro_rosso,Italian
17,2017,monza,Monza,5.793,11,jolyon_palmer,British,renault,French
12,2017,monza,Monza,5.793,11,wehrlein,German,sauber,Swiss
18,2017,monza,Monza,5.793,11,vandoorne,Belgian,mclaren,British
3,2017,monza,Monza,5.793,11,ocon,French,force_india,Indian
2,2017,monza,Monza,5.793,11,stroll,Canadian,williams,British
5,2017,marina_bay,Marina Bay,4.94,19,hamilton,British,mercedes,German
8,2017,marina_bay,Marina Bay,4.94,19,alonso,Spanish,mclaren,British
17,2017,marina_bay,Marina Bay,4.94,19,massa,Brazilian,williams,British
15,2017,marina_bay,Marina Bay,4.94,19,grosjean,French,haas,American
7,2017,marina_bay,Marina Bay,4.94,19,hulkenberg,German,renault,French
12,2017,marina_bay,Marina Bay,4.94,19,perez,Mexican,force_india,Indian
3,2017,marina_bay,Marina Bay,4.94,19,ricciardo,Australian,red_bull,Austrian
6,2017,marina_bay,Marina Bay,4.94,19,bottas,Finnish,mercedes,German
16,2017,marina_bay,Marina Bay,4.94,19,kevin_magnussen,Danish,haas,American
13,2017,marina_bay,Marina Bay,4.94,19,kvyat,Russian,toro_rosso,Italian
20,2017,marina_bay,Marina Bay,4.94,19,ericsson,Swedish,sauber,Swiss
10,2017,marina_bay,Marina Bay,4.94,19,sainz,Spanish,toro_rosso,Italian
11,2017,marina_bay,Marina Bay,4.94,19,jolyon_palmer,British,renault,French
19,2017,marina_bay,Marina Bay,4.94,19,wehrlein,German,sauber,Swiss
9,2017,marina_bay,Marina Bay,4.94,19,vandoorne,Belgian,mclaren,British
14,2017,marina_bay,Marina Bay,4.94,19,ocon,French,force_india,Indian
18,2017,marina_bay,Marina Bay,4.94,19,stroll,Canadian,williams,British
1,2017,sepang,Kuala Lumpur,5.543,15,hamilton,British,mercedes,German
10,2017,sepang,Kuala Lumpur,5.543,15,alonso,Spanish,mclaren,British
11,2017,sepang,Kuala Lumpur,5.543,15,massa,Brazilian,williams,British
20,2017,sepang,Kuala Lumpur,5.543,15,vettel,German,ferrari,Italian
16,2017,sepang,Kuala Lumpur,5.543,15,grosjean,French,haas,American
8,2017,sepang,Kuala Lumpur,5.543,15,hulkenberg,German,renault,French
9,2017,sepang,Kuala Lumpur,5.543,15,perez,Mexican,force_india,Indian
4,2017,sepang,Kuala Lumpur,5.543,15,ricciardo,Australian,red_bull,Austrian
5,2017,sepang,Kuala Lumpur,5.543,15,bottas,Finnish,mercedes,German
17,2017,sepang,Kuala Lumpur,5.543,15,kevin_magnussen,Danish,haas,American
19,2017,sepang,Kuala Lumpur,5.543,15,ericsson,Swedish,sauber,Swiss
3,2017,sepang,Kuala Lumpur,5.543,15,max_verstappen,Dutch,red_bull,Austrian
14,2017,sepang,Kuala Lumpur,5.543,15,sainz,Spanish,toro_rosso,Italian
12,2017,sepang,Kuala Lumpur,5.543,15,jolyon_palmer,British,renault,French
18,2017,sepang,Kuala Lumpur,5.543,15,wehrlein,German,sauber,Swiss
7,2017,sepang,Kuala Lumpur,5.543,15,vandoorne,Belgian,mclaren,British
6,2017,sepang,Kuala Lumpur,5.543,15,ocon,French,force_india,Indian
13,2017,sepang,Kuala Lumpur,5.543,15,stroll,Canadian,williams,British
15,2017,sepang,Kuala Lumpur,5.543,15,gasly,French,toro_rosso,Italian
1,2017,suzuka,Suzuka,5.807,18,hamilton,British,mercedes,German
20,2017,suzuka,Suzuka,5.807,18,alonso,Spanish,mclaren,British
10,2017,suzuka,Suzuka,5.807,18,raikkonen,Finnish,ferrari,Italian
8,2017,suzuka,Suzuka,5.807,18,massa,Brazilian,williams,British
2,2017,suzuka,Suzuka,5.807,18,vettel,German,ferrari,Italian
13,2017,suzuka,Suzuka,5.807,18,grosjean,French,haas,American
11,2017,suzuka,Suzuka,5.807,18,hulkenberg,German,renault,French
7,2017,suzuka,Suzuka,5.807,18,perez,Mexican,force_india,Indian
3,2017,suzuka,Suzuka,5.807,18,ricciardo,Australian,red_bull,Austrian
6,2017,suzuka,Suzuka,5.807,18,bottas,Finnish,mercedes,German
12,2017,suzuka,Suzuka,5.807,18,kevin_magnussen,Danish,haas,American
16,2017,suzuka,Suzuka,5.807,18,ericsson,Swedish,sauber,Swiss
4,2017,suzuka,Suzuka,5.807,18,max_verstappen,Dutch,red_bull,Austrian
18,2017,suzuka,Suzuka,5.807,18,jolyon_palmer,British,renault,French
17,2017,suzuka,Suzuka,5.807,18,wehrlein,German,sauber,Swiss
9,2017,suzuka,Suzuka,5.807,18,vandoorne,Belgian,mclaren,British
5,2017,suzuka,Suzuka,5.807,18,ocon,French,force_india,Indian
15,2017,suzuka,Suzuka,5.807,18,stroll,Canadian,williams,British
14,2017,suzuka,Suzuka,5.807,18,gasly,French,toro_rosso,Italian
1,2017,americas,Austin,5.513,20,hamilton,British,mercedes,German
8,2017,americas,Austin,5.513,20,alonso,Spanish,mclaren,British
5,2017,americas,Austin,5.513,20,raikkonen,Finnish,ferrari,Italian
10,2017,americas,Austin,5.513,20,massa,Brazilian,williams,British
2,2017,americas,Austin,5.513,20,vettel,German,ferrari,Italian
12,2017,americas,Austin,5.513,20,grosjean,French,haas,American
18,2017,americas,Austin,5.513,20,hulkenberg,German,renault,French
9,2017,americas,Austin,5.513,20,perez,Mexican,force_india,Indian
4,2017,americas,Austin,5.513,20,ricciardo,Australian,red_bull,Austrian
3,2017,americas,Austin,5.513,20,bottas,Finnish,mercedes,German
17,2017,americas,Austin,5.513,20,kevin_magnussen,Danish,haas,American
11,2017,americas,Austin,5.513,20,kvyat,Russian,toro_rosso,Italian
13,2017,americas,Austin,5.513,20,ericsson,Swedish,sauber,Swiss
16,2017,americas,Austin,5.513,20,max_verstappen,Dutch,red_bull,Austrian
7,2017,americas,Austin,5.513,20,sainz,Spanish,renault,French
14,2017,americas,Austin,5.513,20,wehrlein,German,sauber,Swiss
20,2017,americas,Austin,5.513,20,vandoorne,Belgian,mclaren,British
6,2017,americas,Austin,5.513,20,ocon,French,force_india,Indian
15,2017,americas,Austin,5.513,20,stroll,Canadian,williams,British
19,2017,americas,Austin,5.513,20,brendon_hartley,New Zealander,toro_rosso,Italian
3,2017,rodriguez,Mexico City,4.304,17,hamilton,British,mercedes,German
18,2017,rodriguez,Mexico City,4.304,17,alonso,Spanish,mclaren,British
5,2017,rodriguez,Mexico City,4.304,17,raikkonen,Finnish,ferrari,Italian
10,2017,rodriguez,Mexico City,4.304,17,massa,Brazilian,williams,British
1,2017,rodriguez,Mexico City,4.304,17,vettel,German,ferrari,Italian
15,2017,rodriguez,Mexico City,4.304,17,grosjean,French,haas,American
7,2017,rodriguez,Mexico City,4.304,17,hulkenberg,German,renault,French
9,2017,rodriguez,Mexico City,4.304,17,perez,Mexican,force_india,Indian
16,2017,rodriguez,Mexico City,4.304,17,ricciardo,Australian,red_bull,Austrian
4,2017,rodriguez,Mexico City,4.304,17,bottas,Finnish,mercedes,German
14,2017,rodriguez,Mexico City,4.304,17,kevin_magnussen,Danish,haas,American
12,2017,rodriguez,Mexico City,4.304,17,ericsson,Swedish,sauber,Swiss
2,2017,rodriguez,Mexico City,4.304,17,max_verstappen,Dutch,red_bull,Austrian
8,2017,rodriguez,Mexico City,4.304,17,sainz,Spanish,renault,French
13,2017,rodriguez,Mexico City,4.304,17,wehrlein,German,sauber,Swiss
19,2017,rodriguez,Mexico City,4.304,17,vandoorne,Belgian,mclaren,British
6,2017,rodriguez,Mexico City,4.304,17,ocon,French,force_india,Indian
11,2017,rodriguez,Mexico City,4.304,17,stroll,Canadian,williams,British
20,2017,rodriguez,Mexico City,4.304,17,gasly,French,toro_rosso,Italian
17,2017,rodriguez,Mexico City,4.304,17,brendon_hartley,New Zealander,toro_rosso,Italian
20,2017,interlagos,São Paulo,4.309,15,hamilton,British,mercedes,German
6,2017,interlagos,São Paulo,4.309,15,alonso,Spanish,mclaren,British
3,2017,interlagos,São Paulo,4.309,15,raikkonen,Finnish,ferrari,Italian
9,2017,interlagos,São Paulo,4.309,15,massa,Brazilian,williams,British
2,2017,interlagos,São Paulo,4.309,15,vettel,German,ferrari,Italian
11,2017,interlagos,São Paulo,4.309,15,grosjean,French,haas,American
5,2017,interlagos,São Paulo,4.309,15,perez,Mexican,force_india,Indian
14,2017,interlagos,São Paulo,4.309,15,ricciardo,Australian,red_bull,Austrian
1,2017,interlagos,São Paulo,4.309,15,bottas,Finnish,mercedes,German
17,2017,interlagos,São Paulo,4.309,15,ericsson,Swedish,sauber,Swiss
4,2017,interlagos,São Paulo,4.309,15,max_verstappen,Dutch,red_bull,Austrian
8,2017,interlagos,São Paulo,4.309,15,sainz,Spanish,renault,French
15,2017,interlagos,São Paulo,4.309,15,wehrlein,German,sauber,Swiss
11,2017,shanghai,Shanghai,5.451,16,sainz,Spanish,toro_rosso,Italian
19,2017,interlagos,São Paulo,4.309,15,gasly,French,toro_rosso,Italian
18,2017,interlagos,São Paulo,4.309,15,brendon_hartley,New Zealander,toro_rosso,Italian
2,2017,yas_marina,Abu Dhabi,5.281,16,hamilton,British,mercedes,German
11,2017,yas_marina,Abu Dhabi,5.281,16,alonso,Spanish,mclaren,British
5,2017,yas_marina,Abu Dhabi,5.281,16,raikkonen,Finnish,ferrari,Italian
10,2017,yas_marina,Abu Dhabi,5.281,16,massa,Brazilian,williams,British
3,2017,yas_marina,Abu Dhabi,5.281,16,vettel,German,ferrari,Italian
7,2017,interlagos,São Paulo,4.309,15,hulkenberg,German,renault,French
7,2017,yas_marina,Abu Dhabi,5.281,16,hulkenberg,German,renault,French
8,2017,yas_marina,Abu Dhabi,5.281,16,perez,Mexican,force_india,Indian
4,2017,yas_marina,Abu Dhabi,5.281,16,ricciardo,Australian,red_bull,Austrian
1,2017,yas_marina,Abu Dhabi,5.281,16,bottas,Finnish,mercedes,German
14,2017,yas_marina,Abu Dhabi,5.281,16,kevin_magnussen,Danish,haas,American
19,2017,yas_marina,Abu Dhabi,5.281,16,ericsson,Swedish,sauber,Swiss
6,2017,yas_marina,Abu Dhabi,5.281,16,max_verstappen,Dutch,red_bull,Austrian
16,2017,interlagos,São Paulo,4.309,15,stroll,Canadian,williams,British
12,2017,yas_marina,Abu Dhabi,5.281,16,sainz,Spanish,renault,French
18,2017,yas_marina,Abu Dhabi,5.281,16,wehrlein,German,sauber,Swiss
13,2017,yas_marina,Abu Dhabi,5.281,16,vandoorne,Belgian,mclaren,British
9,2017,yas_marina,Abu Dhabi,5.281,16,ocon,French,force_india,Indian
15,2017,yas_marina,Abu Dhabi,5.281,16,stroll,Canadian,williams,British
17,2017,yas_marina,Abu Dhabi,5.281,16,gasly,French,toro_rosso,Italian
20,2017,yas_marina,Abu Dhabi,5.281,16,brendon_hartley,New Zealander,toro_rosso,Italian
16,2017,yas_marina,Abu Dhabi,5.281,16,grosjean,French,haas,American
18,2017,catalunya,Montmeló,4.657,14,stroll,Canadian,williams,British
13,2017,monaco,Monte-Carlo,3.337,19,hamilton,British,mercedes,German
1,2017,monaco,Monte-Carlo,3.337,19,raikkonen,Finnish,ferrari,Italian
14,2017,monaco,Monte-Carlo,3.337,19,massa,Brazilian,williams,British
20,2017,monaco,Monte-Carlo,3.337,19,button,British,mclaren,British
2,2017,monaco,Monte-Carlo,3.337,19,vettel,German,ferrari,Italian
8,2017,monaco,Monte-Carlo,3.337,19,grosjean,French,haas,American
10,2017,monaco,Monte-Carlo,3.337,19,hulkenberg,German,renault,French
7,2017,monaco,Monte-Carlo,3.337,19,perez,Mexican,force_india,Indian
5,2017,monaco,Monte-Carlo,3.337,19,ricciardo,Australian,red_bull,Austrian
3,2017,monaco,Monte-Carlo,3.337,19,bottas,Finnish,mercedes,German
11,2017,monaco,Monte-Carlo,3.337,19,kevin_magnussen,Danish,haas,American
9,2017,monaco,Monte-Carlo,3.337,19,kvyat,Russian,toro_rosso,Italian
19,2017,monaco,Monte-Carlo,3.337,19,ericsson,Swedish,sauber,Swiss
4,2017,monaco,Monte-Carlo,3.337,19,max_verstappen,Dutch,red_bull,Austrian
6,2017,monaco,Monte-Carlo,3.337,19,sainz,Spanish,toro_rosso,Italian
16,2017,monaco,Monte-Carlo,3.337,19,jolyon_palmer,British,renault,French
18,2017,monaco,Monte-Carlo,3.337,19,wehrlein,German,sauber,Swiss
12,2017,monaco,Monte-Carlo,3.337,19,vandoorne,Belgian,mclaren,British
15,2017,monaco,Monte-Carlo,3.337,19,ocon,French,force_india,Indian
17,2017,monaco,Monte-Carlo,3.337,19,stroll,Canadian,williams,British
1,2017,villeneuve,Montreal,4.361,14,hamilton,British,mercedes,German
12,2017,villeneuve,Montreal,4.361,14,alonso,Spanish,mclaren,British
4,2017,villeneuve,Montreal,4.361,14,raikkonen,Finnish,ferrari,Italian
2,2017,villeneuve,Montreal,4.361,14,vettel,German,ferrari,Italian
14,2017,villeneuve,Montreal,4.361,14,grosjean,French,haas,American
10,2017,villeneuve,Montreal,4.361,14,hulkenberg,German,renault,French
8,2017,villeneuve,Montreal,4.361,14,perez,Mexican,force_india,Indian
6,2017,villeneuve,Montreal,4.361,14,ricciardo,Australian,red_bull,Austrian
3,2017,villeneuve,Montreal,4.361,14,bottas,Finnish,mercedes,German
18,2017,villeneuve,Montreal,4.361,14,kevin_magnussen,Danish,haas,American
11,2017,villeneuve,Montreal,4.361,14,kvyat,Russian,toro_rosso,Italian
6,2017,shanghai,Shanghai,5.451,16,massa,Brazilian,williams,British
2,2017,shanghai,Shanghai,5.451,16,vettel,German,ferrari,Italian
19,2017,shanghai,Shanghai,5.451,16,grosjean,French,haas,American
7,2017,shanghai,Shanghai,5.451,16,hulkenberg,German,renault,French
8,2017,shanghai,Shanghai,5.451,16,perez,Mexican,force_india,Indian
5,2017,shanghai,Shanghai,5.451,16,ricciardo,Australian,red_bull,Austrian
5,2017,albert_park,Melbourne,5.278,16,max_verstappen,Dutch,red_bull,Austrian
8,2017,albert_park,Melbourne,5.278,16,sainz,Spanish,toro_rosso,Italian
19,2017,albert_park,Melbourne,5.278,16,jolyon_palmer,British,renault,French
18,2017,albert_park,Melbourne,5.278,16,vandoorne,Belgian,mclaren,British
13,2017,albert_park,Melbourne,5.278,16,ocon,French,force_india,Indian
20,2017,albert_park,Melbourne,5.278,16,stroll,Canadian,williams,British
16,2017,albert_park,Melbourne,5.278,16,giovinazzi,Italian,sauber,Swiss
1,2017,shanghai,Shanghai,5.451,16,hamilton,British,mercedes,German
6,2017,albert_park,Melbourne,5.278,16,grosjean,French,haas,American
11,2017,albert_park,Melbourne,5.278,16,hulkenberg,German,renault,French
10,2017,albert_park,Melbourne,5.278,16,perez,Mexican,force_india,Indian
0,2017,albert_park,Melbourne,5.278,16,ricciardo,Australian,red_bull,Austrian
3,2017,albert_park,Melbourne,5.278,16,bottas,Finnish,mercedes,German
17,2017,albert_park,Melbourne,5.278,16,kevin_magnussen,Danish,haas,American
9,2017,albert_park,Melbourne,5.278,16,kvyat,Russian,toro_rosso,Italian
14,2017,albert_park,Melbourne,5.278,16,ericsson,Swedish,sauber,Swiss
1,2017,albert_park,Melbourne,5.278,16,hamilton,British,mercedes,German
12,2017,albert_park,Melbourne,5.278,16,alonso,Spanish,mclaren,British
4,2017,albert_park,Melbourne,5.278,16,raikkonen,Finnish,ferrari,Italian
7,2017,albert_park,Melbourne,5.278,16,massa,Brazilian,williams,British
2,2017,albert_park,Melbourne,5.278,16,vettel,German,ferrari,Italian
16,2017,bahrain,Sakhir,5.412,15,sainz,Spanish,toro_rosso,Italian
13,2018,albert_park,Melbourne,5.278,16,stroll,Canadian,williams,British
20,2018,albert_park,Melbourne,5.278,16,gasly,French,toro_rosso,Italian
10,2018,albert_park,Melbourne,5.278,16,alonso,Spanish,mclaren,British
2,2018,albert_park,Melbourne,5.278,16,raikkonen,Finnish,ferrari,Italian
3,2018,albert_park,Melbourne,5.278,16,vettel,German,ferrari,Italian
6,2018,albert_park,Melbourne,5.278,16,grosjean,French,haas,American
7,2018,albert_park,Melbourne,5.278,16,hulkenberg,German,renault,French
2,2018,bahrain,Sakhir,5.412,15,raikkonen,Finnish,ferrari,Italian
15,2018,rodriguez,Mexico City,4.304,17,vandoorne,Belgian,mclaren,British
11,2018,rodriguez,Mexico City,4.304,17,ocon,French,force_india,Indian
17,2018,rodriguez,Mexico City,4.304,17,stroll,Canadian,williams,British
14,2018,yas_marina,Abu Dhabi,5.281,16,perez,Mexican,force_india,Indian
5,2018,yas_marina,Abu Dhabi,5.281,16,ricciardo,Australian,red_bull,Austrian
2,2018,yas_marina,Abu Dhabi,5.281,16,bottas,Finnish,mercedes,German
1,2018,albert_park,Melbourne,5.278,16,hamilton,British,mercedes,German
14,2018,albert_park,Melbourne,5.278,16,ocon,French,force_india,Indian
13,2018,yas_marina,Abu Dhabi,5.281,16,kevin_magnussen,Danish,haas,American
12,2018,yas_marina,Abu Dhabi,5.281,16,ericsson,Swedish,sauber,Swiss
6,2018,yas_marina,Abu Dhabi,5.281,16,max_verstappen,Dutch,red_bull,Austrian
11,2018,yas_marina,Abu Dhabi,5.281,16,sainz,Spanish,renault,French
18,2018,yas_marina,Abu Dhabi,5.281,16,vandoorne,Belgian,mclaren,British
16,2018,yas_marina,Abu Dhabi,5.281,16,brendon_hartley,New Zealander,toro_rosso,Italian
8,2018,yas_marina,Abu Dhabi,5.281,16,leclerc,Monegasque,sauber,Swiss
19,2018,yas_marina,Abu Dhabi,5.281,16,sirotkin,Russian,williams,British
9,2018,yas_marina,Abu Dhabi,5.281,16,ocon,French,force_india,Indian
20,2018,yas_marina,Abu Dhabi,5.281,16,stroll,Canadian,williams,British
17,2018,yas_marina,Abu Dhabi,5.281,16,gasly,French,toro_rosso,Italian
1,2018,yas_marina,Abu Dhabi,5.281,16,hamilton,British,mercedes,German
15,2018,yas_marina,Abu Dhabi,5.281,16,alonso,Spanish,mclaren,British
4,2018,yas_marina,Abu Dhabi,5.281,16,raikkonen,Finnish,ferrari,Italian
3,2018,yas_marina,Abu Dhabi,5.281,16,vettel,German,ferrari,Italian
7,2018,yas_marina,Abu Dhabi,5.281,16,grosjean,French,haas,American
12,2018,albert_park,Melbourne,5.278,16,perez,Mexican,force_india,Indian
8,2018,albert_park,Melbourne,5.278,16,ricciardo,Australian,red_bull,Austrian
15,2018,albert_park,Melbourne,5.278,16,bottas,Finnish,mercedes,German
15,2018,shanghai,Shanghai,5.451,16,brendon_hartley,New Zealander,toro_rosso,Italian
19,2018,shanghai,Shanghai,5.451,16,leclerc,Monegasque,sauber,Swiss
16,2018,shanghai,Shanghai,5.451,16,sirotkin,Russian,williams,British
2,2018,baku,Baku,6.003,20,hamilton,British,mercedes,German
12,2018,baku,Baku,6.003,20,alonso,Spanish,mclaren,British
6,2018,baku,Baku,6.003,20,raikkonen,Finnish,ferrari,Italian
1,2018,baku,Baku,6.003,20,vettel,German,ferrari,Italian
20,2018,baku,Baku,6.003,20,grosjean,French,haas,American
11,2018,shanghai,Shanghai,5.451,16,kevin_magnussen,Danish,haas,American
20,2018,shanghai,Shanghai,5.451,16,ericsson,Swedish,sauber,Swiss
5,2018,shanghai,Shanghai,5.451,16,max_verstappen,Dutch,red_bull,Austrian
9,2018,shanghai,Shanghai,5.451,16,sainz,Spanish,renault,French
14,2018,shanghai,Shanghai,5.451,16,vandoorne,Belgian,mclaren,British
12,2018,shanghai,Shanghai,5.451,16,ocon,French,force_india,Indian
18,2018,shanghai,Shanghai,5.451,16,stroll,Canadian,williams,British
17,2018,shanghai,Shanghai,5.451,16,gasly,French,toro_rosso,Italian
13,2018,shanghai,Shanghai,5.451,16,alonso,Spanish,mclaren,British
2,2018,shanghai,Shanghai,5.451,16,raikkonen,Finnish,ferrari,Italian
1,2018,shanghai,Shanghai,5.451,16,vettel,German,ferrari,Italian
10,2018,shanghai,Shanghai,5.451,16,grosjean,French,haas,American
7,2018,shanghai,Shanghai,5.451,16,hulkenberg,German,renault,French
1,2018,bahrain,Sakhir,5.412,15,vettel,German,ferrari,Italian
6,2018,shanghai,Shanghai,5.451,16,ricciardo,Australian,red_bull,Austrian
3,2018,shanghai,Shanghai,5.451,16,bottas,Finnish,mercedes,German
14,2018,bahrain,Sakhir,5.412,15,vandoorne,Belgian,mclaren,British
8,2018,bahrain,Sakhir,5.412,15,ocon,French,force_india,Indian
20,2018,bahrain,Sakhir,5.412,15,stroll,Canadian,williams,British
5,2018,bahrain,Sakhir,5.412,15,gasly,French,toro_rosso,Italian
11,2018,bahrain,Sakhir,5.412,15,brendon_hartley,New Zealander,toro_rosso,Italian
18,2018,baku,Baku,6.003,20,ericsson,Swedish,sauber,Swiss
5,2018,baku,Baku,6.003,20,max_verstappen,Dutch,red_bull,Austrian
9,2018,baku,Baku,6.003,20,sainz,Spanish,renault,French
10,2018,villeneuve,Montreal,4.361,14,perez,Mexican,force_india,Indian
6,2018,villeneuve,Montreal,4.361,14,ricciardo,Australian,red_bull,Austrian
2,2018,villeneuve,Montreal,4.361,14,bottas,Finnish,mercedes,German
11,2018,villeneuve,Montreal,4.361,14,kevin_magnussen,Danish,haas,American
19,2018,villeneuve,Montreal,4.361,14,ericsson,Swedish,sauber,Swiss
3,2018,villeneuve,Montreal,4.361,14,max_verstappen,Dutch,red_bull,Austrian
9,2018,villeneuve,Montreal,4.361,14,sainz,Spanish,renault,French
15,2018,villeneuve,Montreal,4.361,14,vandoorne,Belgian,mclaren,British
14,2018,monaco,Monte-Carlo,3.337,19,leclerc,Monegasque,sauber,Swiss
13,2018,monaco,Monte-Carlo,3.337,19,sirotkin,Russian,williams,British
4,2018,villeneuve,Montreal,4.361,14,hamilton,British,mercedes,German
14,2018,villeneuve,Montreal,4.361,14,alonso,Spanish,mclaren,British
5,2018,villeneuve,Montreal,4.361,14,raikkonen,Finnish,ferrari,Italian
1,2018,villeneuve,Montreal,4.361,14,vettel,German,ferrari,Italian
20,2018,villeneuve,Montreal,4.361,14,grosjean,French,haas,American
7,2018,villeneuve,Montreal,4.361,14,hulkenberg,German,renault,French
16,2018,monaco,Monte-Carlo,3.337,19,ericsson,Swedish,sauber,Swiss
20,2018,monaco,Monte-Carlo,3.337,19,max_verstappen,Dutch,red_bull,Austrian
8,2018,monaco,Monte-Carlo,3.337,19,sainz,Spanish,renault,French
12,2018,monaco,Monte-Carlo,3.337,19,vandoorne,Belgian,mclaren,British
6,2018,monaco,Monte-Carlo,3.337,19,ocon,French,force_india,Indian
17,2018,monaco,Monte-Carlo,3.337,19,stroll,Canadian,williams,British
10,2018,monaco,Monte-Carlo,3.337,19,gasly,French,toro_rosso,Italian
15,2018,monaco,Monte-Carlo,3.337,19,brendon_hartley,New Zealander,toro_rosso,Italian
4,2018,monaco,Monte-Carlo,3.337,19,raikkonen,Finnish,ferrari,Italian
2,2018,monaco,Monte-Carlo,3.337,19,vettel,German,ferrari,Italian
18,2018,monaco,Monte-Carlo,3.337,19,grosjean,French,haas,American
11,2018,monaco,Monte-Carlo,3.337,19,hulkenberg,German,renault,French
9,2018,monaco,Monte-Carlo,3.337,19,perez,Mexican,force_india,Indian
1,2018,monaco,Monte-Carlo,3.337,19,ricciardo,Australian,red_bull,Austrian
5,2018,monaco,Monte-Carlo,3.337,19,bottas,Finnish,mercedes,German
19,2018,monaco,Monte-Carlo,3.337,19,kevin_magnussen,Danish,haas,American
3,2018,red_bull_ring,Spielberg,4.318,10,raikkonen,Finnish,ferrari,Italian
6,2018,red_bull_ring,Spielberg,4.318,10,vettel,German,ferrari,Italian
5,2018,red_bull_ring,Spielberg,4.318,10,grosjean,French,haas,American
10,2018,red_bull_ring,Spielberg,4.318,10,hulkenberg,German,renault,French
16,2018,red_bull_ring,Spielberg,4.318,10,perez,Mexican,force_india,Indian
7,2018,red_bull_ring,Spielberg,4.318,10,ricciardo,Australian,red_bull,Austrian
1,2018,red_bull_ring,Spielberg,4.318,10,bottas,Finnish,mercedes,German
8,2018,red_bull_ring,Spielberg,4.318,10,kevin_magnussen,Danish,haas,American
7,2018,ricard,Le Castellet,5.842,15,sainz,Spanish,renault,French
17,2018,ricard,Le Castellet,5.842,15,vandoorne,Belgian,mclaren,British
19,2018,ricard,Le Castellet,5.842,15,stroll,Canadian,williams,British
20,2018,ricard,Le Castellet,5.842,15,brendon_hartley,New Zealander,toro_rosso,Italian
8,2018,ricard,Le Castellet,5.842,15,leclerc,Monegasque,sauber,Swiss
18,2018,ricard,Le Castellet,5.842,15,sirotkin,Russian,williams,British
2,2018,red_bull_ring,Spielberg,4.318,10,hamilton,British,mercedes,German
13,2018,red_bull_ring,Spielberg,4.318,10,alonso,Spanish,mclaren,British
10,2018,ricard,Le Castellet,5.842,15,grosjean,French,haas,American
12,2018,ricard,Le Castellet,5.842,15,hulkenberg,German,renault,French
13,2018,ricard,Le Castellet,5.842,15,perez,Mexican,force_india,Indian
5,2018,ricard,Le Castellet,5.842,15,ricciardo,Australian,red_bull,Austrian
2,2018,ricard,Le Castellet,5.842,15,bottas,Finnish,mercedes,German
9,2018,ricard,Le Castellet,5.842,15,kevin_magnussen,Danish,haas,American
15,2018,ricard,Le Castellet,5.842,15,ericsson,Swedish,sauber,Swiss
4,2018,ricard,Le Castellet,5.842,15,max_verstappen,Dutch,red_bull,Austrian
8,2018,villeneuve,Montreal,4.361,14,ocon,French,force_india,Indian
16,2018,villeneuve,Montreal,4.361,14,gasly,French,toro_rosso,Italian
13,2018,villeneuve,Montreal,4.361,14,leclerc,Monegasque,sauber,Swiss
18,2018,villeneuve,Montreal,4.361,14,sirotkin,Russian,williams,British
1,2018,ricard,Le Castellet,5.842,15,hamilton,British,mercedes,German
16,2018,ricard,Le Castellet,5.842,15,alonso,Spanish,mclaren,British
6,2018,ricard,Le Castellet,5.842,15,raikkonen,Finnish,ferrari,Italian
3,2018,ricard,Le Castellet,5.842,15,vettel,German,ferrari,Italian
10,2018,silverstone,Silverstone,5.891,18,ocon,French,force_india,Indian
19,2018,silverstone,Silverstone,5.891,18,stroll,Canadian,williams,British
14,2018,silverstone,Silverstone,5.891,18,gasly,French,toro_rosso,Italian
0,2018,silverstone,Silverstone,5.891,18,brendon_hartley,New Zealander,toro_rosso,Italian
9,2018,silverstone,Silverstone,5.891,18,leclerc,Monegasque,sauber,Swiss
18,2018,silverstone,Silverstone,5.891,18,sirotkin,Russian,williams,British
14,2018,hockenheimring,Hockenheim,4.574,16,hamilton,British,mercedes,German
11,2018,hockenheimring,Hockenheim,4.574,16,alonso,Spanish,mclaren,British
12,2018,silverstone,Silverstone,5.891,18,perez,Mexican,force_india,Indian
6,2018,silverstone,Silverstone,5.891,18,ricciardo,Australian,red_bull,Austrian
4,2018,silverstone,Silverstone,5.891,18,bottas,Finnish,mercedes,German
7,2018,silverstone,Silverstone,5.891,18,kevin_magnussen,Danish,haas,American
15,2018,silverstone,Silverstone,5.891,18,ericsson,Swedish,sauber,Swiss
5,2018,silverstone,Silverstone,5.891,18,max_verstappen,Dutch,red_bull,Austrian
16,2018,silverstone,Silverstone,5.891,18,sainz,Spanish,renault,French
17,2018,silverstone,Silverstone,5.891,18,vandoorne,Belgian,mclaren,British
18,2018,red_bull_ring,Spielberg,4.318,10,leclerc,Monegasque,sauber,Swiss
17,2018,red_bull_ring,Spielberg,4.318,10,sirotkin,Russian,williams,British
1,2018,silverstone,Silverstone,5.891,18,hamilton,British,mercedes,German
13,2018,silverstone,Silverstone,5.891,18,alonso,Spanish,mclaren,British
3,2018,silverstone,Silverstone,5.891,18,raikkonen,Finnish,ferrari,Italian
2,2018,silverstone,Silverstone,5.891,18,vettel,German,ferrari,Italian
8,2018,silverstone,Silverstone,5.891,18,grosjean,French,haas,American
11,2018,silverstone,Silverstone,5.891,18,hulkenberg,German,renault,French
20,2018,red_bull_ring,Spielberg,4.318,10,ericsson,Swedish,sauber,Swiss
4,2018,red_bull_ring,Spielberg,4.318,10,max_verstappen,Dutch,red_bull,Austrian
9,2018,red_bull_ring,Spielberg,4.318,10,sainz,Spanish,renault,French
15,2018,red_bull_ring,Spielberg,4.318,10,vandoorne,Belgian,mclaren,British
11,2018,red_bull_ring,Spielberg,4.318,10,ocon,French,force_india,Indian
14,2018,red_bull_ring,Spielberg,4.318,10,stroll,Canadian,williams,British
12,2018,red_bull_ring,Spielberg,4.318,10,gasly,French,toro_rosso,Italian
19,2018,red_bull_ring,Spielberg,4.318,10,brendon_hartley,New Zealander,toro_rosso,Italian
19,2018,hungaroring,Budapest,4.381,14,perez,Mexican,force_india,Indian
12,2018,hungaroring,Budapest,4.381,14,ricciardo,Australian,red_bull,Austrian
2,2018,hungaroring,Budapest,4.381,14,bottas,Finnish,mercedes,German
9,2018,hungaroring,Budapest,4.381,14,kevin_magnussen,Danish,haas,American
14,2018,hungaroring,Budapest,4.381,14,ericsson,Swedish,sauber,Swiss
7,2018,hungaroring,Budapest,4.381,14,max_verstappen,Dutch,red_bull,Austrian
5,2018,hungaroring,Budapest,4.381,14,sainz,Spanish,renault,French
16,2018,hungaroring,Budapest,4.381,14,vandoorne,Belgian,mclaren,British
9,2018,hockenheimring,Hockenheim,4.574,16,leclerc,Monegasque,sauber,Swiss
12,2018,hockenheimring,Hockenheim,4.574,16,sirotkin,Russian,williams,British
1,2018,hungaroring,Budapest,4.381,14,hamilton,British,mercedes,German
11,2018,hungaroring,Budapest,4.381,14,alonso,Spanish,mclaren,British
3,2018,hungaroring,Budapest,4.381,14,raikkonen,Finnish,ferrari,Italian
4,2018,hungaroring,Budapest,4.381,14,vettel,German,ferrari,Italian
10,2018,hungaroring,Budapest,4.381,14,grosjean,French,haas,American
13,2018,hungaroring,Budapest,4.381,14,hulkenberg,German,renault,French
13,2018,hockenheimring,Hockenheim,4.574,16,ericsson,Swedish,sauber,Swiss
4,2018,hockenheimring,Hockenheim,4.574,16,max_verstappen,Dutch,red_bull,Austrian
8,2018,hockenheimring,Hockenheim,4.574,16,sainz,Spanish,renault,French
19,2018,hockenheimring,Hockenheim,4.574,16,vandoorne,Belgian,mclaren,British
15,2018,hockenheimring,Hockenheim,4.574,16,ocon,French,force_india,Indian
18,2018,hockenheimring,Hockenheim,4.574,16,stroll,Canadian,williams,British
16,2018,hockenheimring,Hockenheim,4.574,16,gasly,French,toro_rosso,Italian
17,2018,hockenheimring,Hockenheim,4.574,16,brendon_hartley,New Zealander,toro_rosso,Italian
3,2018,hockenheimring,Hockenheim,4.574,16,raikkonen,Finnish,ferrari,Italian
1,2018,hockenheimring,Hockenheim,4.574,16,vettel,German,ferrari,Italian
6,2018,hockenheimring,Hockenheim,4.574,16,grosjean,French,haas,American
7,2018,hockenheimring,Hockenheim,4.574,16,hulkenberg,German,renault,French
10,2018,hockenheimring,Hockenheim,4.574,16,perez,Mexican,force_india,Indian
20,2018,hockenheimring,Hockenheim,4.574,16,ricciardo,Australian,red_bull,Austrian
2,2018,hockenheimring,Hockenheim,4.574,16,bottas,Finnish,mercedes,German
5,2018,hockenheimring,Hockenheim,4.574,16,kevin_magnussen,Danish,haas,American
1,2018,monza,Monza,5.793,11,raikkonen,Finnish,ferrari,Italian
2,2018,monza,Monza,5.793,11,vettel,German,ferrari,Italian
6,2018,monza,Monza,5.793,11,grosjean,French,haas,American
20,2018,monza,Monza,5.793,11,hulkenberg,German,renault,French
14,2018,monza,Monza,5.793,11,perez,Mexican,force_india,Indian
19,2018,monza,Monza,5.793,11,ricciardo,Australian,red_bull,Austrian
4,2018,monza,Monza,5.793,11,bottas,Finnish,mercedes,German
11,2018,monza,Monza,5.793,11,kevin_magnussen,Danish,haas,American
18,2018,spa,Spa,7.004,20,vandoorne,Belgian,mclaren,British
3,2018,spa,Spa,7.004,20,ocon,French,force_india,Indian
17,2018,spa,Spa,7.004,20,stroll,Canadian,williams,British
10,2018,spa,Spa,7.004,20,gasly,French,toro_rosso,Italian
11,2018,spa,Spa,7.004,20,brendon_hartley,New Zealander,toro_rosso,Italian
16,2018,spa,Spa,7.004,20,sirotkin,Russian,williams,British
3,2018,monza,Monza,5.793,11,hamilton,British,mercedes,German
13,2018,monza,Monza,5.793,11,alonso,Spanish,mclaren,British
5,2018,spa,Spa,7.004,20,grosjean,French,haas,American
4,2018,spa,Spa,7.004,20,perez,Mexican,force_india,Indian
8,2018,spa,Spa,7.004,20,ricciardo,Australian,red_bull,Austrian
19,2018,spa,Spa,7.004,20,bottas,Finnish,mercedes,German
9,2018,spa,Spa,7.004,20,kevin_magnussen,Danish,haas,American
13,2018,spa,Spa,7.004,20,ericsson,Swedish,sauber,Swiss
7,2018,spa,Spa,7.004,20,max_verstappen,Dutch,red_bull,Austrian
14,2018,spa,Spa,7.004,20,sainz,Spanish,renault,French
18,2018,hungaroring,Budapest,4.381,14,ocon,French,force_india,Indian
15,2018,hungaroring,Budapest,4.381,14,stroll,Canadian,williams,British
6,2018,hungaroring,Budapest,4.381,14,gasly,French,toro_rosso,Italian
8,2018,hungaroring,Budapest,4.381,14,brendon_hartley,New Zealander,toro_rosso,Italian
20,2018,hungaroring,Budapest,4.381,14,sirotkin,Russian,williams,British
1,2018,spa,Spa,7.004,20,hamilton,British,mercedes,German
6,2018,spa,Spa,7.004,20,raikkonen,Finnish,ferrari,Italian
2,2018,spa,Spa,7.004,20,vettel,German,ferrari,Italian
15,2018,marina_bay,Marina Bay,4.94,19,gasly,French,toro_rosso,Italian
17,2018,marina_bay,Marina Bay,4.94,19,brendon_hartley,New Zealander,toro_rosso,Italian
13,2018,marina_bay,Marina Bay,4.94,19,leclerc,Monegasque,sauber,Swiss
19,2018,marina_bay,Marina Bay,4.94,19,sirotkin,Russian,williams,British
2,2018,sochi,Sochi,5.848,15,hamilton,British,mercedes,German
16,2018,sochi,Sochi,5.848,15,alonso,Spanish,mclaren,British
4,2018,sochi,Sochi,5.848,15,raikkonen,Finnish,ferrari,Italian
3,2018,sochi,Sochi,5.848,15,vettel,German,ferrari,Italian
6,2018,marina_bay,Marina Bay,4.94,19,ricciardo,Australian,red_bull,Austrian
4,2018,marina_bay,Marina Bay,4.94,19,bottas,Finnish,mercedes,German
16,2018,marina_bay,Marina Bay,4.94,19,kevin_magnussen,Danish,haas,American
14,2018,marina_bay,Marina Bay,4.94,19,ericsson,Swedish,sauber,Swiss
2,2018,marina_bay,Marina Bay,4.94,19,max_verstappen,Dutch,red_bull,Austrian
12,2018,marina_bay,Marina Bay,4.94,19,sainz,Spanish,renault,French
18,2018,marina_bay,Marina Bay,4.94,19,vandoorne,Belgian,mclaren,British
20,2018,marina_bay,Marina Bay,4.94,19,stroll,Canadian,williams,British
12,2018,monza,Monza,5.793,11,sirotkin,Russian,williams,British
1,2018,marina_bay,Marina Bay,4.94,19,hamilton,British,mercedes,German
11,2018,marina_bay,Marina Bay,4.94,19,alonso,Spanish,mclaren,British
5,2018,marina_bay,Marina Bay,4.94,19,raikkonen,Finnish,ferrari,Italian
3,2018,marina_bay,Marina Bay,4.94,19,vettel,German,ferrari,Italian
8,2018,marina_bay,Marina Bay,4.94,19,grosjean,French,haas,American
10,2018,marina_bay,Marina Bay,4.94,19,hulkenberg,German,renault,French
7,2018,marina_bay,Marina Bay,4.94,19,perez,Mexican,force_india,Indian
18,2018,monza,Monza,5.793,11,ericsson,Swedish,sauber,Swiss
5,2018,monza,Monza,5.793,11,max_verstappen,Dutch,red_bull,Austrian
7,2018,monza,Monza,5.793,11,sainz,Spanish,renault,French
17,2018,monza,Monza,5.793,11,vandoorne,Belgian,mclaren,British
8,2018,monza,Monza,5.793,11,ocon,French,force_india,Indian
10,2018,monza,Monza,5.793,11,stroll,Canadian,williams,British
9,2018,monza,Monza,5.793,11,gasly,French,toro_rosso,Italian
15,2018,monza,Monza,5.793,11,leclerc,Monegasque,sauber,Swiss
2,2018,suzuka,Suzuka,5.807,18,bottas,Finnish,mercedes,German
12,2018,suzuka,Suzuka,5.807,18,kevin_magnussen,Danish,haas,American
20,2018,suzuka,Suzuka,5.807,18,ericsson,Swedish,sauber,Swiss
3,2018,suzuka,Suzuka,5.807,18,max_verstappen,Dutch,red_bull,Austrian
13,2018,suzuka,Suzuka,5.807,18,sainz,Spanish,renault,French
19,2018,suzuka,Suzuka,5.807,18,vandoorne,Belgian,mclaren,British
11,2018,suzuka,Suzuka,5.807,18,ocon,French,force_india,Indian
14,2018,suzuka,Suzuka,5.807,18,stroll,Canadian,williams,British
1,2018,suzuka,Suzuka,5.807,18,hamilton,British,mercedes,German
18,2018,suzuka,Suzuka,5.807,18,alonso,Spanish,mclaren,British
4,2018,suzuka,Suzuka,5.807,18,raikkonen,Finnish,ferrari,Italian
8,2018,suzuka,Suzuka,5.807,18,vettel,German,ferrari,Italian
5,2018,suzuka,Suzuka,5.807,18,grosjean,French,haas,American
16,2018,suzuka,Suzuka,5.807,18,hulkenberg,German,renault,French
9,2018,suzuka,Suzuka,5.807,18,perez,Mexican,force_india,Indian
15,2018,suzuka,Suzuka,5.807,18,ricciardo,Australian,red_bull,Austrian
11,2018,sochi,Sochi,5.848,15,sainz,Spanish,renault,French
15,2018,sochi,Sochi,5.848,15,vandoorne,Belgian,mclaren,British
6,2018,sochi,Sochi,5.848,15,ocon,French,force_india,Indian
14,2018,sochi,Sochi,5.848,15,stroll,Canadian,williams,British
17,2018,sochi,Sochi,5.848,15,gasly,French,toro_rosso,Italian
20,2018,sochi,Sochi,5.848,15,brendon_hartley,New Zealander,toro_rosso,Italian
7,2018,sochi,Sochi,5.848,15,leclerc,Monegasque,sauber,Swiss
13,2018,sochi,Sochi,5.848,15,sirotkin,Russian,williams,British
9,2018,sochi,Sochi,5.848,15,grosjean,French,haas,American
12,2018,sochi,Sochi,5.848,15,hulkenberg,German,renault,French
8,2018,sochi,Sochi,5.848,15,perez,Mexican,force_india,Indian
18,2018,sochi,Sochi,5.848,15,ricciardo,Australian,red_bull,Austrian
1,2018,sochi,Sochi,5.848,15,bottas,Finnish,mercedes,German
5,2018,sochi,Sochi,5.848,15,kevin_magnussen,Danish,haas,American
10,2018,sochi,Sochi,5.848,15,ericsson,Swedish,sauber,Swiss
19,2018,sochi,Sochi,5.848,15,max_verstappen,Dutch,red_bull,Austrian
3,2018,rodriguez,Mexico City,4.304,17,hamilton,British,mercedes,German
12,2018,rodriguez,Mexico City,4.304,17,alonso,Spanish,mclaren,British
6,2018,rodriguez,Mexico City,4.304,17,raikkonen,Finnish,ferrari,Italian
4,2018,rodriguez,Mexico City,4.304,17,vettel,German,ferrari,Italian
18,2018,rodriguez,Mexico City,4.304,17,grosjean,French,haas,American
7,2018,rodriguez,Mexico City,4.304,17,hulkenberg,German,renault,French
13,2018,rodriguez,Mexico City,4.304,17,perez,Mexican,force_india,Indian
1,2018,rodriguez,Mexico City,4.304,17,ricciardo,Australian,red_bull,Austrian
11,2018,americas,Austin,5.513,20,sainz,Spanish,renault,French
17,2018,americas,Austin,5.513,20,vandoorne,Belgian,mclaren,British
6,2018,americas,Austin,5.513,20,ocon,French,force_india,Indian
15,2018,americas,Austin,5.513,20,stroll,Canadian,williams,British
19,2018,americas,Austin,5.513,20,gasly,French,toro_rosso,Italian
20,2018,americas,Austin,5.513,20,brendon_hartley,New Zealander,toro_rosso,Italian
9,2018,americas,Austin,5.513,20,leclerc,Monegasque,sauber,Swiss
14,2018,americas,Austin,5.513,20,sirotkin,Russian,williams,British
8,2018,americas,Austin,5.513,20,grosjean,French,haas,American
7,2018,americas,Austin,5.513,20,hulkenberg,German,renault,French
10,2018,americas,Austin,5.513,20,perez,Mexican,force_india,Indian
4,2018,americas,Austin,5.513,20,ricciardo,Australian,red_bull,Austrian
3,2018,americas,Austin,5.513,20,bottas,Finnish,mercedes,German
12,2018,americas,Austin,5.513,20,kevin_magnussen,Danish,haas,American
16,2018,americas,Austin,5.513,20,ericsson,Swedish,sauber,Swiss
18,2018,americas,Austin,5.513,20,max_verstappen,Dutch,red_bull,Austrian
7,2018,suzuka,Suzuka,5.807,18,gasly,French,toro_rosso,Italian
6,2018,suzuka,Suzuka,5.807,18,brendon_hartley,New Zealander,toro_rosso,Italian
10,2018,suzuka,Suzuka,5.807,18,leclerc,Monegasque,sauber,Swiss
17,2018,suzuka,Suzuka,5.807,18,sirotkin,Russian,williams,British
1,2018,americas,Austin,5.513,20,hamilton,British,mercedes,German
13,2018,americas,Austin,5.513,20,alonso,Spanish,mclaren,British
2,2018,americas,Austin,5.513,20,raikkonen,Finnish,ferrari,Italian
5,2018,americas,Austin,5.513,20,vettel,German,ferrari,Italian
15,2018,interlagos,São Paulo,4.309,15,sainz,Spanish,renault,French
20,2018,interlagos,São Paulo,4.309,15,vandoorne,Belgian,mclaren,British
18,2018,interlagos,São Paulo,4.309,15,ocon,French,force_india,Indian
19,2018,interlagos,São Paulo,4.309,15,stroll,Canadian,williams,British
9,2018,interlagos,São Paulo,4.309,15,gasly,French,toro_rosso,Italian
16,2018,interlagos,São Paulo,4.309,15,brendon_hartley,New Zealander,toro_rosso,Italian
7,2018,interlagos,São Paulo,4.309,15,leclerc,Monegasque,sauber,Swiss
14,2018,interlagos,São Paulo,4.309,15,sirotkin,Russian,williams,British
8,2018,interlagos,São Paulo,4.309,15,grosjean,French,haas,American
13,2018,interlagos,São Paulo,4.309,15,hulkenberg,German,renault,French
12,2018,interlagos,São Paulo,4.309,15,perez,Mexican,force_india,Indian
11,2018,interlagos,São Paulo,4.309,15,ricciardo,Australian,red_bull,Austrian
3,2018,interlagos,São Paulo,4.309,15,bottas,Finnish,mercedes,German
10,2018,interlagos,São Paulo,4.309,15,kevin_magnussen,Danish,haas,American
6,2018,interlagos,São Paulo,4.309,15,ericsson,Swedish,sauber,Swiss
5,2018,interlagos,São Paulo,4.309,15,max_verstappen,Dutch,red_bull,Austrian
20,2018,rodriguez,Mexico City,4.304,17,gasly,French,toro_rosso,Italian
14,2018,rodriguez,Mexico City,4.304,17,brendon_hartley,New Zealander,toro_rosso,Italian
9,2018,rodriguez,Mexico City,4.304,17,leclerc,Monegasque,sauber,Swiss
19,2018,rodriguez,Mexico City,4.304,17,sirotkin,Russian,williams,British
1,2018,interlagos,São Paulo,4.309,15,hamilton,British,mercedes,German
17,2018,interlagos,São Paulo,4.309,15,alonso,Spanish,mclaren,British
4,2018,interlagos,São Paulo,4.309,15,raikkonen,Finnish,ferrari,Italian
2,2018,interlagos,São Paulo,4.309,15,vettel,German,ferrari,Italian
5,2018,rodriguez,Mexico City,4.304,17,bottas,Finnish,mercedes,German
16,2018,rodriguez,Mexico City,4.304,17,kevin_magnussen,Danish,haas,American
10,2018,rodriguez,Mexico City,4.304,17,ericsson,Swedish,sauber,Swiss
2,2018,rodriguez,Mexico City,4.304,17,max_verstappen,Dutch,red_bull,Austrian
8,2018,rodriguez,Mexico City,4.304,17,sainz,Spanish,renault,French
19,2018,bahrain,Sakhir,5.412,15,leclerc,Monegasque,sauber,Swiss
18,2018,bahrain,Sakhir,5.412,15,sirotkin,Russian,williams,British
4,2018,shanghai,Shanghai,5.451,16,hamilton,British,mercedes,German
11,2018,catalunya,Montmeló,4.657,14,vandoorne,Belgian,mclaren,British
13,2018,catalunya,Montmeló,4.657,14,ocon,French,force_india,Indian
18,2018,catalunya,Montmeló,4.657,14,stroll,Canadian,williams,British
20,2018,catalunya,Montmeló,4.657,14,brendon_hartley,New Zealander,toro_rosso,Italian
14,2018,catalunya,Montmeló,4.657,14,leclerc,Monegasque,sauber,Swiss
19,2018,catalunya,Montmeló,4.657,14,sirotkin,Russian,williams,British
3,2018,monaco,Monte-Carlo,3.337,19,hamilton,British,mercedes,German
7,2018,monaco,Monte-Carlo,3.337,19,alonso,Spanish,mclaren,British
3,2018,catalunya,Montmeló,4.657,14,vettel,German,ferrari,Italian
15,2018,catalunya,Montmeló,4.657,14,perez,Mexican,force_india,Indian
6,2018,catalunya,Montmeló,4.657,14,ricciardo,Australian,red_bull,Austrian
2,2018,catalunya,Montmeló,4.657,14,bottas,Finnish,mercedes,German
7,2018,catalunya,Montmeló,4.657,14,kevin_magnussen,Danish,haas,American
17,2018,catalunya,Montmeló,4.657,14,ericsson,Swedish,sauber,Swiss
5,2018,catalunya,Montmeló,4.657,14,max_verstappen,Dutch,red_bull,Austrian
9,2018,catalunya,Montmeló,4.657,14,sainz,Spanish,renault,French
16,2018,baku,Baku,6.003,20,vandoorne,Belgian,mclaren,British
10,2018,baku,Baku,6.003,20,stroll,Canadian,williams,British
17,2018,baku,Baku,6.003,20,gasly,French,toro_rosso,Italian
19,2018,baku,Baku,6.003,20,brendon_hartley,New Zealander,toro_rosso,Italian
13,2018,baku,Baku,6.003,20,leclerc,Monegasque,sauber,Swiss
1,2018,catalunya,Montmeló,4.657,14,hamilton,British,mercedes,German
8,2018,catalunya,Montmeló,4.657,14,alonso,Spanish,mclaren,British
4,2018,catalunya,Montmeló,4.657,14,raikkonen,Finnish,ferrari,Italian
14,2018,baku,Baku,6.003,20,hulkenberg,German,renault,French
8,2018,baku,Baku,6.003,20,perez,Mexican,force_india,Indian
4,2018,baku,Baku,6.003,20,ricciardo,Australian,red_bull,Austrian
3,2018,baku,Baku,6.003,20,bottas,Finnish,mercedes,German
15,2018,baku,Baku,6.003,20,kevin_magnussen,Danish,haas,American
16,2018,bahrain,Sakhir,5.412,15,grosjean,French,haas,American
5,2018,albert_park,Melbourne,5.278,16,kevin_magnussen,Danish,haas,American
17,2018,albert_park,Melbourne,5.278,16,ericsson,Swedish,sauber,Swiss
4,2018,albert_park,Melbourne,5.278,16,max_verstappen,Dutch,red_bull,Austrian
9,2018,albert_park,Melbourne,5.278,16,sainz,Spanish,renault,French
11,2018,albert_park,Melbourne,5.278,16,vandoorne,Belgian,mclaren,British
17,2018,bahrain,Sakhir,5.412,15,ericsson,Swedish,sauber,Swiss
15,2018,bahrain,Sakhir,5.412,15,max_verstappen,Dutch,red_bull,Austrian
10,2018,bahrain,Sakhir,5.412,15,sainz,Spanish,renault,French
16,2018,albert_park,Melbourne,5.278,16,brendon_hartley,New Zealander,toro_rosso,Italian
18,2018,albert_park,Melbourne,5.278,16,leclerc,Monegasque,sauber,Swiss
19,2018,albert_park,Melbourne,5.278,16,sirotkin,Russian,williams,British
9,2018,bahrain,Sakhir,5.412,15,hamilton,British,mercedes,German
13,2018,bahrain,Sakhir,5.412,15,alonso,Spanish,mclaren,British
7,2018,bahrain,Sakhir,5.412,15,hulkenberg,German,renault,French
12,2018,bahrain,Sakhir,5.412,15,perez,Mexican,force_india,Indian
4,2018,bahrain,Sakhir,5.412,15,ricciardo,Australian,red_bull,Austrian
3,2018,bahrain,Sakhir,5.412,15,bottas,Finnish,mercedes,German
6,2018,bahrain,Sakhir,5.412,15,kevin_magnussen,Danish,haas,American
8,2018,shanghai,Shanghai,5.451,16,perez,Mexican,force_india,Indian
16,2019,albert_park,Melbourne,5.278,16,stroll,Canadian,racing_point,British
14,2019,albert_park,Melbourne,5.278,16,giovinazzi,Italian,alfa,Swiss
17,2019,albert_park,Melbourne,5.278,16,gasly,French,red_bull,Austrian
5,2019,albert_park,Melbourne,5.278,16,leclerc,Monegasque,ferrari,Italian
8,2019,albert_park,Melbourne,5.278,16,norris,British,mclaren,British
19,2019,albert_park,Melbourne,5.278,16,russell,British,williams,British
15,2019,albert_park,Melbourne,5.278,16,kvyat,Russian,toro_rosso,Italian
4,2019,albert_park,Melbourne,5.278,16,max_verstappen,Dutch,red_bull,Austrian
8,2019,bahrain,Sakhir,5.412,15,raikkonen,Finnish,alfa,Swiss
20,2019,bahrain,Sakhir,5.412,15,kubica,Polish,williams,British
2,2019,bahrain,Sakhir,5.412,15,vettel,German,ferrari,Italian
11,2019,bahrain,Sakhir,5.412,15,grosjean,French,haas,American
17,2019,bahrain,Sakhir,5.412,15,hulkenberg,German,renault,French
14,2019,bahrain,Sakhir,5.412,15,perez,Mexican,racing_point,British
10,2019,bahrain,Sakhir,5.412,15,ricciardo,Australian,renault,French
4,2019,bahrain,Sakhir,5.412,15,bottas,Finnish,mercedes,German
6,2019,bahrain,Sakhir,5.412,15,kevin_magnussen,Danish,haas,American
15,2019,bahrain,Sakhir,5.412,15,kvyat,Russian,toro_rosso,Italian
5,2019,bahrain,Sakhir,5.412,15,max_verstappen,Dutch,red_bull,Austrian
7,2019,bahrain,Sakhir,5.412,15,sainz,Spanish,mclaren,British
18,2019,bahrain,Sakhir,5.412,15,stroll,Canadian,racing_point,British
16,2019,bahrain,Sakhir,5.412,15,giovinazzi,Italian,alfa,Swiss
13,2019,bahrain,Sakhir,5.412,15,gasly,French,red_bull,Austrian
1,2019,bahrain,Sakhir,5.412,15,leclerc,Monegasque,ferrari,Italian
11,2019,albert_park,Melbourne,5.278,16,hulkenberg,German,renault,French
10,2019,albert_park,Melbourne,5.278,16,perez,Mexican,racing_point,British
12,2019,bahrain,Sakhir,5.412,15,albon,Thai,toro_rosso,Italian
2,2019,shanghai,Shanghai,5.451,16,hamilton,British,mercedes,German
13,2019,shanghai,Shanghai,5.451,16,raikkonen,Finnish,alfa,Swiss
18,2019,shanghai,Shanghai,5.451,16,kubica,Polish,williams,British
3,2019,shanghai,Shanghai,5.451,16,vettel,German,ferrari,Italian
10,2019,shanghai,Shanghai,5.451,16,grosjean,French,haas,American
16,2019,yas_marina,Abu Dhabi,5.281,16,giovinazzi,Italian,alfa,Swiss
5,2019,interlagos,São Paulo,4.309,15,albon,Thai,red_bull,Austrian
1,2019,yas_marina,Abu Dhabi,5.281,16,hamilton,British,mercedes,German
17,2019,yas_marina,Abu Dhabi,5.281,16,raikkonen,Finnish,alfa,Swiss
19,2019,yas_marina,Abu Dhabi,5.281,16,kubica,Polish,williams,British
4,2019,yas_marina,Abu Dhabi,5.281,16,vettel,German,ferrari,Italian
15,2019,yas_marina,Abu Dhabi,5.281,16,grosjean,French,haas,American
9,2019,yas_marina,Abu Dhabi,5.281,16,hulkenberg,German,renault,French
5,2019,yas_marina,Abu Dhabi,5.281,16,albon,Thai,red_bull,Austrian
7,2019,yas_marina,Abu Dhabi,5.281,16,ricciardo,Australian,renault,French
20,2019,yas_marina,Abu Dhabi,5.281,16,bottas,Finnish,mercedes,German
14,2019,yas_marina,Abu Dhabi,5.281,16,kevin_magnussen,Danish,haas,American
13,2019,yas_marina,Abu Dhabi,5.281,16,kvyat,Russian,toro_rosso,Italian
2,2019,yas_marina,Abu Dhabi,5.281,16,max_verstappen,Dutch,red_bull,Austrian
8,2019,yas_marina,Abu Dhabi,5.281,16,sainz,Spanish,mclaren,British
12,2019,yas_marina,Abu Dhabi,5.281,16,stroll,Canadian,racing_point,British
6,2019,baku,Baku,6.003,20,kvyat,Russian,toro_rosso,Italian
2,2019,albert_park,Melbourne,5.278,16,bottas,Finnish,mercedes,German
9,2019,bahrain,Sakhir,5.412,15,norris,British,mclaren,British
19,2019,bahrain,Sakhir,5.412,15,russell,British,williams,British
11,2019,yas_marina,Abu Dhabi,5.281,16,gasly,French,toro_rosso,Italian
3,2019,yas_marina,Abu Dhabi,5.281,16,leclerc,Monegasque,ferrari,Italian
6,2019,yas_marina,Abu Dhabi,5.281,16,norris,British,mclaren,British
18,2019,yas_marina,Abu Dhabi,5.281,16,russell,British,williams,British
18,2019,albert_park,Melbourne,5.278,16,sainz,Spanish,mclaren,British
3,2019,albert_park,Melbourne,5.278,16,vettel,German,ferrari,Italian
20,2019,albert_park,Melbourne,5.278,16,kubica,Polish,williams,British
9,2019,albert_park,Melbourne,5.278,16,raikkonen,Finnish,alfa,Swiss
7,2019,albert_park,Melbourne,5.278,16,kevin_magnussen,Danish,haas,American
13,2019,albert_park,Melbourne,5.278,16,albon,Thai,toro_rosso,Italian
3,2019,bahrain,Sakhir,5.412,15,hamilton,British,mercedes,German
12,2019,baku,Baku,6.003,20,kevin_magnussen,Danish,haas,American
1,2019,shanghai,Shanghai,5.451,16,bottas,Finnish,mercedes,German
9,2019,shanghai,Shanghai,5.451,16,kevin_magnussen,Danish,haas,American
11,2019,shanghai,Shanghai,5.451,16,kvyat,Russian,toro_rosso,Italian
5,2019,shanghai,Shanghai,5.451,16,max_verstappen,Dutch,red_bull,Austrian
14,2019,shanghai,Shanghai,5.451,16,sainz,Spanish,mclaren,British
14,2019,monaco,Monte-Carlo,3.337,19,raikkonen,Finnish,alfa,Swiss
20,2019,monaco,Monte-Carlo,3.337,19,kubica,Polish,williams,British
4,2019,monaco,Monte-Carlo,3.337,19,vettel,German,ferrari,Italian
4,2019,shanghai,Shanghai,5.451,16,leclerc,Monegasque,ferrari,Italian
15,2019,shanghai,Shanghai,5.451,16,norris,British,mclaren,British
17,2019,shanghai,Shanghai,5.451,16,russell,British,williams,British
0,2019,shanghai,Shanghai,5.451,16,albon,Thai,toro_rosso,Italian
2,2019,baku,Baku,6.003,20,hamilton,British,mercedes,German
8,2019,shanghai,Shanghai,5.451,16,hulkenberg,German,renault,French
12,2019,shanghai,Shanghai,5.451,16,perez,Mexican,racing_point,British
7,2019,shanghai,Shanghai,5.451,16,ricciardo,Australian,renault,French
14,2019,baku,Baku,6.003,20,grosjean,French,haas,American
15,2019,baku,Baku,6.003,20,hulkenberg,German,renault,French
5,2019,baku,Baku,6.003,20,perez,Mexican,racing_point,British
10,2019,baku,Baku,6.003,20,ricciardo,Australian,renault,French
1,2019,baku,Baku,6.003,20,bottas,Finnish,mercedes,German
16,2019,shanghai,Shanghai,5.451,16,stroll,Canadian,racing_point,British
19,2019,shanghai,Shanghai,5.451,16,giovinazzi,Italian,alfa,Swiss
6,2019,shanghai,Shanghai,5.451,16,gasly,French,red_bull,Austrian
9,2019,baku,Baku,6.003,20,sainz,Spanish,mclaren,British
13,2019,baku,Baku,6.003,20,stroll,Canadian,racing_point,British
17,2019,baku,Baku,6.003,20,giovinazzi,Italian,alfa,Swiss
0,2019,baku,Baku,6.003,20,gasly,French,red_bull,Austrian
8,2019,baku,Baku,6.003,20,leclerc,Monegasque,ferrari,Italian
0,2019,baku,Baku,6.003,20,raikkonen,Finnish,alfa,Swiss
0,2019,baku,Baku,6.003,20,kubica,Polish,williams,British
3,2019,baku,Baku,6.003,20,vettel,German,ferrari,Italian
2,2019,catalunya,Montmeló,4.657,14,hamilton,British,mercedes,German
14,2019,catalunya,Montmeló,4.657,14,raikkonen,Finnish,alfa,Swiss
17,2019,catalunya,Montmeló,4.657,14,kubica,Polish,williams,British
3,2019,catalunya,Montmeló,4.657,14,vettel,German,ferrari,Italian
7,2019,catalunya,Montmeló,4.657,14,grosjean,French,haas,American
17,2019,villeneuve,Montreal,4.361,14,stroll,Canadian,racing_point,British
12,2019,villeneuve,Montreal,4.361,14,giovinazzi,Italian,alfa,Swiss
5,2019,villeneuve,Montreal,4.361,14,gasly,French,red_bull,Austrian
1,2019,catalunya,Montmeló,4.657,14,bottas,Finnish,mercedes,German
8,2019,catalunya,Montmeló,4.657,14,kevin_magnussen,Danish,haas,American
9,2019,catalunya,Montmeló,4.657,14,kvyat,Russian,toro_rosso,Italian
4,2019,catalunya,Montmeló,4.657,14,max_verstappen,Dutch,red_bull,Austrian
12,2019,catalunya,Montmeló,4.657,14,sainz,Spanish,mclaren,British
7,2019,baku,Baku,6.003,20,norris,British,mclaren,British
16,2019,baku,Baku,6.003,20,russell,British,williams,British
11,2019,baku,Baku,6.003,20,albon,Thai,toro_rosso,Italian
5,2019,catalunya,Montmeló,4.657,14,leclerc,Monegasque,ferrari,Italian
10,2019,catalunya,Montmeló,4.657,14,norris,British,mclaren,British
19,2019,catalunya,Montmeló,4.657,14,russell,British,williams,British
11,2019,catalunya,Montmeló,4.657,14,albon,Thai,toro_rosso,Italian
1,2019,monaco,Monte-Carlo,3.337,19,hamilton,British,mercedes,German
0,2019,catalunya,Montmeló,4.657,14,hulkenberg,German,renault,French
15,2019,catalunya,Montmeló,4.657,14,perez,Mexican,racing_point,British
13,2019,catalunya,Montmeló,4.657,14,ricciardo,Australian,renault,French
13,2019,monaco,Monte-Carlo,3.337,19,grosjean,French,haas,American
11,2019,monaco,Monte-Carlo,3.337,19,hulkenberg,German,renault,French
16,2019,monaco,Monte-Carlo,3.337,19,perez,Mexican,racing_point,British
6,2019,monaco,Monte-Carlo,3.337,19,ricciardo,Australian,renault,French
2,2019,monaco,Monte-Carlo,3.337,19,bottas,Finnish,mercedes,German
16,2019,catalunya,Montmeló,4.657,14,stroll,Canadian,racing_point,British
18,2019,catalunya,Montmeló,4.657,14,giovinazzi,Italian,alfa,Swiss
6,2019,catalunya,Montmeló,4.657,14,gasly,French,red_bull,Austrian
9,2019,monaco,Monte-Carlo,3.337,19,sainz,Spanish,mclaren,British
17,2019,monaco,Monte-Carlo,3.337,19,stroll,Canadian,racing_point,British
18,2019,monaco,Monte-Carlo,3.337,19,giovinazzi,Italian,alfa,Swiss
8,2019,monaco,Monte-Carlo,3.337,19,gasly,French,red_bull,Austrian
15,2019,monaco,Monte-Carlo,3.337,19,leclerc,Monegasque,ferrari,Italian
15,2019,red_bull_ring,Spielberg,4.318,10,hulkenberg,German,renault,French
13,2019,red_bull_ring,Spielberg,4.318,10,perez,Mexican,racing_point,British
12,2019,red_bull_ring,Spielberg,4.318,10,ricciardo,Australian,renault,French
2,2019,villeneuve,Montreal,4.361,14,hamilton,British,mercedes,German
16,2019,villeneuve,Montreal,4.361,14,raikkonen,Finnish,alfa,Swiss
19,2019,villeneuve,Montreal,4.361,14,kubica,Polish,williams,British
1,2019,villeneuve,Montreal,4.361,14,vettel,German,ferrari,Italian
14,2019,villeneuve,Montreal,4.361,14,grosjean,French,haas,American
5,2019,monaco,Monte-Carlo,3.337,19,kevin_magnussen,Danish,haas,American
7,2019,monaco,Monte-Carlo,3.337,19,kvyat,Russian,toro_rosso,Italian
3,2019,monaco,Monte-Carlo,3.337,19,max_verstappen,Dutch,red_bull,Austrian
6,2019,villeneuve,Montreal,4.361,14,bottas,Finnish,mercedes,German
0,2019,villeneuve,Montreal,4.361,14,kevin_magnussen,Danish,haas,American
10,2019,villeneuve,Montreal,4.361,14,kvyat,Russian,toro_rosso,Italian
9,2019,villeneuve,Montreal,4.361,14,max_verstappen,Dutch,red_bull,Austrian
11,2019,villeneuve,Montreal,4.361,14,sainz,Spanish,mclaren,British
12,2019,monaco,Monte-Carlo,3.337,19,norris,British,mclaren,British
19,2019,monaco,Monte-Carlo,3.337,19,russell,British,williams,British
10,2019,monaco,Monte-Carlo,3.337,19,albon,Thai,toro_rosso,Italian
3,2019,villeneuve,Montreal,4.361,14,leclerc,Monegasque,ferrari,Italian
8,2019,villeneuve,Montreal,4.361,14,norris,British,mclaren,British
18,2019,villeneuve,Montreal,4.361,14,russell,British,williams,British
13,2019,villeneuve,Montreal,4.361,14,albon,Thai,toro_rosso,Italian
1,2019,ricard,Le Castellet,5.842,15,hamilton,British,mercedes,German
7,2019,villeneuve,Montreal,4.361,14,hulkenberg,German,renault,French
15,2019,villeneuve,Montreal,4.361,14,perez,Mexican,racing_point,British
4,2019,villeneuve,Montreal,4.361,14,ricciardo,Australian,renault,French
16,2019,ricard,Le Castellet,5.842,15,grosjean,French,haas,American
13,2019,ricard,Le Castellet,5.842,15,hulkenberg,German,renault,French
14,2019,ricard,Le Castellet,5.842,15,perez,Mexican,racing_point,British
8,2019,ricard,Le Castellet,5.842,15,ricciardo,Australian,renault,French
2,2019,ricard,Le Castellet,5.842,15,bottas,Finnish,mercedes,German
8,2019,silverstone,Silverstone,5.891,18,norris,British,mclaren,British
19,2019,silverstone,Silverstone,5.891,18,russell,British,williams,British
9,2019,silverstone,Silverstone,5.891,18,albon,Thai,toro_rosso,Italian
6,2019,ricard,Le Castellet,5.842,15,sainz,Spanish,mclaren,British
17,2019,ricard,Le Castellet,5.842,15,stroll,Canadian,racing_point,British
10,2019,ricard,Le Castellet,5.842,15,giovinazzi,Italian,alfa,Swiss
9,2019,ricard,Le Castellet,5.842,15,gasly,French,red_bull,Austrian
3,2019,ricard,Le Castellet,5.842,15,leclerc,Monegasque,ferrari,Italian
12,2019,ricard,Le Castellet,5.842,15,raikkonen,Finnish,alfa,Swiss
18,2019,ricard,Le Castellet,5.842,15,kubica,Polish,williams,British
7,2019,ricard,Le Castellet,5.842,15,vettel,German,ferrari,Italian
4,2019,red_bull_ring,Spielberg,4.318,10,hamilton,British,mercedes,German
6,2019,red_bull_ring,Spielberg,4.318,10,raikkonen,Finnish,alfa,Swiss
17,2019,red_bull_ring,Spielberg,4.318,10,kubica,Polish,williams,British
9,2019,red_bull_ring,Spielberg,4.318,10,vettel,German,ferrari,Italian
11,2019,red_bull_ring,Spielberg,4.318,10,grosjean,French,haas,American
15,2019,ricard,Le Castellet,5.842,15,kevin_magnussen,Danish,haas,American
19,2019,ricard,Le Castellet,5.842,15,kvyat,Russian,toro_rosso,Italian
4,2019,ricard,Le Castellet,5.842,15,max_verstappen,Dutch,red_bull,Austrian
3,2019,red_bull_ring,Spielberg,4.318,10,bottas,Finnish,mercedes,German
10,2019,red_bull_ring,Spielberg,4.318,10,kevin_magnussen,Danish,haas,American
16,2019,red_bull_ring,Spielberg,4.318,10,kvyat,Russian,toro_rosso,Italian
2,2019,red_bull_ring,Spielberg,4.318,10,max_verstappen,Dutch,red_bull,Austrian
19,2019,red_bull_ring,Spielberg,4.318,10,sainz,Spanish,mclaren,British
5,2019,ricard,Le Castellet,5.842,15,norris,British,mclaren,British
20,2019,ricard,Le Castellet,5.842,15,russell,British,williams,British
11,2019,ricard,Le Castellet,5.842,15,albon,Thai,toro_rosso,Italian
1,2019,red_bull_ring,Spielberg,4.318,10,leclerc,Monegasque,ferrari,Italian
5,2019,red_bull_ring,Spielberg,4.318,10,norris,British,mclaren,British
0,2019,red_bull_ring,Spielberg,4.318,10,russell,British,williams,British
18,2019,red_bull_ring,Spielberg,4.318,10,albon,Thai,toro_rosso,Italian
2,2019,silverstone,Silverstone,5.891,18,hamilton,British,mercedes,German
14,2019,hungaroring,Budapest,4.381,14,kevin_magnussen,Danish,haas,American
13,2019,hungaroring,Budapest,4.381,14,kvyat,Russian,toro_rosso,Italian
1,2019,hungaroring,Budapest,4.381,14,max_verstappen,Dutch,red_bull,Austrian
14,2019,silverstone,Silverstone,5.891,18,grosjean,French,haas,American
10,2019,silverstone,Silverstone,5.891,18,hulkenberg,German,renault,French
15,2019,silverstone,Silverstone,5.891,18,perez,Mexican,racing_point,British
7,2019,silverstone,Silverstone,5.891,18,ricciardo,Australian,renault,French
1,2019,silverstone,Silverstone,5.891,18,bottas,Finnish,mercedes,German
14,2019,red_bull_ring,Spielberg,4.318,10,stroll,Canadian,racing_point,British
7,2019,red_bull_ring,Spielberg,4.318,10,giovinazzi,Italian,alfa,Swiss
8,2019,red_bull_ring,Spielberg,4.318,10,gasly,French,red_bull,Austrian
13,2019,silverstone,Silverstone,5.891,18,sainz,Spanish,mclaren,British
18,2019,silverstone,Silverstone,5.891,18,stroll,Canadian,racing_point,British
11,2019,silverstone,Silverstone,5.891,18,giovinazzi,Italian,alfa,Swiss
5,2019,silverstone,Silverstone,5.891,18,gasly,French,red_bull,Austrian
3,2019,silverstone,Silverstone,5.891,18,leclerc,Monegasque,ferrari,Italian
12,2019,silverstone,Silverstone,5.891,18,raikkonen,Finnish,alfa,Swiss
20,2019,silverstone,Silverstone,5.891,18,kubica,Polish,williams,British
6,2019,silverstone,Silverstone,5.891,18,vettel,German,ferrari,Italian
1,2019,hockenheimring,Hockenheim,4.574,16,hamilton,British,mercedes,German
5,2019,hockenheimring,Hockenheim,4.574,16,raikkonen,Finnish,alfa,Swiss
18,2019,hockenheimring,Hockenheim,4.574,16,kubica,Polish,williams,British
20,2019,hockenheimring,Hockenheim,4.574,16,vettel,German,ferrari,Italian
6,2019,hockenheimring,Hockenheim,4.574,16,grosjean,French,haas,American
16,2019,silverstone,Silverstone,5.891,18,kevin_magnussen,Danish,haas,American
17,2019,silverstone,Silverstone,5.891,18,kvyat,Russian,toro_rosso,Italian
4,2019,silverstone,Silverstone,5.891,18,max_verstappen,Dutch,red_bull,Austrian
3,2019,hockenheimring,Hockenheim,4.574,16,bottas,Finnish,mercedes,German
12,2019,hockenheimring,Hockenheim,4.574,16,kevin_magnussen,Danish,haas,American
14,2019,hockenheimring,Hockenheim,4.574,16,kvyat,Russian,toro_rosso,Italian
2,2019,hockenheimring,Hockenheim,4.574,16,max_verstappen,Dutch,red_bull,Austrian
7,2019,hockenheimring,Hockenheim,4.574,16,sainz,Spanish,mclaren,British
15,2019,monza,Monza,5.793,11,kubica,Polish,williams,British
4,2019,monza,Monza,5.793,11,vettel,German,ferrari,Italian
13,2019,monza,Monza,5.793,11,grosjean,French,haas,American
10,2019,hockenheimring,Hockenheim,4.574,16,leclerc,Monegasque,ferrari,Italian
19,2019,hockenheimring,Hockenheim,4.574,16,norris,British,mclaren,British
17,2019,hockenheimring,Hockenheim,4.574,16,russell,British,williams,British
16,2019,hockenheimring,Hockenheim,4.574,16,albon,Thai,toro_rosso,Italian
3,2019,hungaroring,Budapest,4.381,14,hamilton,British,mercedes,German
9,2019,hockenheimring,Hockenheim,4.574,16,hulkenberg,German,renault,French
8,2019,hockenheimring,Hockenheim,4.574,16,perez,Mexican,racing_point,British
13,2019,hockenheimring,Hockenheim,4.574,16,ricciardo,Australian,renault,French
9,2019,hungaroring,Budapest,4.381,14,grosjean,French,haas,American
11,2019,hungaroring,Budapest,4.381,14,hulkenberg,German,renault,French
16,2019,hungaroring,Budapest,4.381,14,perez,Mexican,racing_point,British
20,2019,hungaroring,Budapest,4.381,14,ricciardo,Australian,renault,French
2,2019,hungaroring,Budapest,4.381,14,bottas,Finnish,mercedes,German
15,2019,hockenheimring,Hockenheim,4.574,16,stroll,Canadian,racing_point,British
11,2019,hockenheimring,Hockenheim,4.574,16,giovinazzi,Italian,alfa,Swiss
4,2019,hockenheimring,Hockenheim,4.574,16,gasly,French,red_bull,Austrian
8,2019,hungaroring,Budapest,4.381,14,sainz,Spanish,mclaren,British
18,2019,hungaroring,Budapest,4.381,14,stroll,Canadian,racing_point,British
17,2019,hungaroring,Budapest,4.381,14,giovinazzi,Italian,alfa,Swiss
6,2019,hungaroring,Budapest,4.381,14,gasly,French,red_bull,Austrian
4,2019,hungaroring,Budapest,4.381,14,leclerc,Monegasque,ferrari,Italian
10,2019,hungaroring,Budapest,4.381,14,raikkonen,Finnish,alfa,Swiss
19,2019,hungaroring,Budapest,4.381,14,kubica,Polish,williams,British
5,2019,hungaroring,Budapest,4.381,14,vettel,German,ferrari,Italian
3,2019,spa,Spa,7.004,20,hamilton,British,mercedes,German
6,2019,spa,Spa,7.004,20,raikkonen,Finnish,alfa,Swiss
0,2019,spa,Spa,7.004,20,kubica,Polish,williams,British
2,2019,spa,Spa,7.004,20,vettel,German,ferrari,Italian
9,2019,spa,Spa,7.004,20,grosjean,French,haas,American
10,2019,marina_bay,Marina Bay,4.94,19,giovinazzi,Italian,alfa,Swiss
11,2019,marina_bay,Marina Bay,4.94,19,gasly,French,toro_rosso,Italian
1,2019,marina_bay,Marina Bay,4.94,19,leclerc,Monegasque,ferrari,Italian
4,2019,spa,Spa,7.004,20,bottas,Finnish,mercedes,German
8,2019,spa,Spa,7.004,20,kevin_magnussen,Danish,haas,American
19,2019,spa,Spa,7.004,20,kvyat,Russian,toro_rosso,Italian
15,2019,spa,Spa,7.004,20,sainz,Spanish,mclaren,British
16,2019,spa,Spa,7.004,20,stroll,Canadian,racing_point,British
7,2019,hungaroring,Budapest,4.381,14,norris,British,mclaren,British
15,2019,hungaroring,Budapest,4.381,14,russell,British,williams,British
12,2019,hungaroring,Budapest,4.381,14,albon,Thai,toro_rosso,Italian
11,2019,spa,Spa,7.004,20,norris,British,mclaren,British
14,2019,spa,Spa,7.004,20,russell,British,williams,British
17,2019,spa,Spa,7.004,20,albon,Thai,red_bull,Austrian
2,2019,monza,Monza,5.793,11,hamilton,British,mercedes,German
0,2019,monza,Monza,5.793,11,raikkonen,Finnish,alfa,Swiss
12,2019,spa,Spa,7.004,20,hulkenberg,German,renault,French
7,2019,spa,Spa,7.004,20,perez,Mexican,racing_point,British
10,2019,spa,Spa,7.004,20,ricciardo,Australian,renault,French
6,2019,monza,Monza,5.793,11,hulkenberg,German,renault,French
18,2019,monza,Monza,5.793,11,perez,Mexican,racing_point,British
5,2019,monza,Monza,5.793,11,ricciardo,Australian,renault,French
3,2019,monza,Monza,5.793,11,bottas,Finnish,mercedes,German
11,2019,monza,Monza,5.793,11,kevin_magnussen,Danish,haas,American
18,2019,spa,Spa,7.004,20,giovinazzi,Italian,alfa,Swiss
13,2019,spa,Spa,7.004,20,gasly,French,toro_rosso,Italian
1,2019,spa,Spa,7.004,20,leclerc,Monegasque,ferrari,Italian
9,2019,monza,Monza,5.793,11,stroll,Canadian,racing_point,British
10,2019,monza,Monza,5.793,11,giovinazzi,Italian,alfa,Swiss
17,2019,monza,Monza,5.793,11,gasly,French,toro_rosso,Italian
1,2019,monza,Monza,5.793,11,leclerc,Monegasque,ferrari,Italian
16,2019,monza,Monza,5.793,11,norris,British,mclaren,British
16,2019,suzuka,Suzuka,5.807,18,ricciardo,Australian,renault,French
3,2019,suzuka,Suzuka,5.807,18,bottas,Finnish,mercedes,German
19,2019,suzuka,Suzuka,5.807,18,kevin_magnussen,Danish,haas,American
12,2019,marina_bay,Marina Bay,4.94,19,raikkonen,Finnish,alfa,Swiss
19,2019,marina_bay,Marina Bay,4.94,19,kubica,Polish,williams,British
3,2019,marina_bay,Marina Bay,4.94,19,vettel,German,ferrari,Italian
17,2019,marina_bay,Marina Bay,4.94,19,grosjean,French,haas,American
8,2019,marina_bay,Marina Bay,4.94,19,hulkenberg,German,renault,French
12,2019,monza,Monza,5.793,11,kvyat,Russian,toro_rosso,Italian
19,2019,monza,Monza,5.793,11,max_verstappen,Dutch,red_bull,Austrian
7,2019,monza,Monza,5.793,11,sainz,Spanish,mclaren,British
13,2019,marina_bay,Marina Bay,4.94,19,kevin_magnussen,Danish,haas,American
14,2019,marina_bay,Marina Bay,4.94,19,kvyat,Russian,toro_rosso,Italian
4,2019,marina_bay,Marina Bay,4.94,19,max_verstappen,Dutch,red_bull,Austrian
7,2019,marina_bay,Marina Bay,4.94,19,sainz,Spanish,mclaren,British
16,2019,marina_bay,Marina Bay,4.94,19,stroll,Canadian,racing_point,British
14,2019,monza,Monza,5.793,11,russell,British,williams,British
8,2019,monza,Monza,5.793,11,albon,Thai,red_bull,Austrian
2,2019,marina_bay,Marina Bay,4.94,19,hamilton,British,mercedes,German
9,2019,marina_bay,Marina Bay,4.94,19,norris,British,mclaren,British
18,2019,marina_bay,Marina Bay,4.94,19,russell,British,williams,British
6,2019,marina_bay,Marina Bay,4.94,19,albon,Thai,red_bull,Austrian
2,2019,sochi,Sochi,5.848,15,hamilton,British,mercedes,German
15,2019,sochi,Sochi,5.848,15,raikkonen,Finnish,alfa,Swiss
15,2019,marina_bay,Marina Bay,4.94,19,perez,Mexican,racing_point,British
20,2019,marina_bay,Marina Bay,4.94,19,ricciardo,Australian,renault,French
5,2019,marina_bay,Marina Bay,4.94,19,bottas,Finnish,mercedes,German
11,2019,sochi,Sochi,5.848,15,perez,Mexican,racing_point,British
10,2019,sochi,Sochi,5.848,15,ricciardo,Australian,renault,French
4,2019,sochi,Sochi,5.848,15,bottas,Finnish,mercedes,German
13,2019,sochi,Sochi,5.848,15,kevin_magnussen,Danish,haas,American
19,2019,sochi,Sochi,5.848,15,kvyat,Russian,toro_rosso,Italian
5,2019,rodriguez,Mexico City,4.304,17,albon,Thai,red_bull,Austrian
5,2019,americas,Austin,5.513,20,hamilton,British,mercedes,German
17,2019,americas,Austin,5.513,20,raikkonen,Finnish,alfa,Swiss
12,2019,sochi,Sochi,5.848,15,giovinazzi,Italian,alfa,Swiss
16,2019,sochi,Sochi,5.848,15,gasly,French,toro_rosso,Italian
1,2019,sochi,Sochi,5.848,15,leclerc,Monegasque,ferrari,Italian
7,2019,sochi,Sochi,5.848,15,norris,British,mclaren,British
17,2019,sochi,Sochi,5.848,15,russell,British,williams,British
18,2019,sochi,Sochi,5.848,15,kubica,Polish,williams,British
3,2019,sochi,Sochi,5.848,15,vettel,German,ferrari,Italian
6,2019,sochi,Sochi,5.848,15,hulkenberg,German,renault,French
0,2019,suzuka,Suzuka,5.807,18,kubica,Polish,williams,British
1,2019,suzuka,Suzuka,5.807,18,vettel,German,ferrari,Italian
10,2019,suzuka,Suzuka,5.807,18,grosjean,French,haas,American
15,2019,suzuka,Suzuka,5.807,18,hulkenberg,German,renault,French
17,2019,suzuka,Suzuka,5.807,18,perez,Mexican,racing_point,British
9,2019,sochi,Sochi,5.848,15,max_verstappen,Dutch,red_bull,Austrian
5,2019,sochi,Sochi,5.848,15,sainz,Spanish,mclaren,British
14,2019,sochi,Sochi,5.848,15,stroll,Canadian,racing_point,British
14,2019,suzuka,Suzuka,5.807,18,kvyat,Russian,toro_rosso,Italian
5,2019,suzuka,Suzuka,5.807,18,max_verstappen,Dutch,red_bull,Austrian
7,2019,suzuka,Suzuka,5.807,18,sainz,Spanish,mclaren,British
12,2019,suzuka,Suzuka,5.807,18,stroll,Canadian,racing_point,British
11,2019,suzuka,Suzuka,5.807,18,giovinazzi,Italian,alfa,Swiss
0,2019,sochi,Sochi,5.848,15,albon,Thai,red_bull,Austrian
4,2019,suzuka,Suzuka,5.807,18,hamilton,British,mercedes,German
13,2019,suzuka,Suzuka,5.807,18,raikkonen,Finnish,alfa,Swiss
18,2019,suzuka,Suzuka,5.807,18,russell,British,williams,British
6,2019,suzuka,Suzuka,5.807,18,albon,Thai,red_bull,Austrian
3,2019,rodriguez,Mexico City,4.304,17,hamilton,British,mercedes,German
14,2019,rodriguez,Mexico City,4.304,17,raikkonen,Finnish,alfa,Swiss
20,2019,rodriguez,Mexico City,4.304,17,kubica,Polish,williams,British
1,2019,interlagos,São Paulo,4.309,15,max_verstappen,Dutch,red_bull,Austrian
20,2019,interlagos,São Paulo,4.309,15,sainz,Spanish,mclaren,British
12,2019,albert_park,Melbourne,5.278,16,ricciardo,Australian,renault,French
11,2019,rodriguez,Mexico City,4.304,17,perez,Mexican,racing_point,British
13,2019,rodriguez,Mexico City,4.304,17,ricciardo,Australian,renault,French
6,2019,rodriguez,Mexico City,4.304,17,bottas,Finnish,mercedes,German
17,2019,rodriguez,Mexico City,4.304,17,kevin_magnussen,Danish,haas,American
9,2019,rodriguez,Mexico City,4.304,17,kvyat,Russian,toro_rosso,Italian
9,2019,suzuka,Suzuka,5.807,18,gasly,French,toro_rosso,Italian
2,2019,suzuka,Suzuka,5.807,18,leclerc,Monegasque,ferrari,Italian
8,2019,suzuka,Suzuka,5.807,18,norris,British,mclaren,British
15,2019,rodriguez,Mexico City,4.304,17,giovinazzi,Italian,alfa,Swiss
10,2019,rodriguez,Mexico City,4.304,17,gasly,French,toro_rosso,Italian
1,2019,rodriguez,Mexico City,4.304,17,leclerc,Monegasque,ferrari,Italian
8,2019,rodriguez,Mexico City,4.304,17,norris,British,mclaren,British
19,2019,rodriguez,Mexico City,4.304,17,russell,British,williams,British
2,2019,rodriguez,Mexico City,4.304,17,vettel,German,ferrari,Italian
18,2019,rodriguez,Mexico City,4.304,17,grosjean,French,haas,American
12,2019,rodriguez,Mexico City,4.304,17,hulkenberg,German,renault,French
19,2019,americas,Austin,5.513,20,kubica,Polish,williams,British
2,2019,americas,Austin,5.513,20,vettel,German,ferrari,Italian
15,2019,americas,Austin,5.513,20,grosjean,French,haas,American
11,2019,americas,Austin,5.513,20,hulkenberg,German,renault,French
0,2019,americas,Austin,5.513,20,perez,Mexican,racing_point,British
4,2019,rodriguez,Mexico City,4.304,17,max_verstappen,Dutch,red_bull,Austrian
7,2019,rodriguez,Mexico City,4.304,17,sainz,Spanish,mclaren,British
16,2019,rodriguez,Mexico City,4.304,17,stroll,Canadian,racing_point,British
1,2019,americas,Austin,5.513,20,bottas,Finnish,mercedes,German
12,2019,americas,Austin,5.513,20,kevin_magnussen,Danish,haas,American
13,2019,americas,Austin,5.513,20,kvyat,Russian,toro_rosso,Italian
3,2019,americas,Austin,5.513,20,max_verstappen,Dutch,red_bull,Austrian
7,2019,americas,Austin,5.513,20,sainz,Spanish,mclaren,British
14,2019,americas,Austin,5.513,20,stroll,Canadian,racing_point,British
16,2019,americas,Austin,5.513,20,giovinazzi,Italian,alfa,Swiss
4,2019,baku,Baku,6.003,20,max_verstappen,Dutch,red_bull,Austrian
4,2019,americas,Austin,5.513,20,leclerc,Monegasque,ferrari,Italian
8,2019,americas,Austin,5.513,20,norris,British,mclaren,British
18,2019,americas,Austin,5.513,20,russell,British,williams,British
6,2019,americas,Austin,5.513,20,albon,Thai,red_bull,Austrian
3,2019,interlagos,São Paulo,4.309,15,hamilton,British,mercedes,German
8,2019,interlagos,São Paulo,4.309,15,raikkonen,Finnish,alfa,Swiss
19,2019,interlagos,São Paulo,4.309,15,kubica,Polish,williams,British
9,2019,americas,Austin,5.513,20,ricciardo,Australian,renault,French
7,2019,interlagos,São Paulo,4.309,15,grosjean,French,haas,American
13,2019,interlagos,São Paulo,4.309,15,hulkenberg,German,renault,French
15,2019,interlagos,São Paulo,4.309,15,perez,Mexican,racing_point,British
11,2019,interlagos,São Paulo,4.309,15,ricciardo,Australian,renault,French
4,2019,interlagos,São Paulo,4.309,15,bottas,Finnish,mercedes,German
9,2019,interlagos,São Paulo,4.309,15,kevin_magnussen,Danish,haas,American
16,2019,interlagos,São Paulo,4.309,15,kvyat,Russian,toro_rosso,Italian
10,2019,americas,Austin,5.513,20,gasly,French,toro_rosso,Italian
10,2019,yas_marina,Abu Dhabi,5.281,16,perez,Mexican,racing_point,British
17,2019,interlagos,São Paulo,4.309,15,stroll,Canadian,racing_point,British
12,2019,interlagos,São Paulo,4.309,15,giovinazzi,Italian,alfa,Swiss
6,2019,interlagos,São Paulo,4.309,15,gasly,French,toro_rosso,Italian
14,2019,interlagos,São Paulo,4.309,15,leclerc,Monegasque,ferrari,Italian
10,2019,interlagos,São Paulo,4.309,15,norris,British,mclaren,British
18,2019,interlagos,São Paulo,4.309,15,russell,British,williams,British
2,2019,interlagos,São Paulo,4.309,15,vettel,German,ferrari,Italian
1,2019,albert_park,Melbourne,5.278,16,hamilton,British,mercedes,German
6,2019,albert_park,Melbourne,5.278,16,grosjean,French,haas,American
12,2020,istanbul,Istanbul,5.338,14,leclerc,Monegasque,ferrari,Italian
14,2020,istanbul,Istanbul,5.338,14,norris,British,mclaren,British
0,2020,istanbul,Istanbul,5.338,14,russell,British,williams,British
0,2020,istanbul,Istanbul,5.338,14,latifi,Canadian,williams,British
1,2020,bahrain,Sakhir,5.412,15,hamilton,British,mercedes,German
14,2020,yas_marina,Abu Dhabi,5.281,16,giovinazzi,Italian,alfa,Swiss
5,2020,bahrain,Sakhir,5.412,15,perez,Mexican,racing_point,British
6,2020,bahrain,Sakhir,5.412,15,ricciardo,Australian,renault,French
2,2020,bahrain,Sakhir,5.412,15,bottas,Finnish,mercedes,German
18,2020,bahrain,Sakhir,5.412,15,kevin_magnussen,Danish,haas,American
3,2020,bahrain,Sakhir,5.412,15,max_verstappen,Dutch,red_bull,Austrian
10,2020,istanbul,Istanbul,5.338,14,giovinazzi,Italian,alfa,Swiss
19,2020,istanbul,Istanbul,5.338,14,gasly,French,alphatauri,Italian
13,2020,bahrain,Sakhir,5.412,15,stroll,Canadian,racing_point,British
16,2020,bahrain,Sakhir,5.412,15,giovinazzi,Italian,alfa,Swiss
8,2020,bahrain,Sakhir,5.412,15,gasly,French,alphatauri,Italian
12,2020,bahrain,Sakhir,5.412,15,leclerc,Monegasque,ferrari,Italian
9,2020,bahrain,Sakhir,5.412,15,norris,British,mclaren,British
14,2020,bahrain,Sakhir,5.412,15,russell,British,williams,British
17,2020,bahrain,Sakhir,5.412,15,raikkonen,Finnish,alfa,Swiss
11,2020,bahrain,Sakhir,5.412,15,vettel,German,ferrari,Italian
18,2020,bahrain,Sakhir,5.412,15,raikkonen,Finnish,alfa,Swiss
13,2020,bahrain,Sakhir,5.412,15,vettel,German,ferrari,Italian
5,2020,bahrain,Sakhir,5.412,15,perez,Mexican,racing_point,British
7,2020,bahrain,Sakhir,5.412,15,ricciardo,Australian,renault,French
1,2020,bahrain,Sakhir,5.412,15,bottas,Finnish,mercedes,German
15,2020,bahrain,Sakhir,5.412,15,kevin_magnussen,Danish,haas,American
15,2020,bahrain,Sakhir,5.412,15,sainz,Spanish,mclaren,British
7,2020,bahrain,Sakhir,5.412,15,ocon,French,renault,French
15,2020,red_bull_ring,Spielberg,4.318,10,grosjean,French,haas,American
6,2020,red_bull_ring,Spielberg,4.318,10,perez,Mexican,racing_point,British
14,2020,red_bull_ring,Spielberg,4.318,10,leclerc,Monegasque,ferrari,Italian
9,2020,red_bull_ring,Spielberg,4.318,10,norris,British,mclaren,British
5,2020,red_bull_ring,Spielberg,4.318,10,hamilton,British,mercedes,German
19,2020,red_bull_ring,Spielberg,4.318,10,raikkonen,Finnish,alfa,Swiss
11,2020,red_bull_ring,Spielberg,4.318,10,vettel,German,ferrari,Italian
10,2020,red_bull_ring,Spielberg,4.318,10,ricciardo,Australian,renault,French
1,2020,red_bull_ring,Spielberg,4.318,10,bottas,Finnish,mercedes,German
16,2020,red_bull_ring,Spielberg,4.318,10,kevin_magnussen,Danish,haas,American
13,2020,red_bull_ring,Spielberg,4.318,10,kvyat,Russian,alphatauri,Italian
2,2020,red_bull_ring,Spielberg,4.318,10,max_verstappen,Dutch,red_bull,Austrian
8,2020,red_bull_ring,Spielberg,4.318,10,sainz,Spanish,mclaren,British
18,2020,red_bull_ring,Spielberg,4.318,10,giovinazzi,Italian,alfa,Swiss
12,2020,red_bull_ring,Spielberg,4.318,10,gasly,French,alphatauri,Italian
7,2020,red_bull_ring,Spielberg,4.318,10,leclerc,Monegasque,ferrari,Italian
3,2020,red_bull_ring,Spielberg,4.318,10,norris,British,mclaren,British
17,2020,red_bull_ring,Spielberg,4.318,10,russell,British,williams,British
4,2020,red_bull_ring,Spielberg,4.318,10,albon,Thai,red_bull,Austrian
19,2020,silverstone,Silverstone,5.891,18,kvyat,Russian,alphatauri,Italian
3,2020,silverstone,Silverstone,5.891,18,max_verstappen,Dutch,red_bull,Austrian
16,2020,red_bull_ring,Spielberg,4.318,10,raikkonen,Finnish,alfa,Swiss
10,2020,red_bull_ring,Spielberg,4.318,10,vettel,German,ferrari,Italian
0,2020,red_bull_ring,Spielberg,4.318,10,grosjean,French,haas,American
17,2020,red_bull_ring,Spielberg,4.318,10,perez,Mexican,racing_point,British
8,2020,red_bull_ring,Spielberg,4.318,10,ricciardo,Australian,renault,French
4,2020,red_bull_ring,Spielberg,4.318,10,bottas,Finnish,mercedes,German
14,2020,red_bull_ring,Spielberg,4.318,10,ocon,French,renault,French
9,2020,red_bull_ring,Spielberg,4.318,10,stroll,Canadian,racing_point,British
2,2020,red_bull_ring,Spielberg,4.318,10,max_verstappen,Dutch,red_bull,Austrian
3,2020,red_bull_ring,Spielberg,4.318,10,sainz,Spanish,mclaren,British
5,2020,red_bull_ring,Spielberg,4.318,10,ocon,French,renault,French
12,2020,red_bull_ring,Spielberg,4.318,10,stroll,Canadian,racing_point,British
19,2020,red_bull_ring,Spielberg,4.318,10,giovinazzi,Italian,alfa,Swiss
7,2020,red_bull_ring,Spielberg,4.318,10,gasly,French,alphatauri,Italian
20,2020,red_bull_ring,Spielberg,4.318,10,latifi,Canadian,williams,British
1,2020,red_bull_ring,Spielberg,4.318,10,hamilton,British,mercedes,German
11,2020,red_bull_ring,Spielberg,4.318,10,russell,British,williams,British
6,2020,red_bull_ring,Spielberg,4.318,10,albon,Thai,red_bull,Austrian
18,2020,red_bull_ring,Spielberg,4.318,10,latifi,Canadian,williams,British
1,2020,hungaroring,Budapest,4.381,14,hamilton,British,mercedes,German
20,2020,hungaroring,Budapest,4.381,14,raikkonen,Finnish,alfa,Swiss
5,2020,hungaroring,Budapest,4.381,14,vettel,German,ferrari,Italian
15,2020,red_bull_ring,Spielberg,4.318,10,kevin_magnussen,Danish,haas,American
13,2020,red_bull_ring,Spielberg,4.318,10,kvyat,Russian,alphatauri,Italian
11,2020,hungaroring,Budapest,4.381,14,ricciardo,Australian,renault,French
2,2020,hungaroring,Budapest,4.381,14,bottas,Finnish,mercedes,German
0,2020,hungaroring,Budapest,4.381,14,kevin_magnussen,Danish,haas,American
17,2020,hungaroring,Budapest,4.381,14,kvyat,Russian,alphatauri,Italian
7,2020,hungaroring,Budapest,4.381,14,max_verstappen,Dutch,red_bull,Austrian
9,2020,hungaroring,Budapest,4.381,14,sainz,Spanish,mclaren,British
1,2020,catalunya,Montmeló,4.657,14,hamilton,British,mercedes,German
14,2020,catalunya,Montmeló,4.657,14,raikkonen,Finnish,alfa,Swiss
19,2020,hungaroring,Budapest,4.381,14,giovinazzi,Italian,alfa,Swiss
10,2020,hungaroring,Budapest,4.381,14,gasly,French,alphatauri,Italian
6,2020,hungaroring,Budapest,4.381,14,leclerc,Monegasque,ferrari,Italian
8,2020,hungaroring,Budapest,4.381,14,norris,British,mclaren,British
12,2020,hungaroring,Budapest,4.381,14,russell,British,williams,British
13,2020,hungaroring,Budapest,4.381,14,albon,Thai,red_bull,Austrian
0,2020,hungaroring,Budapest,4.381,14,grosjean,French,haas,American
4,2020,hungaroring,Budapest,4.381,14,perez,Mexican,racing_point,British
16,2020,silverstone,Silverstone,5.891,18,raikkonen,Finnish,alfa,Swiss
10,2020,silverstone,Silverstone,5.891,18,vettel,German,ferrari,Italian
17,2020,silverstone,Silverstone,5.891,18,grosjean,French,haas,American
8,2020,silverstone,Silverstone,5.891,18,ricciardo,Australian,renault,French
2,2020,silverstone,Silverstone,5.891,18,bottas,Finnish,mercedes,German
14,2020,silverstone,Silverstone,5.891,18,kevin_magnussen,Danish,haas,American
14,2020,hungaroring,Budapest,4.381,14,ocon,French,renault,French
3,2020,hungaroring,Budapest,4.381,14,stroll,Canadian,racing_point,British
7,2020,silverstone,Silverstone,5.891,18,sainz,Spanish,mclaren,British
9,2020,silverstone,Silverstone,5.891,18,ocon,French,renault,French
6,2020,silverstone,Silverstone,5.891,18,stroll,Canadian,racing_point,British
15,2020,silverstone,Silverstone,5.891,18,giovinazzi,Italian,alfa,Swiss
11,2020,silverstone,Silverstone,5.891,18,gasly,French,alphatauri,Italian
4,2020,silverstone,Silverstone,5.891,18,leclerc,Monegasque,ferrari,Italian
15,2020,hungaroring,Budapest,4.381,14,latifi,Canadian,williams,British
1,2020,silverstone,Silverstone,5.891,18,hamilton,British,mercedes,German
12,2020,silverstone,Silverstone,5.891,18,albon,Thai,red_bull,Austrian
18,2020,silverstone,Silverstone,5.891,18,latifi,Canadian,williams,British
2,2020,silverstone,Silverstone,5.891,18,hamilton,British,mercedes,German
20,2020,silverstone,Silverstone,5.891,18,raikkonen,Finnish,alfa,Swiss
11,2020,silverstone,Silverstone,5.891,18,vettel,German,ferrari,Italian
13,2020,silverstone,Silverstone,5.891,18,grosjean,French,haas,American
18,2020,spa,Spa,7.004,20,giovinazzi,Italian,alfa,Swiss
12,2020,spa,Spa,7.004,20,gasly,French,alphatauri,Italian
1,2020,silverstone,Silverstone,5.891,18,bottas,Finnish,mercedes,German
17,2020,silverstone,Silverstone,5.891,18,kevin_magnussen,Danish,haas,American
16,2020,silverstone,Silverstone,5.891,18,kvyat,Russian,alphatauri,Italian
4,2020,silverstone,Silverstone,5.891,18,max_verstappen,Dutch,red_bull,Austrian
12,2020,silverstone,Silverstone,5.891,18,sainz,Spanish,mclaren,British
14,2020,silverstone,Silverstone,5.891,18,ocon,French,renault,French
5,2020,silverstone,Silverstone,5.891,18,norris,British,mclaren,British
20,2020,silverstone,Silverstone,5.891,18,russell,British,williams,British
7,2020,silverstone,Silverstone,5.891,18,gasly,French,alphatauri,Italian
8,2020,silverstone,Silverstone,5.891,18,leclerc,Monegasque,ferrari,Italian
10,2020,silverstone,Silverstone,5.891,18,norris,British,mclaren,British
15,2020,silverstone,Silverstone,5.891,18,russell,British,williams,British
9,2020,silverstone,Silverstone,5.891,18,albon,Thai,red_bull,Austrian
18,2020,silverstone,Silverstone,5.891,18,latifi,Canadian,williams,British
3,2020,silverstone,Silverstone,5.891,18,hulkenberg,German,racing_point,British
5,2020,silverstone,Silverstone,5.891,18,ricciardo,Australian,renault,French
11,2020,catalunya,Montmeló,4.657,14,vettel,German,ferrari,Italian
17,2020,catalunya,Montmeló,4.657,14,grosjean,French,haas,American
4,2020,catalunya,Montmeló,4.657,14,perez,Mexican,racing_point,British
13,2020,catalunya,Montmeló,4.657,14,ricciardo,Australian,renault,French
2,2020,catalunya,Montmeló,4.657,14,bottas,Finnish,mercedes,German
16,2020,catalunya,Montmeló,4.657,14,kevin_magnussen,Danish,haas,American
6,2020,silverstone,Silverstone,5.891,18,stroll,Canadian,racing_point,British
19,2020,silverstone,Silverstone,5.891,18,giovinazzi,Italian,alfa,Swiss
7,2020,catalunya,Montmeló,4.657,14,sainz,Spanish,mclaren,British
15,2020,catalunya,Montmeló,4.657,14,ocon,French,renault,French
5,2020,catalunya,Montmeló,4.657,14,stroll,Canadian,racing_point,British
20,2020,catalunya,Montmeló,4.657,14,giovinazzi,Italian,alfa,Swiss
10,2020,catalunya,Montmeló,4.657,14,gasly,French,alphatauri,Italian
9,2020,catalunya,Montmeló,4.657,14,leclerc,Monegasque,ferrari,Italian
8,2020,mugello,Mugello,5.245,15,ricciardo,Australian,renault,French
2,2020,mugello,Mugello,5.245,15,bottas,Finnish,mercedes,German
6,2020,catalunya,Montmeló,4.657,14,albon,Thai,red_bull,Austrian
19,2020,catalunya,Montmeló,4.657,14,latifi,Canadian,williams,British
1,2020,spa,Spa,7.004,20,hamilton,British,mercedes,German
16,2020,spa,Spa,7.004,20,raikkonen,Finnish,alfa,Swiss
14,2020,spa,Spa,7.004,20,vettel,German,ferrari,Italian
17,2020,spa,Spa,7.004,20,grosjean,French,haas,American
12,2020,catalunya,Montmeló,4.657,14,kvyat,Russian,alphatauri,Italian
3,2020,catalunya,Montmeló,4.657,14,max_verstappen,Dutch,red_bull,Austrian
2,2020,spa,Spa,7.004,20,bottas,Finnish,mercedes,German
20,2020,spa,Spa,7.004,20,kevin_magnussen,Danish,haas,American
11,2020,spa,Spa,7.004,20,kvyat,Russian,alphatauri,Italian
3,2020,spa,Spa,7.004,20,max_verstappen,Dutch,red_bull,Austrian
6,2020,spa,Spa,7.004,20,ocon,French,renault,French
9,2020,spa,Spa,7.004,20,stroll,Canadian,racing_point,British
8,2020,catalunya,Montmeló,4.657,14,norris,British,mclaren,British
18,2020,catalunya,Montmeló,4.657,14,russell,British,williams,British
13,2020,spa,Spa,7.004,20,leclerc,Monegasque,ferrari,Italian
10,2020,spa,Spa,7.004,20,norris,British,mclaren,British
15,2020,spa,Spa,7.004,20,russell,British,williams,British
5,2020,spa,Spa,7.004,20,albon,Thai,red_bull,Austrian
19,2020,spa,Spa,7.004,20,latifi,Canadian,williams,British
1,2020,monza,Monza,5.793,11,hamilton,British,mercedes,German
8,2020,spa,Spa,7.004,20,perez,Mexican,racing_point,British
4,2020,spa,Spa,7.004,20,ricciardo,Australian,renault,French
16,2020,monza,Monza,5.793,11,grosjean,French,haas,American
4,2020,monza,Monza,5.793,11,perez,Mexican,racing_point,British
7,2020,monza,Monza,5.793,11,ricciardo,Australian,renault,French
2,2020,monza,Monza,5.793,11,bottas,Finnish,mercedes,German
15,2020,monza,Monza,5.793,11,kevin_magnussen,Danish,haas,American
11,2020,monza,Monza,5.793,11,kvyat,Russian,alphatauri,Italian
19,2020,nurburgring,Nürburg,5.148,15,raikkonen,Finnish,alfa,Swiss
11,2020,nurburgring,Nürburg,5.148,15,vettel,German,ferrari,Italian
12,2020,monza,Monza,5.793,11,ocon,French,renault,French
8,2020,monza,Monza,5.793,11,stroll,Canadian,racing_point,British
18,2020,monza,Monza,5.793,11,giovinazzi,Italian,alfa,Swiss
10,2020,monza,Monza,5.793,11,gasly,French,alphatauri,Italian
13,2020,monza,Monza,5.793,11,leclerc,Monegasque,ferrari,Italian
6,2020,monza,Monza,5.793,11,norris,British,mclaren,British
14,2020,monza,Monza,5.793,11,raikkonen,Finnish,alfa,Swiss
17,2020,monza,Monza,5.793,11,vettel,German,ferrari,Italian
20,2020,monza,Monza,5.793,11,latifi,Canadian,williams,British
1,2020,mugello,Mugello,5.245,15,hamilton,British,mercedes,German
13,2020,mugello,Mugello,5.245,15,raikkonen,Finnish,alfa,Swiss
14,2020,mugello,Mugello,5.245,15,vettel,German,ferrari,Italian
15,2020,mugello,Mugello,5.245,15,grosjean,French,haas,American
7,2020,mugello,Mugello,5.245,15,perez,Mexican,racing_point,British
5,2020,monza,Monza,5.793,11,max_verstappen,Dutch,red_bull,Austrian
3,2020,monza,Monza,5.793,11,sainz,Spanish,mclaren,British
20,2020,mugello,Mugello,5.245,15,kevin_magnussen,Danish,haas,American
12,2020,mugello,Mugello,5.245,15,kvyat,Russian,alphatauri,Italian
9,2020,mugello,Mugello,5.245,15,sainz,Spanish,mclaren,British
10,2020,mugello,Mugello,5.245,15,ocon,French,renault,French
6,2020,mugello,Mugello,5.245,15,stroll,Canadian,racing_point,British
17,2020,mugello,Mugello,5.245,15,giovinazzi,Italian,alfa,Swiss
19,2020,monza,Monza,5.793,11,russell,British,williams,British
9,2020,monza,Monza,5.793,11,albon,Thai,red_bull,Austrian
18,2020,mugello,Mugello,5.245,15,russell,British,williams,British
4,2020,mugello,Mugello,5.245,15,albon,Thai,red_bull,Austrian
19,2020,mugello,Mugello,5.245,15,latifi,Canadian,williams,British
1,2020,sochi,Sochi,5.848,15,hamilton,British,mercedes,German
19,2020,sochi,Sochi,5.848,15,raikkonen,Finnish,alfa,Swiss
14,2020,sochi,Sochi,5.848,15,vettel,German,ferrari,Italian
17,2020,portimao,Portimão,4.653,15,giovinazzi,Italian,alfa,Swiss
9,2020,portimao,Portimão,4.653,15,gasly,French,alphatauri,Italian
5,2020,sochi,Sochi,5.848,15,ricciardo,Australian,renault,French
3,2020,sochi,Sochi,5.848,15,bottas,Finnish,mercedes,German
18,2020,sochi,Sochi,5.848,15,kevin_magnussen,Danish,haas,American
11,2020,sochi,Sochi,5.848,15,kvyat,Russian,alphatauri,Italian
2,2020,sochi,Sochi,5.848,15,max_verstappen,Dutch,red_bull,Austrian
7,2020,sochi,Sochi,5.848,15,ocon,French,renault,French
5,2020,mugello,Mugello,5.245,15,leclerc,Monegasque,ferrari,Italian
11,2020,mugello,Mugello,5.245,15,norris,British,mclaren,British
10,2020,sochi,Sochi,5.848,15,leclerc,Monegasque,ferrari,Italian
8,2020,sochi,Sochi,5.848,15,norris,British,mclaren,British
13,2020,sochi,Sochi,5.848,15,russell,British,williams,British
15,2020,sochi,Sochi,5.848,15,albon,Thai,red_bull,Austrian
20,2020,sochi,Sochi,5.848,15,latifi,Canadian,williams,British
2,2020,nurburgring,Nürburg,5.148,15,hamilton,British,mercedes,German
16,2020,sochi,Sochi,5.848,15,grosjean,French,haas,American
4,2020,sochi,Sochi,5.848,15,perez,Mexican,racing_point,British
16,2020,nurburgring,Nürburg,5.148,15,grosjean,French,haas,American
20,2020,nurburgring,Nürburg,5.148,15,hulkenberg,German,racing_point,British
9,2020,nurburgring,Nürburg,5.148,15,perez,Mexican,racing_point,British
6,2020,nurburgring,Nürburg,5.148,15,ricciardo,Australian,renault,French
1,2020,nurburgring,Nürburg,5.148,15,bottas,Finnish,mercedes,German
15,2020,nurburgring,Nürburg,5.148,15,kevin_magnussen,Danish,haas,American
17,2020,sochi,Sochi,5.848,15,giovinazzi,Italian,alfa,Swiss
9,2020,sochi,Sochi,5.848,15,gasly,French,alphatauri,Italian
10,2020,nurburgring,Nürburg,5.148,15,sainz,Spanish,mclaren,British
7,2020,nurburgring,Nürburg,5.148,15,ocon,French,renault,French
14,2020,nurburgring,Nürburg,5.148,15,giovinazzi,Italian,alfa,Swiss
12,2020,nurburgring,Nürburg,5.148,15,gasly,French,alphatauri,Italian
4,2020,nurburgring,Nürburg,5.148,15,leclerc,Monegasque,ferrari,Italian
8,2020,nurburgring,Nürburg,5.148,15,norris,British,mclaren,British
5,2020,istanbul,Istanbul,5.338,14,ricciardo,Australian,renault,French
9,2020,istanbul,Istanbul,5.338,14,bottas,Finnish,mercedes,German
18,2020,nurburgring,Nürburg,5.148,15,latifi,Canadian,williams,British
1,2020,portimao,Portimão,4.653,15,hamilton,British,mercedes,German
16,2020,portimao,Portimão,4.653,15,raikkonen,Finnish,alfa,Swiss
15,2020,portimao,Portimão,4.653,15,vettel,German,ferrari,Italian
18,2020,portimao,Portimão,4.653,15,grosjean,French,haas,American
5,2020,portimao,Portimão,4.653,15,perez,Mexican,racing_point,British
13,2020,nurburgring,Nürburg,5.148,15,kvyat,Russian,alphatauri,Italian
3,2020,nurburgring,Nürburg,5.148,15,max_verstappen,Dutch,red_bull,Austrian
19,2020,portimao,Portimão,4.653,15,kevin_magnussen,Danish,haas,American
13,2020,portimao,Portimão,4.653,15,kvyat,Russian,alphatauri,Italian
3,2020,portimao,Portimão,4.653,15,max_verstappen,Dutch,red_bull,Austrian
7,2020,portimao,Portimão,4.653,15,sainz,Spanish,mclaren,British
11,2020,portimao,Portimão,4.653,15,ocon,French,renault,French
12,2020,portimao,Portimão,4.653,15,stroll,Canadian,racing_point,British
17,2020,nurburgring,Nürburg,5.148,15,russell,British,williams,British
5,2020,nurburgring,Nürburg,5.148,15,albon,Thai,red_bull,Austrian
4,2020,portimao,Portimão,4.653,15,leclerc,Monegasque,ferrari,Italian
8,2020,portimao,Portimão,4.653,15,norris,British,mclaren,British
14,2020,portimao,Portimão,4.653,15,russell,British,williams,British
6,2020,portimao,Portimão,4.653,15,albon,Thai,red_bull,Austrian
20,2020,portimao,Portimão,4.653,15,latifi,Canadian,williams,British
2,2020,imola,Imola,4.909,19,hamilton,British,mercedes,German
10,2020,portimao,Portimão,4.653,15,ricciardo,Australian,renault,French
2,2020,portimao,Portimão,4.653,15,bottas,Finnish,mercedes,German
16,2020,imola,Imola,4.909,19,grosjean,French,haas,American
11,2020,imola,Imola,4.909,19,perez,Mexican,racing_point,British
5,2020,imola,Imola,4.909,19,ricciardo,Australian,renault,French
1,2020,imola,Imola,4.909,19,bottas,Finnish,mercedes,German
2,2020,bahrain,Sakhir,5.412,15,russell,British,mercedes,German
12,2020,imola,Imola,4.909,19,ocon,French,renault,French
15,2020,imola,Imola,4.909,19,stroll,Canadian,racing_point,British
20,2020,imola,Imola,4.909,19,giovinazzi,Italian,alfa,Swiss
4,2020,imola,Imola,4.909,19,gasly,French,alphatauri,Italian
7,2020,imola,Imola,4.909,19,leclerc,Monegasque,ferrari,Italian
9,2020,imola,Imola,4.909,19,norris,British,mclaren,British
18,2020,imola,Imola,4.909,19,raikkonen,Finnish,alfa,Swiss
14,2020,imola,Imola,4.909,19,vettel,German,ferrari,Italian
19,2020,imola,Imola,4.909,19,latifi,Canadian,williams,British
6,2020,istanbul,Istanbul,5.338,14,hamilton,British,mercedes,German
8,2020,istanbul,Istanbul,5.338,14,raikkonen,Finnish,alfa,Swiss
11,2020,istanbul,Istanbul,5.338,14,vettel,German,ferrari,Italian
17,2020,istanbul,Istanbul,5.338,14,grosjean,French,haas,American
3,2020,istanbul,Istanbul,5.338,14,perez,Mexican,racing_point,British
3,2020,imola,Imola,4.909,19,max_verstappen,Dutch,red_bull,Austrian
10,2020,imola,Imola,4.909,19,sainz,Spanish,mclaren,British
13,2020,istanbul,Istanbul,5.338,14,kevin_magnussen,Danish,haas,American
16,2020,istanbul,Istanbul,5.338,14,kvyat,Russian,alphatauri,Italian
2,2020,istanbul,Istanbul,5.338,14,max_verstappen,Dutch,red_bull,Austrian
15,2020,istanbul,Istanbul,5.338,14,sainz,Spanish,mclaren,British
7,2020,istanbul,Istanbul,5.338,14,ocon,French,renault,French
1,2020,istanbul,Istanbul,5.338,14,stroll,Canadian,racing_point,British
13,2020,imola,Imola,4.909,19,russell,British,williams,British
6,2020,imola,Imola,4.909,19,albon,Thai,red_bull,Austrian
8,2020,bahrain,Sakhir,5.412,15,sainz,Spanish,mclaren,British
11,2020,bahrain,Sakhir,5.412,15,ocon,French,renault,French
10,2020,bahrain,Sakhir,5.412,15,stroll,Canadian,racing_point,British
14,2020,bahrain,Sakhir,5.412,15,giovinazzi,Italian,alfa,Swiss
16,2020,bahrain,Sakhir,5.412,15,latifi,Canadian,williams,British
20,2020,bahrain,Sakhir,5.412,15,pietro_fittipaldi,Brazilian,haas,American
17,2020,bahrain,Sakhir,5.412,15,aitken,British,williams,British
3,2020,yas_marina,Abu Dhabi,5.281,16,hamilton,British,mercedes,German
13,2020,yas_marina,Abu Dhabi,5.281,16,vettel,German,ferrari,Italian
19,2020,yas_marina,Abu Dhabi,5.281,16,perez,Mexican,racing_point,British
6,2020,bahrain,Sakhir,5.412,15,kvyat,Russian,alphatauri,Italian
2,2020,yas_marina,Abu Dhabi,5.281,16,bottas,Finnish,mercedes,German
20,2020,yas_marina,Abu Dhabi,5.281,16,kevin_magnussen,Danish,haas,American
7,2020,yas_marina,Abu Dhabi,5.281,16,kvyat,Russian,alphatauri,Italian
1,2020,yas_marina,Abu Dhabi,5.281,16,max_verstappen,Dutch,red_bull,Austrian
6,2020,yas_marina,Abu Dhabi,5.281,16,sainz,Spanish,mclaren,British
10,2020,yas_marina,Abu Dhabi,5.281,16,ocon,French,renault,French
8,2020,yas_marina,Abu Dhabi,5.281,16,stroll,Canadian,racing_point,British
12,2020,bahrain,Sakhir,5.412,15,albon,Thai,red_bull,Austrian
9,2020,yas_marina,Abu Dhabi,5.281,16,gasly,French,alphatauri,Italian
12,2020,yas_marina,Abu Dhabi,5.281,16,leclerc,Monegasque,ferrari,Italian
4,2020,yas_marina,Abu Dhabi,5.281,16,norris,British,mclaren,British
16,2020,yas_marina,Abu Dhabi,5.281,16,russell,British,williams,British
5,2020,yas_marina,Abu Dhabi,5.281,16,albon,Thai,red_bull,Austrian
18,2020,yas_marina,Abu Dhabi,5.281,16,latifi,Canadian,williams,British
17,2020,yas_marina,Abu Dhabi,5.281,16,pietro_fittipaldi,Brazilian,haas,American
11,2020,yas_marina,Abu Dhabi,5.281,16,ricciardo,Australian,renault,French
20,2020,bahrain,Sakhir,5.412,15,latifi,Canadian,williams,British
4,2020,bahrain,Sakhir,5.412,15,albon,Thai,red_bull,Austrian
8,2020,imola,Imola,4.909,19,kvyat,Russian,alphatauri,Italian
9,2020,bahrain,Sakhir,5.412,15,gasly,French,alphatauri,Italian
4,2020,istanbul,Istanbul,5.338,14,albon,Thai,red_bull,Austrian
10,2020,bahrain,Sakhir,5.412,15,kvyat,Russian,alphatauri,Italian
19,2020,bahrain,Sakhir,5.412,15,norris,British,mclaren,British
15,2020,yas_marina,Abu Dhabi,5.281,16,raikkonen,Finnish,alfa,Swiss
17,2020,imola,Imola,4.909,19,kevin_magnussen,Danish,haas,American
17,2021,imola,Imola,4.909,19,giovinazzi,Italian,alfa,Swiss
5,2021,imola,Imola,4.909,19,gasly,French,alphatauri,Italian
4,2021,imola,Imola,4.909,19,leclerc,Monegasque,ferrari,Italian
7,2021,imola,Imola,4.909,19,norris,British,mclaren,British
12,2021,imola,Imola,4.909,19,russell,British,williams,British
1,2021,imola,Imola,4.909,19,hamilton,British,mercedes,German
15,2021,imola,Imola,4.909,19,alonso,Spanish,alpine,French
16,2021,imola,Imola,4.909,19,raikkonen,Finnish,alfa,Swiss
6,2021,portimao,Portimão,4.653,15,ocon,French,alpine,French
17,2021,portimao,Portimão,4.653,15,stroll,Canadian,aston_martin,British
12,2021,portimao,Portimão,4.653,15,giovinazzi,Italian,alfa,Swiss
9,2021,portimao,Portimão,4.653,15,gasly,French,alphatauri,Italian
12,2021,losail,Al Daayen,5.419,16,stroll,Canadian,aston_martin,British
11,2021,imola,Imola,4.909,19,sainz,Spanish,ferrari,Italian
9,2021,imola,Imola,4.909,19,ocon,French,alpine,French
10,2021,imola,Imola,4.909,19,stroll,Canadian,aston_martin,British
14,2021,portimao,Portimão,4.653,15,tsunoda,Japanese,alphatauri,Italian
20,2021,portimao,Portimão,4.653,15,mazepin,Russian,haas,American
19,2021,portimao,Portimão,4.653,15,mick_schumacher,German,haas,American
1,2021,catalunya,Montmeló,4.657,14,hamilton,British,mercedes,German
16,2021,portimao,Portimão,4.653,15,ricciardo,Australian,mclaren,British
1,2021,portimao,Portimão,4.653,15,bottas,Finnish,mercedes,German
3,2021,portimao,Portimão,4.653,15,max_verstappen,Dutch,red_bull,Austrian
5,2021,portimao,Portimão,4.653,15,sainz,Spanish,ferrari,Italian
7,2021,catalunya,Montmeló,4.657,14,ricciardo,Australian,mclaren,British
3,2021,catalunya,Montmeló,4.657,14,bottas,Finnish,mercedes,German
2,2021,catalunya,Montmeló,4.657,14,max_verstappen,Dutch,red_bull,Austrian
6,2021,catalunya,Montmeló,4.657,14,sainz,Spanish,ferrari,Italian
8,2021,portimao,Portimão,4.653,15,leclerc,Monegasque,ferrari,Italian
7,2021,portimao,Portimão,4.653,15,norris,British,mclaren,British
11,2021,portimao,Portimão,4.653,15,russell,British,williams,British
18,2021,portimao,Portimão,4.653,15,latifi,Canadian,williams,British
20,2021,imola,Imola,4.909,19,tsunoda,Japanese,alphatauri,Italian
19,2021,imola,Imola,4.909,19,mazepin,Russian,haas,American
18,2021,imola,Imola,4.909,19,mick_schumacher,German,haas,American
2,2021,portimao,Portimão,4.653,15,hamilton,British,mercedes,German
13,2021,portimao,Portimão,4.653,15,alonso,Spanish,alpine,French
15,2021,portimao,Portimão,4.653,15,raikkonen,Finnish,alfa,Swiss
10,2021,portimao,Portimão,4.653,15,vettel,German,aston_martin,British
4,2021,portimao,Portimão,4.653,15,perez,Mexican,red_bull,Austrian
12,2021,bahrain,Sakhir,5.412,15,giovinazzi,Italian,alfa,Swiss
5,2021,bahrain,Sakhir,5.412,15,gasly,French,alphatauri,Italian
4,2021,bahrain,Sakhir,5.412,15,leclerc,Monegasque,ferrari,Italian
7,2021,bahrain,Sakhir,5.412,15,norris,British,mclaren,British
15,2021,bahrain,Sakhir,5.412,15,russell,British,williams,British
17,2021,bahrain,Sakhir,5.412,15,latifi,Canadian,williams,British
13,2021,bahrain,Sakhir,5.412,15,tsunoda,Japanese,alphatauri,Italian
18,2021,bahrain,Sakhir,5.412,15,mick_schumacher,German,haas,American
13,2021,losail,Al Daayen,5.419,16,leclerc,Monegasque,ferrari,Italian
2,2021,losail,Al Daayen,5.419,16,gasly,French,alphatauri,Italian
18,2021,losail,Al Daayen,5.419,16,giovinazzi,Italian,alfa,Swiss
0,2021,imola,Imola,4.909,19,vettel,German,aston_martin,British
2,2021,imola,Imola,4.909,19,perez,Mexican,red_bull,Austrian
6,2021,imola,Imola,4.909,19,ricciardo,Australian,mclaren,British
8,2021,imola,Imola,4.909,19,bottas,Finnish,mercedes,German
3,2021,imola,Imola,4.909,19,max_verstappen,Dutch,red_bull,Austrian
15,2021,losail,Al Daayen,5.419,16,russell,British,williams,British
14,2021,losail,Al Daayen,5.419,16,ricciardo,Australian,mclaren,British
11,2021,losail,Al Daayen,5.419,16,perez,Mexican,red_bull,Austrian
10,2021,losail,Al Daayen,5.419,16,vettel,German,aston_martin,British
16,2021,losail,Al Daayen,5.419,16,raikkonen,Finnish,alfa,Swiss
3,2021,losail,Al Daayen,5.419,16,alonso,Spanish,alpine,French
1,2021,losail,Al Daayen,5.419,16,hamilton,British,mercedes,German
4,2021,losail,Al Daayen,5.419,16,norris,British,mclaren,British
14,2021,baku,Baku,6.003,20,raikkonen,Finnish,alfa,Swiss
11,2021,baku,Baku,6.003,20,vettel,German,aston_martin,British
6,2021,baku,Baku,6.003,20,perez,Mexican,red_bull,Austrian
13,2021,baku,Baku,6.003,20,ricciardo,Australian,mclaren,British
10,2021,baku,Baku,6.003,20,bottas,Finnish,mercedes,German
3,2021,baku,Baku,6.003,20,max_verstappen,Dutch,red_bull,Austrian
5,2021,baku,Baku,6.003,20,sainz,Spanish,ferrari,Italian
12,2021,baku,Baku,6.003,20,ocon,French,alpine,French
19,2021,baku,Baku,6.003,20,stroll,Canadian,aston_martin,British
20,2021,baku,Baku,6.003,20,giovinazzi,Italian,alfa,Swiss
4,2021,baku,Baku,6.003,20,gasly,French,alphatauri,Italian
1,2021,baku,Baku,6.003,20,leclerc,Monegasque,ferrari,Italian
9,2021,baku,Baku,6.003,20,norris,British,mclaren,British
15,2021,baku,Baku,6.003,20,russell,British,williams,British
16,2021,baku,Baku,6.003,20,latifi,Canadian,williams,British
7,2021,baku,Baku,6.003,20,tsunoda,Japanese,alphatauri,Italian
18,2021,baku,Baku,6.003,20,mazepin,Russian,haas,American
17,2021,baku,Baku,6.003,20,mick_schumacher,German,haas,American
2,2021,red_bull_ring,Spielberg,4.318,10,hamilton,British,mercedes,German
8,2021,red_bull_ring,Spielberg,4.318,10,alonso,Spanish,alpine,French
18,2021,red_bull_ring,Spielberg,4.318,10,raikkonen,Finnish,alfa,Swiss
14,2021,red_bull_ring,Spielberg,4.318,10,vettel,German,aston_martin,British
4,2021,red_bull_ring,Spielberg,4.318,10,perez,Mexican,red_bull,Austrian
13,2021,red_bull_ring,Spielberg,4.318,10,ricciardo,Australian,mclaren,British
5,2021,red_bull_ring,Spielberg,4.318,10,bottas,Finnish,mercedes,German
1,2021,red_bull_ring,Spielberg,4.318,10,max_verstappen,Dutch,red_bull,Austrian
12,2021,red_bull_ring,Spielberg,4.318,10,sainz,Spanish,ferrari,Italian
17,2021,red_bull_ring,Spielberg,4.318,10,ocon,French,alpine,French
9,2021,red_bull_ring,Spielberg,4.318,10,stroll,Canadian,aston_martin,British
15,2021,red_bull_ring,Spielberg,4.318,10,giovinazzi,Italian,alfa,Swiss
6,2021,red_bull_ring,Spielberg,4.318,10,gasly,French,alphatauri,Italian
7,2021,red_bull_ring,Spielberg,4.318,10,leclerc,Monegasque,ferrari,Italian
3,2021,red_bull_ring,Spielberg,4.318,10,norris,British,mclaren,British
10,2021,red_bull_ring,Spielberg,4.318,10,russell,British,williams,British
16,2021,red_bull_ring,Spielberg,4.318,10,latifi,Canadian,williams,British
11,2021,red_bull_ring,Spielberg,4.318,10,tsunoda,Japanese,alphatauri,Italian
20,2021,red_bull_ring,Spielberg,4.318,10,mazepin,Russian,haas,American
19,2021,red_bull_ring,Spielberg,4.318,10,mick_schumacher,German,haas,American
2,2021,ricard,Le Castellet,5.842,15,hamilton,British,mercedes,German
9,2021,ricard,Le Castellet,5.842,15,alonso,Spanish,alpine,French
17,2021,ricard,Le Castellet,5.842,15,raikkonen,Finnish,alfa,Swiss
12,2021,ricard,Le Castellet,5.842,15,vettel,German,aston_martin,British
4,2021,ricard,Le Castellet,5.842,15,perez,Mexican,red_bull,Austrian
10,2021,ricard,Le Castellet,5.842,15,ricciardo,Australian,mclaren,British
3,2021,ricard,Le Castellet,5.842,15,bottas,Finnish,mercedes,German
1,2021,ricard,Le Castellet,5.842,15,max_verstappen,Dutch,red_bull,Austrian
5,2021,ricard,Le Castellet,5.842,15,sainz,Spanish,ferrari,Italian
11,2021,ricard,Le Castellet,5.842,15,ocon,French,alpine,French
19,2021,ricard,Le Castellet,5.842,15,stroll,Canadian,aston_martin,British
13,2021,ricard,Le Castellet,5.842,15,giovinazzi,Italian,alfa,Swiss
6,2021,ricard,Le Castellet,5.842,15,gasly,French,alphatauri,Italian
7,2021,ricard,Le Castellet,5.842,15,leclerc,Monegasque,ferrari,Italian
8,2021,ricard,Le Castellet,5.842,15,norris,British,mclaren,British
14,2021,ricard,Le Castellet,5.842,15,russell,British,williams,British
16,2021,ricard,Le Castellet,5.842,15,latifi,Canadian,williams,British
0,2021,ricard,Le Castellet,5.842,15,tsunoda,Japanese,alphatauri,Italian
18,2021,ricard,Le Castellet,5.842,15,mazepin,Russian,haas,American
15,2021,ricard,Le Castellet,5.842,15,mick_schumacher,German,haas,American
4,2021,red_bull_ring,Spielberg,4.318,10,hamilton,British,mercedes,German
14,2021,red_bull_ring,Spielberg,4.318,10,alonso,Spanish,alpine,French
16,2021,red_bull_ring,Spielberg,4.318,10,raikkonen,Finnish,alfa,Swiss
11,2021,red_bull_ring,Spielberg,4.318,10,vettel,German,aston_martin,British
3,2021,red_bull_ring,Spielberg,4.318,10,perez,Mexican,red_bull,Austrian
13,2021,red_bull_ring,Spielberg,4.318,10,ricciardo,Australian,mclaren,British
5,2021,red_bull_ring,Spielberg,4.318,10,bottas,Finnish,mercedes,German
1,2021,red_bull_ring,Spielberg,4.318,10,max_verstappen,Dutch,red_bull,Austrian
10,2021,red_bull_ring,Spielberg,4.318,10,sainz,Spanish,ferrari,Italian
9,2021,red_bull_ring,Spielberg,4.318,10,stroll,Canadian,aston_martin,British
15,2021,red_bull_ring,Spielberg,4.318,10,giovinazzi,Italian,alfa,Swiss
6,2021,red_bull_ring,Spielberg,4.318,10,gasly,French,alphatauri,Italian
12,2021,red_bull_ring,Spielberg,4.318,10,leclerc,Monegasque,ferrari,Italian
2,2021,red_bull_ring,Spielberg,4.318,10,norris,British,mclaren,British
8,2021,red_bull_ring,Spielberg,4.318,10,russell,British,williams,British
18,2021,red_bull_ring,Spielberg,4.318,10,latifi,Canadian,williams,British
7,2021,red_bull_ring,Spielberg,4.318,10,tsunoda,Japanese,alphatauri,Italian
20,2021,red_bull_ring,Spielberg,4.318,10,mazepin,Russian,haas,American
19,2021,red_bull_ring,Spielberg,4.318,10,mick_schumacher,German,haas,American
2,2021,silverstone,Silverstone,5.891,18,hamilton,British,mercedes,German
7,2021,silverstone,Silverstone,5.891,18,alonso,Spanish,alpine,French
13,2021,silverstone,Silverstone,5.891,18,raikkonen,Finnish,alfa,Swiss
8,2021,silverstone,Silverstone,5.891,18,vettel,German,aston_martin,British
0,2021,silverstone,Silverstone,5.891,18,perez,Mexican,red_bull,Austrian
6,2021,silverstone,Silverstone,5.891,18,ricciardo,Australian,mclaren,British
3,2021,silverstone,Silverstone,5.891,18,bottas,Finnish,mercedes,German
10,2021,silverstone,Silverstone,5.891,18,sainz,Spanish,ferrari,Italian
9,2021,silverstone,Silverstone,5.891,18,ocon,French,alpine,French
14,2021,silverstone,Silverstone,5.891,18,stroll,Canadian,aston_martin,British
15,2021,silverstone,Silverstone,5.891,18,giovinazzi,Italian,alfa,Swiss
11,2021,silverstone,Silverstone,5.891,18,gasly,French,alphatauri,Italian
4,2021,silverstone,Silverstone,5.891,18,leclerc,Monegasque,ferrari,Italian
5,2021,silverstone,Silverstone,5.891,18,norris,British,mclaren,British
12,2021,silverstone,Silverstone,5.891,18,russell,British,williams,British
17,2021,silverstone,Silverstone,5.891,18,latifi,Canadian,williams,British
16,2021,silverstone,Silverstone,5.891,18,tsunoda,Japanese,alphatauri,Italian
19,2021,silverstone,Silverstone,5.891,18,mazepin,Russian,haas,American
18,2021,silverstone,Silverstone,5.891,18,mick_schumacher,German,haas,American
1,2021,hungaroring,Budapest,4.381,14,hamilton,British,mercedes,German
9,2021,hungaroring,Budapest,4.381,14,alonso,Spanish,alpine,French
13,2021,hungaroring,Budapest,4.381,14,raikkonen,Finnish,alfa,Swiss
10,2021,hungaroring,Budapest,4.381,14,vettel,German,aston_martin,British
11,2021,hungaroring,Budapest,4.381,14,ricciardo,Australian,mclaren,British
3,2021,hungaroring,Budapest,4.381,14,max_verstappen,Dutch,red_bull,Austrian
15,2021,hungaroring,Budapest,4.381,14,sainz,Spanish,ferrari,Italian
8,2021,hungaroring,Budapest,4.381,14,ocon,French,alpine,French
0,2021,hungaroring,Budapest,4.381,14,giovinazzi,Italian,alfa,Swiss
5,2021,hungaroring,Budapest,4.381,14,gasly,French,alphatauri,Italian
6,2021,hungaroring,Budapest,4.381,14,norris,British,mclaren,British
17,2021,hungaroring,Budapest,4.381,14,russell,British,williams,British
18,2021,hungaroring,Budapest,4.381,14,latifi,Canadian,williams,British
16,2021,hungaroring,Budapest,4.381,14,tsunoda,Japanese,alphatauri,Italian
19,2021,hungaroring,Budapest,4.381,14,mazepin,Russian,haas,American
20,2021,hungaroring,Budapest,4.381,14,mick_schumacher,German,haas,American
3,2021,spa,Spa,7.004,20,hamilton,British,mercedes,German
12,2021,spa,Spa,7.004,20,alonso,Spanish,alpine,French
0,2021,spa,Spa,7.004,20,raikkonen,Finnish,alfa,Swiss
5,2021,spa,Spa,7.004,20,vettel,German,aston_martin,British
0,2021,spa,Spa,7.004,20,perez,Mexican,red_bull,Austrian
4,2021,spa,Spa,7.004,20,ricciardo,Australian,mclaren,British
13,2021,spa,Spa,7.004,20,bottas,Finnish,mercedes,German
1,2021,spa,Spa,7.004,20,max_verstappen,Dutch,red_bull,Austrian
11,2021,spa,Spa,7.004,20,sainz,Spanish,ferrari,Italian
8,2021,spa,Spa,7.004,20,ocon,French,alpine,French
19,2021,spa,Spa,7.004,20,stroll,Canadian,aston_martin,British
14,2021,spa,Spa,7.004,20,giovinazzi,Italian,alfa,Swiss
6,2021,spa,Spa,7.004,20,gasly,French,alphatauri,Italian
9,2021,spa,Spa,7.004,20,leclerc,Monegasque,ferrari,Italian
15,2021,spa,Spa,7.004,20,norris,British,mclaren,British
2,2021,spa,Spa,7.004,20,russell,British,williams,British
10,2021,spa,Spa,7.004,20,latifi,Canadian,williams,British
16,2021,spa,Spa,7.004,20,tsunoda,Japanese,alphatauri,Italian
18,2021,spa,Spa,7.004,20,mazepin,Russian,haas,American
17,2021,spa,Spa,7.004,20,mick_schumacher,German,haas,American
2,2021,zandvoort,Zandvoort,4.259,14,hamilton,British,mercedes,German
9,2021,zandvoort,Zandvoort,4.259,14,alonso,Spanish,alpine,French
16,2021,zandvoort,Zandvoort,4.259,14,kubica,Polish,alfa,Swiss
15,2021,zandvoort,Zandvoort,4.259,14,vettel,German,aston_martin,British
0,2021,zandvoort,Zandvoort,4.259,14,perez,Mexican,red_bull,Austrian
10,2021,zandvoort,Zandvoort,4.259,14,ricciardo,Australian,mclaren,British
3,2021,zandvoort,Zandvoort,4.259,14,bottas,Finnish,mercedes,German
1,2021,zandvoort,Zandvoort,4.259,14,max_verstappen,Dutch,red_bull,Austrian
6,2021,zandvoort,Zandvoort,4.259,14,sainz,Spanish,ferrari,Italian
8,2021,zandvoort,Zandvoort,4.259,14,ocon,French,alpine,French
12,2021,zandvoort,Zandvoort,4.259,14,stroll,Canadian,aston_martin,British
7,2021,zandvoort,Zandvoort,4.259,14,giovinazzi,Italian,alfa,Swiss
4,2021,zandvoort,Zandvoort,4.259,14,gasly,French,alphatauri,Italian
5,2021,zandvoort,Zandvoort,4.259,14,leclerc,Monegasque,ferrari,Italian
13,2021,zandvoort,Zandvoort,4.259,14,norris,British,mclaren,British
11,2021,zandvoort,Zandvoort,4.259,14,russell,British,williams,British
0,2021,zandvoort,Zandvoort,4.259,14,latifi,Canadian,williams,British
14,2021,zandvoort,Zandvoort,4.259,14,tsunoda,Japanese,alphatauri,Italian
18,2021,zandvoort,Zandvoort,4.259,14,mazepin,Russian,haas,American
17,2021,zandvoort,Zandvoort,4.259,14,mick_schumacher,German,haas,American
4,2021,monza,Monza,5.793,11,hamilton,British,mercedes,German
10,2021,monza,Monza,5.793,11,alonso,Spanish,alpine,French
17,2021,monza,Monza,5.793,11,kubica,Polish,alfa,Swiss
11,2021,monza,Monza,5.793,11,vettel,German,aston_martin,British
8,2021,monza,Monza,5.793,11,perez,Mexican,red_bull,Austrian
2,2021,monza,Monza,5.793,11,ricciardo,Australian,mclaren,British
19,2021,monza,Monza,5.793,11,bottas,Finnish,mercedes,German
1,2021,monza,Monza,5.793,11,max_verstappen,Dutch,red_bull,Austrian
6,2021,monza,Monza,5.793,11,sainz,Spanish,ferrari,Italian
12,2021,monza,Monza,5.793,11,ocon,French,alpine,French
9,2021,monza,Monza,5.793,11,stroll,Canadian,aston_martin,British
7,2021,monza,Monza,5.793,11,giovinazzi,Italian,alfa,Swiss
0,2021,monza,Monza,5.793,11,gasly,French,alphatauri,Italian
5,2021,monza,Monza,5.793,11,leclerc,Monegasque,ferrari,Italian
3,2021,monza,Monza,5.793,11,norris,British,mclaren,British
14,2021,monza,Monza,5.793,11,russell,British,williams,British
13,2021,monza,Monza,5.793,11,latifi,Canadian,williams,British
16,2021,monza,Monza,5.793,11,mazepin,Russian,haas,American
18,2021,monza,Monza,5.793,11,mick_schumacher,German,haas,American
4,2021,sochi,Sochi,5.848,15,hamilton,British,mercedes,German
6,2021,sochi,Sochi,5.848,15,alonso,Spanish,alpine,French
13,2021,sochi,Sochi,5.848,15,raikkonen,Finnish,alfa,Swiss
10,2021,sochi,Sochi,5.848,15,vettel,German,aston_martin,British
8,2021,sochi,Sochi,5.848,15,perez,Mexican,red_bull,Austrian
5,2021,sochi,Sochi,5.848,15,ricciardo,Australian,mclaren,British
16,2021,sochi,Sochi,5.848,15,bottas,Finnish,mercedes,German
20,2021,sochi,Sochi,5.848,15,max_verstappen,Dutch,red_bull,Austrian
2,2021,sochi,Sochi,5.848,15,sainz,Spanish,ferrari,Italian
9,2021,sochi,Sochi,5.848,15,ocon,French,alpine,French
7,2021,sochi,Sochi,5.848,15,stroll,Canadian,aston_martin,British
17,2021,sochi,Sochi,5.848,15,giovinazzi,Italian,alfa,Swiss
11,2021,sochi,Sochi,5.848,15,gasly,French,alphatauri,Italian
19,2021,sochi,Sochi,5.848,15,leclerc,Monegasque,ferrari,Italian
1,2021,sochi,Sochi,5.848,15,norris,British,mclaren,British
3,2021,sochi,Sochi,5.848,15,russell,British,williams,British
18,2021,sochi,Sochi,5.848,15,latifi,Canadian,williams,British
12,2021,sochi,Sochi,5.848,15,tsunoda,Japanese,alphatauri,Italian
15,2021,sochi,Sochi,5.848,15,mazepin,Russian,haas,American
14,2021,sochi,Sochi,5.848,15,mick_schumacher,German,haas,American
11,2021,istanbul,Istanbul,5.338,14,hamilton,British,mercedes,German
5,2021,istanbul,Istanbul,5.338,14,alonso,Spanish,alpine,French
17,2021,istanbul,Istanbul,5.338,14,raikkonen,Finnish,alfa,Swiss
10,2021,istanbul,Istanbul,5.338,14,vettel,German,aston_martin,British
6,2021,istanbul,Istanbul,5.338,14,perez,Mexican,red_bull,Austrian
20,2021,istanbul,Istanbul,5.338,14,ricciardo,Australian,mclaren,British
1,2021,istanbul,Istanbul,5.338,14,bottas,Finnish,mercedes,German
2,2021,istanbul,Istanbul,5.338,14,max_verstappen,Dutch,red_bull,Austrian
19,2021,istanbul,Istanbul,5.338,14,sainz,Spanish,ferrari,Italian
12,2021,istanbul,Istanbul,5.338,14,ocon,French,alpine,French
8,2021,istanbul,Istanbul,5.338,14,stroll,Canadian,aston_martin,British
16,2021,istanbul,Istanbul,5.338,14,giovinazzi,Italian,alfa,Swiss
4,2021,istanbul,Istanbul,5.338,14,gasly,French,alphatauri,Italian
3,2021,istanbul,Istanbul,5.338,14,leclerc,Monegasque,ferrari,Italian
7,2021,istanbul,Istanbul,5.338,14,norris,British,mclaren,British
13,2021,istanbul,Istanbul,5.338,14,russell,British,williams,British
15,2021,istanbul,Istanbul,5.338,14,latifi,Canadian,williams,British
9,2021,istanbul,Istanbul,5.338,14,tsunoda,Japanese,alphatauri,Italian
18,2021,istanbul,Istanbul,5.338,14,mazepin,Russian,haas,American
14,2021,istanbul,Istanbul,5.338,14,mick_schumacher,German,haas,American
2,2021,americas,Austin,5.513,20,hamilton,British,mercedes,German
19,2021,americas,Austin,5.513,20,alonso,Spanish,alpine,French
15,2021,americas,Austin,5.513,20,raikkonen,Finnish,alfa,Swiss
18,2021,americas,Austin,5.513,20,vettel,German,aston_martin,British
3,2021,americas,Austin,5.513,20,perez,Mexican,red_bull,Austrian
6,2021,americas,Austin,5.513,20,ricciardo,Australian,mclaren,British
9,2021,americas,Austin,5.513,20,bottas,Finnish,mercedes,German
1,2021,americas,Austin,5.513,20,max_verstappen,Dutch,red_bull,Austrian
5,2021,americas,Austin,5.513,20,sainz,Spanish,ferrari,Italian
11,2021,americas,Austin,5.513,20,ocon,French,alpine,French
13,2021,americas,Austin,5.513,20,stroll,Canadian,aston_martin,British
12,2021,americas,Austin,5.513,20,giovinazzi,Italian,alfa,Swiss
8,2021,americas,Austin,5.513,20,gasly,French,alphatauri,Italian
4,2021,americas,Austin,5.513,20,leclerc,Monegasque,ferrari,Italian
7,2021,americas,Austin,5.513,20,norris,British,mclaren,British
20,2021,americas,Austin,5.513,20,russell,British,williams,British
14,2021,americas,Austin,5.513,20,latifi,Canadian,williams,British
10,2021,americas,Austin,5.513,20,tsunoda,Japanese,alphatauri,Italian
17,2021,americas,Austin,5.513,20,mazepin,Russian,haas,American
16,2021,americas,Austin,5.513,20,mick_schumacher,German,haas,American
2,2021,rodriguez,Mexico City,4.304,17,hamilton,British,mercedes,German
12,2021,rodriguez,Mexico City,4.304,17,alonso,Spanish,alpine,French
10,2021,rodriguez,Mexico City,4.304,17,raikkonen,Finnish,alfa,Swiss
9,2021,rodriguez,Mexico City,4.304,17,vettel,German,aston_martin,British
4,2021,rodriguez,Mexico City,4.304,17,perez,Mexican,red_bull,Austrian
7,2021,rodriguez,Mexico City,4.304,17,ricciardo,Australian,mclaren,British
1,2021,rodriguez,Mexico City,4.304,17,bottas,Finnish,mercedes,German
3,2021,rodriguez,Mexico City,4.304,17,max_verstappen,Dutch,red_bull,Austrian
6,2021,rodriguez,Mexico City,4.304,17,sainz,Spanish,ferrari,Italian
19,2021,rodriguez,Mexico City,4.304,17,ocon,French,alpine,French
20,2021,rodriguez,Mexico City,4.304,17,stroll,Canadian,aston_martin,British
11,2021,rodriguez,Mexico City,4.304,17,giovinazzi,Italian,alfa,Swiss
5,2021,rodriguez,Mexico City,4.304,17,gasly,French,alphatauri,Italian
8,2021,rodriguez,Mexico City,4.304,17,leclerc,Monegasque,ferrari,Italian
18,2021,rodriguez,Mexico City,4.304,17,norris,British,mclaren,British
16,2021,rodriguez,Mexico City,4.304,17,russell,British,williams,British
13,2021,rodriguez,Mexico City,4.304,17,latifi,Canadian,williams,British
15,2021,rodriguez,Mexico City,4.304,17,mazepin,Russian,haas,American
10,2021,interlagos,São Paulo,4.309,15,hamilton,British,mercedes,German
12,2021,interlagos,São Paulo,4.309,15,alonso,Spanish,alpine,French
0,2021,interlagos,São Paulo,4.309,15,raikkonen,Finnish,alfa,Swiss
9,2021,interlagos,São Paulo,4.309,15,vettel,German,aston_martin,British
4,2021,interlagos,São Paulo,4.309,15,perez,Mexican,red_bull,Austrian
11,2021,interlagos,São Paulo,4.309,15,ricciardo,Australian,mclaren,British
1,2021,interlagos,São Paulo,4.309,15,bottas,Finnish,mercedes,German
2,2021,interlagos,São Paulo,4.309,15,max_verstappen,Dutch,red_bull,Austrian
3,2021,interlagos,São Paulo,4.309,15,sainz,Spanish,ferrari,Italian
8,2021,interlagos,São Paulo,4.309,15,ocon,French,alpine,French
14,2021,interlagos,São Paulo,4.309,15,stroll,Canadian,aston_martin,British
13,2021,interlagos,São Paulo,4.309,15,giovinazzi,Italian,alfa,Swiss
7,2021,interlagos,São Paulo,4.309,15,gasly,French,alphatauri,Italian
6,2021,interlagos,São Paulo,4.309,15,leclerc,Monegasque,ferrari,Italian
5,2021,interlagos,São Paulo,4.309,15,norris,British,mclaren,British
17,2021,interlagos,São Paulo,4.309,15,russell,British,williams,British
16,2021,interlagos,São Paulo,4.309,15,latifi,Canadian,williams,British
15,2021,interlagos,São Paulo,4.309,15,tsunoda,Japanese,alphatauri,Italian
19,2021,interlagos,São Paulo,4.309,15,mazepin,Russian,haas,American
18,2021,interlagos,São Paulo,4.309,15,mick_schumacher,German,haas,American
1,2021,jeddah,Jeddah,6.174,27,hamilton,British,mercedes,German
13,2021,jeddah,Jeddah,6.174,27,alonso,Spanish,alpine,French
12,2021,jeddah,Jeddah,6.174,27,raikkonen,Finnish,alfa,Swiss
17,2021,jeddah,Jeddah,6.174,27,vettel,German,aston_martin,British
5,2021,jeddah,Jeddah,6.174,27,perez,Mexican,red_bull,Austrian
11,2021,jeddah,Jeddah,6.174,27,ricciardo,Australian,mclaren,British
2,2021,jeddah,Jeddah,6.174,27,bottas,Finnish,mercedes,German
3,2021,jeddah,Jeddah,6.174,27,max_verstappen,Dutch,red_bull,Austrian
15,2021,jeddah,Jeddah,6.174,27,sainz,Spanish,ferrari,Italian
9,2021,jeddah,Jeddah,6.174,27,ocon,French,alpine,French
18,2021,jeddah,Jeddah,6.174,27,stroll,Canadian,aston_martin,British
10,2021,jeddah,Jeddah,6.174,27,giovinazzi,Italian,alfa,Swiss
6,2021,jeddah,Jeddah,6.174,27,gasly,French,alphatauri,Italian
4,2021,jeddah,Jeddah,6.174,27,leclerc,Monegasque,ferrari,Italian
7,2021,jeddah,Jeddah,6.174,27,norris,British,mclaren,British
14,2021,jeddah,Jeddah,6.174,27,russell,British,williams,British
16,2021,jeddah,Jeddah,6.174,27,latifi,Canadian,williams,British
8,2021,jeddah,Jeddah,6.174,27,tsunoda,Japanese,alphatauri,Italian
20,2021,jeddah,Jeddah,6.174,27,mazepin,Russian,haas,American
1,2021,bahrain,Sakhir,5.412,15,max_verstappen,Dutch,red_bull,Austrian
8,2021,bahrain,Sakhir,5.412,15,sainz,Spanish,ferrari,Italian
16,2021,bahrain,Sakhir,5.412,15,ocon,French,alpine,French
10,2021,bahrain,Sakhir,5.412,15,stroll,Canadian,aston_martin,British
10,2021,catalunya,Montmeló,4.657,14,alonso,Spanish,alpine,French
17,2021,catalunya,Montmeló,4.657,14,raikkonen,Finnish,alfa,Swiss
13,2021,catalunya,Montmeló,4.657,14,vettel,German,aston_martin,British
8,2021,catalunya,Montmeló,4.657,14,perez,Mexican,red_bull,Austrian
15,2021,yas_marina,Abu Dhabi,5.281,16,vettel,German,aston_martin,British
4,2021,yas_marina,Abu Dhabi,5.281,16,perez,Mexican,red_bull,Austrian
10,2021,yas_marina,Abu Dhabi,5.281,16,ricciardo,Australian,mclaren,British
6,2021,yas_marina,Abu Dhabi,5.281,16,bottas,Finnish,mercedes,German
20,2021,bahrain,Sakhir,5.412,15,vettel,German,aston_martin,British
0,2021,bahrain,Sakhir,5.412,15,perez,Mexican,red_bull,Austrian
6,2021,bahrain,Sakhir,5.412,15,ricciardo,Australian,mclaren,British
3,2021,bahrain,Sakhir,5.412,15,bottas,Finnish,mercedes,German
14,2021,yas_marina,Abu Dhabi,5.281,16,giovinazzi,Italian,alfa,Swiss
12,2021,yas_marina,Abu Dhabi,5.281,16,gasly,French,alphatauri,Italian
7,2021,yas_marina,Abu Dhabi,5.281,16,leclerc,Monegasque,ferrari,Italian
3,2021,yas_marina,Abu Dhabi,5.281,16,norris,British,mclaren,British
19,2021,jeddah,Jeddah,6.174,27,mick_schumacher,German,haas,American
2,2021,yas_marina,Abu Dhabi,5.281,16,hamilton,British,mercedes,German
11,2021,yas_marina,Abu Dhabi,5.281,16,alonso,Spanish,alpine,French
18,2021,yas_marina,Abu Dhabi,5.281,16,raikkonen,Finnish,alfa,Swiss
17,2021,yas_marina,Abu Dhabi,5.281,16,russell,British,williams,British
16,2021,yas_marina,Abu Dhabi,5.281,16,latifi,Canadian,williams,British
8,2021,yas_marina,Abu Dhabi,5.281,16,tsunoda,Japanese,alphatauri,Italian
19,2021,yas_marina,Abu Dhabi,5.281,16,mick_schumacher,German,haas,American
1,2021,yas_marina,Abu Dhabi,5.281,16,max_verstappen,Dutch,red_bull,Austrian
5,2021,yas_marina,Abu Dhabi,5.281,16,sainz,Spanish,ferrari,Italian
9,2021,yas_marina,Abu Dhabi,5.281,16,ocon,French,alpine,French
13,2021,yas_marina,Abu Dhabi,5.281,16,stroll,Canadian,aston_martin,British
5,2021,catalunya,Montmeló,4.657,14,ocon,French,alpine,French
11,2021,catalunya,Montmeló,4.657,14,stroll,Canadian,aston_martin,British
14,2021,catalunya,Montmeló,4.657,14,giovinazzi,Italian,alfa,Swiss
12,2021,catalunya,Montmeló,4.657,14,gasly,French,alphatauri,Italian
4,2021,catalunya,Montmeló,4.657,14,leclerc,Monegasque,ferrari,Italian
9,2021,catalunya,Montmeló,4.657,14,norris,British,mclaren,British
15,2021,catalunya,Montmeló,4.657,14,russell,British,williams,British
19,2021,catalunya,Montmeló,4.657,14,latifi,Canadian,williams,British
16,2021,catalunya,Montmeló,4.657,14,tsunoda,Japanese,alphatauri,Italian
20,2021,catalunya,Montmeló,4.657,14,mazepin,Russian,haas,American
18,2021,catalunya,Montmeló,4.657,14,mick_schumacher,German,haas,American
7,2021,monaco,Monte-Carlo,3.337,19,hamilton,British,mercedes,German
17,2021,monaco,Monte-Carlo,3.337,19,alonso,Spanish,alpine,French
14,2021,monaco,Monte-Carlo,3.337,19,raikkonen,Finnish,alfa,Swiss
8,2021,monaco,Monte-Carlo,3.337,19,vettel,German,aston_martin,British
9,2021,monaco,Monte-Carlo,3.337,19,perez,Mexican,red_bull,Austrian
12,2021,monaco,Monte-Carlo,3.337,19,ricciardo,Australian,mclaren,British
3,2021,monaco,Monte-Carlo,3.337,19,bottas,Finnish,mercedes,German
2,2021,monaco,Monte-Carlo,3.337,19,max_verstappen,Dutch,red_bull,Austrian
4,2021,monaco,Monte-Carlo,3.337,19,sainz,Spanish,ferrari,Italian
11,2021,monaco,Monte-Carlo,3.337,19,ocon,French,alpine,French
13,2021,monaco,Monte-Carlo,3.337,19,stroll,Canadian,aston_martin,British
10,2021,monaco,Monte-Carlo,3.337,19,giovinazzi,Italian,alfa,Swiss
6,2021,monaco,Monte-Carlo,3.337,19,gasly,French,alphatauri,Italian
5,2021,monaco,Monte-Carlo,3.337,19,norris,British,mclaren,British
15,2021,monaco,Monte-Carlo,3.337,19,russell,British,williams,British
18,2021,monaco,Monte-Carlo,3.337,19,latifi,Canadian,williams,British
16,2021,monaco,Monte-Carlo,3.337,19,tsunoda,Japanese,alphatauri,Italian
19,2021,monaco,Monte-Carlo,3.337,19,mazepin,Russian,haas,American
20,2021,monaco,Monte-Carlo,3.337,19,mick_schumacher,German,haas,American
2,2021,baku,Baku,6.003,20,hamilton,British,mercedes,German
8,2021,baku,Baku,6.003,20,alonso,Spanish,alpine,French
17,2021,losail,Al Daayen,5.419,16,latifi,Canadian,williams,British
8,2021,losail,Al Daayen,5.419,16,tsunoda,Japanese,alphatauri,Italian
20,2021,losail,Al Daayen,5.419,16,mazepin,Russian,haas,American
19,2021,losail,Al Daayen,5.419,16,mick_schumacher,German,haas,American
2,2021,bahrain,Sakhir,5.412,15,hamilton,British,mercedes,German
9,2021,bahrain,Sakhir,5.412,15,alonso,Spanish,alpine,French
14,2021,bahrain,Sakhir,5.412,15,raikkonen,Finnish,alfa,Swiss
7,2021,losail,Al Daayen,5.419,16,max_verstappen,Dutch,red_bull,Austrian
5,2021,losail,Al Daayen,5.419,16,sainz,Spanish,ferrari,Italian
9,2021,losail,Al Daayen,5.419,16,ocon,French,alpine,French
6,2021,losail,Al Daayen,5.419,16,bottas,Finnish,mercedes,German
15,2022,yas_marina,Abu Dhabi,5.281,16,zhou,Chinese,alfa,Swiss
3,2022,interlagos,São Paulo,4.309,15,max_verstappen,Dutch,red_bull,Austrian
7,2022,interlagos,São Paulo,4.309,15,sainz,Spanish,ferrari,Italian
16,2022,interlagos,São Paulo,4.309,15,ocon,French,alpine,French
15,2022,interlagos,São Paulo,4.309,15,stroll,Canadian,aston_martin,British
10,2022,interlagos,São Paulo,4.309,15,gasly,French,alphatauri,Italian
5,2022,interlagos,São Paulo,4.309,15,leclerc,Monegasque,ferrari,Italian
6,2022,interlagos,São Paulo,4.309,15,norris,British,mclaren,British
1,2022,interlagos,São Paulo,4.309,15,russell,British,mercedes,German
15,2022,jeddah,Jeddah,6.174,27,hamilton,British,mercedes,German
7,2022,jeddah,Jeddah,6.174,27,alonso,Spanish,alpine,French
17,2022,jeddah,Jeddah,6.174,27,hulkenberg,German,aston_martin,British
1,2022,jeddah,Jeddah,6.174,27,perez,Mexican,red_bull,Austrian
14,2022,jeddah,Jeddah,6.174,27,ricciardo,Australian,mclaren,British
8,2022,jeddah,Jeddah,6.174,27,bottas,Finnish,alfa,Swiss
10,2022,jeddah,Jeddah,6.174,27,kevin_magnussen,Danish,haas,American
4,2022,jeddah,Jeddah,6.174,27,max_verstappen,Dutch,red_bull,Austrian
3,2022,jeddah,Jeddah,6.174,27,sainz,Spanish,ferrari,Italian
5,2022,jeddah,Jeddah,6.174,27,ocon,French,alpine,French
13,2022,jeddah,Jeddah,6.174,27,stroll,Canadian,aston_martin,British
9,2022,jeddah,Jeddah,6.174,27,gasly,French,alphatauri,Italian
2,2022,jeddah,Jeddah,6.174,27,leclerc,Monegasque,ferrari,Italian
11,2022,jeddah,Jeddah,6.174,27,norris,British,mclaren,British
6,2022,jeddah,Jeddah,6.174,27,russell,British,mercedes,German
16,2022,jeddah,Jeddah,6.174,27,albon,Thai,williams,British
18,2022,jeddah,Jeddah,6.174,27,latifi,Canadian,williams,British
12,2022,jeddah,Jeddah,6.174,27,zhou,Chinese,alfa,Swiss
5,2022,albert_park,Melbourne,5.278,16,hamilton,British,mercedes,German
10,2022,albert_park,Melbourne,5.278,16,alonso,Spanish,alpine,French
17,2022,albert_park,Melbourne,5.278,16,vettel,German,aston_martin,British
3,2022,albert_park,Melbourne,5.278,16,perez,Mexican,red_bull,Austrian
7,2022,albert_park,Melbourne,5.278,16,ricciardo,Australian,mclaren,British
12,2022,albert_park,Melbourne,5.278,16,bottas,Finnish,alfa,Swiss
6,2022,albert_park,Melbourne,5.278,16,russell,British,mercedes,German
20,2022,albert_park,Melbourne,5.278,16,albon,Thai,williams,British
18,2022,albert_park,Melbourne,5.278,16,latifi,Canadian,williams,British
13,2022,albert_park,Melbourne,5.278,16,tsunoda,Japanese,alphatauri,Italian
15,2022,albert_park,Melbourne,5.278,16,mick_schumacher,German,haas,American
14,2022,albert_park,Melbourne,5.278,16,zhou,Chinese,alfa,Swiss
14,2022,imola,Imola,4.909,19,hamilton,British,mercedes,German
9,2022,imola,Imola,4.909,19,alonso,Spanish,alpine,French
13,2022,imola,Imola,4.909,19,vettel,German,aston_martin,British
3,2022,imola,Imola,4.909,19,perez,Mexican,red_bull,Austrian
6,2022,imola,Imola,4.909,19,ricciardo,Australian,mclaren,British
7,2022,imola,Imola,4.909,19,bottas,Finnish,alfa,Swiss
8,2022,imola,Imola,4.909,19,kevin_magnussen,Danish,haas,American
1,2022,imola,Imola,4.909,19,max_verstappen,Dutch,red_bull,Austrian
16,2022,imola,Imola,4.909,19,ocon,French,alpine,French
15,2022,imola,Imola,4.909,19,stroll,Canadian,aston_martin,British
17,2022,imola,Imola,4.909,19,gasly,French,alphatauri,Italian
2,2022,imola,Imola,4.909,19,leclerc,Monegasque,ferrari,Italian
5,2022,imola,Imola,4.909,19,norris,British,mclaren,British
11,2022,imola,Imola,4.909,19,russell,British,mercedes,German
18,2022,imola,Imola,4.909,19,albon,Thai,williams,British
19,2022,imola,Imola,4.909,19,latifi,Canadian,williams,British
12,2022,imola,Imola,4.909,19,tsunoda,Japanese,alphatauri,Italian
10,2022,imola,Imola,4.909,19,mick_schumacher,German,haas,American
1,2022,bahrain,Sakhir,5.412,15,leclerc,Monegasque,ferrari,Italian
13,2022,bahrain,Sakhir,5.412,15,norris,British,mclaren,British
9,2022,bahrain,Sakhir,5.412,15,russell,British,mercedes,German
14,2022,bahrain,Sakhir,5.412,15,albon,Thai,williams,British
20,2022,bahrain,Sakhir,5.412,15,latifi,Canadian,williams,British
16,2022,bahrain,Sakhir,5.412,15,tsunoda,Japanese,alphatauri,Italian
12,2022,bahrain,Sakhir,5.412,15,mick_schumacher,German,haas,American
15,2022,bahrain,Sakhir,5.412,15,zhou,Chinese,alfa,Swiss
3,2022,miami,Miami,5.412,19,max_verstappen,Dutch,red_bull,Austrian
2,2022,miami,Miami,5.412,19,sainz,Spanish,ferrari,Italian
20,2022,miami,Miami,5.412,19,ocon,French,alpine,French
0,2022,miami,Miami,5.412,19,stroll,Canadian,aston_martin,British
7,2022,miami,Miami,5.412,19,gasly,French,alphatauri,Italian
1,2022,miami,Miami,5.412,19,leclerc,Monegasque,ferrari,Italian
8,2022,miami,Miami,5.412,19,norris,British,mclaren,British
12,2022,miami,Miami,5.412,19,russell,British,mercedes,German
18,2022,miami,Miami,5.412,19,albon,Thai,williams,British
19,2022,miami,Miami,5.412,19,latifi,Canadian,williams,British
9,2022,miami,Miami,5.412,19,tsunoda,Japanese,alphatauri,Italian
15,2022,miami,Miami,5.412,19,mick_schumacher,German,haas,American
17,2022,miami,Miami,5.412,19,zhou,Chinese,alfa,Swiss
6,2022,catalunya,Montmeló,4.657,14,hamilton,British,mercedes,German
20,2022,catalunya,Montmeló,4.657,14,alonso,Spanish,alpine,French
16,2022,catalunya,Montmeló,4.657,14,vettel,German,aston_martin,British
5,2022,catalunya,Montmeló,4.657,14,perez,Mexican,red_bull,Austrian
9,2022,catalunya,Montmeló,4.657,14,ricciardo,Australian,mclaren,British
7,2022,catalunya,Montmeló,4.657,14,bottas,Finnish,alfa,Swiss
8,2022,catalunya,Montmeló,4.657,14,kevin_magnussen,Danish,haas,American
2,2022,catalunya,Montmeló,4.657,14,max_verstappen,Dutch,red_bull,Austrian
3,2022,catalunya,Montmeló,4.657,14,sainz,Spanish,ferrari,Italian
12,2022,catalunya,Montmeló,4.657,14,ocon,French,alpine,French
17,2022,catalunya,Montmeló,4.657,14,stroll,Canadian,aston_martin,British
16,2022,albert_park,Melbourne,5.278,16,kevin_magnussen,Danish,haas,American
2,2022,albert_park,Melbourne,5.278,16,max_verstappen,Dutch,red_bull,Austrian
9,2022,albert_park,Melbourne,5.278,16,sainz,Spanish,ferrari,Italian
8,2022,albert_park,Melbourne,5.278,16,ocon,French,alpine,French
19,2022,albert_park,Melbourne,5.278,16,stroll,Canadian,aston_martin,British
11,2022,albert_park,Melbourne,5.278,16,gasly,French,alphatauri,Italian
1,2022,albert_park,Melbourne,5.278,16,leclerc,Monegasque,ferrari,Italian
4,2022,albert_park,Melbourne,5.278,16,norris,British,mclaren,British
15,2022,catalunya,Montmeló,4.657,14,zhou,Chinese,alfa,Swiss
8,2022,monaco,Monte-Carlo,3.337,19,hamilton,British,mercedes,German
7,2022,monaco,Monte-Carlo,3.337,19,alonso,Spanish,alpine,French
9,2022,monaco,Monte-Carlo,3.337,19,vettel,German,aston_martin,British
3,2022,monaco,Monte-Carlo,3.337,19,perez,Mexican,red_bull,Austrian
14,2022,monaco,Monte-Carlo,3.337,19,ricciardo,Australian,mclaren,British
12,2022,monaco,Monte-Carlo,3.337,19,bottas,Finnish,alfa,Swiss
13,2022,monaco,Monte-Carlo,3.337,19,kevin_magnussen,Danish,haas,American
4,2022,monaco,Monte-Carlo,3.337,19,max_verstappen,Dutch,red_bull,Austrian
2,2022,monaco,Monte-Carlo,3.337,19,sainz,Spanish,ferrari,Italian
10,2022,monaco,Monte-Carlo,3.337,19,ocon,French,alpine,French
18,2022,monaco,Monte-Carlo,3.337,19,stroll,Canadian,aston_martin,British
17,2022,monaco,Monte-Carlo,3.337,19,gasly,French,alphatauri,Italian
1,2022,monaco,Monte-Carlo,3.337,19,leclerc,Monegasque,ferrari,Italian
5,2022,monaco,Monte-Carlo,3.337,19,norris,British,mclaren,British
6,2022,monaco,Monte-Carlo,3.337,19,russell,British,mercedes,German
16,2022,monaco,Monte-Carlo,3.337,19,albon,Thai,williams,British
19,2022,monaco,Monte-Carlo,3.337,19,latifi,Canadian,williams,British
11,2022,monaco,Monte-Carlo,3.337,19,tsunoda,Japanese,alphatauri,Italian
15,2022,monaco,Monte-Carlo,3.337,19,mick_schumacher,German,haas,American
20,2022,monaco,Monte-Carlo,3.337,19,zhou,Chinese,alfa,Swiss
7,2022,baku,Baku,6.003,20,hamilton,British,mercedes,German
10,2022,baku,Baku,6.003,20,alonso,Spanish,alpine,French
9,2022,baku,Baku,6.003,20,vettel,German,aston_martin,British
0,2022,imola,Imola,4.909,19,zhou,Chinese,alfa,Swiss
6,2022,miami,Miami,5.412,19,hamilton,British,mercedes,German
11,2022,miami,Miami,5.412,19,alonso,Spanish,alpine,French
0,2022,miami,Miami,5.412,19,vettel,German,aston_martin,British
4,2022,miami,Miami,5.412,19,perez,Mexican,red_bull,Austrian
14,2022,miami,Miami,5.412,19,ricciardo,Australian,mclaren,British
5,2022,miami,Miami,5.412,19,bottas,Finnish,alfa,Swiss
16,2022,miami,Miami,5.412,19,kevin_magnussen,Danish,haas,American
6,2022,baku,Baku,6.003,20,gasly,French,alphatauri,Italian
1,2022,baku,Baku,6.003,20,leclerc,Monegasque,ferrari,Italian
11,2022,baku,Baku,6.003,20,norris,British,mclaren,British
5,2022,baku,Baku,6.003,20,russell,British,mercedes,German
17,2022,baku,Baku,6.003,20,albon,Thai,williams,British
18,2022,baku,Baku,6.003,20,latifi,Canadian,williams,British
8,2022,baku,Baku,6.003,20,tsunoda,Japanese,alphatauri,Italian
20,2022,baku,Baku,6.003,20,mick_schumacher,German,haas,American
14,2022,baku,Baku,6.003,20,zhou,Chinese,alfa,Swiss
4,2022,villeneuve,Montreal,4.361,14,hamilton,British,mercedes,German
2,2022,villeneuve,Montreal,4.361,14,alonso,Spanish,alpine,French
16,2022,villeneuve,Montreal,4.361,14,vettel,German,aston_martin,British
13,2022,villeneuve,Montreal,4.361,14,perez,Mexican,red_bull,Austrian
9,2022,villeneuve,Montreal,4.361,14,ricciardo,Australian,mclaren,British
11,2022,villeneuve,Montreal,4.361,14,bottas,Finnish,alfa,Swiss
5,2022,villeneuve,Montreal,4.361,14,kevin_magnussen,Danish,haas,American
1,2022,villeneuve,Montreal,4.361,14,max_verstappen,Dutch,red_bull,Austrian
3,2022,villeneuve,Montreal,4.361,14,sainz,Spanish,ferrari,Italian
7,2022,villeneuve,Montreal,4.361,14,ocon,French,alpine,French
17,2022,villeneuve,Montreal,4.361,14,stroll,Canadian,aston_martin,British
15,2022,villeneuve,Montreal,4.361,14,gasly,French,alphatauri,Italian
19,2022,villeneuve,Montreal,4.361,14,leclerc,Monegasque,ferrari,Italian
14,2022,villeneuve,Montreal,4.361,14,norris,British,mclaren,British
8,2022,villeneuve,Montreal,4.361,14,russell,British,mercedes,German
14,2022,catalunya,Montmeló,4.657,14,gasly,French,alphatauri,Italian
1,2022,catalunya,Montmeló,4.657,14,leclerc,Monegasque,ferrari,Italian
11,2022,catalunya,Montmeló,4.657,14,norris,British,mclaren,British
4,2022,catalunya,Montmeló,4.657,14,russell,British,mercedes,German
18,2022,catalunya,Montmeló,4.657,14,albon,Thai,williams,British
19,2022,catalunya,Montmeló,4.657,14,latifi,Canadian,williams,British
13,2022,catalunya,Montmeló,4.657,14,tsunoda,Japanese,alphatauri,Italian
10,2022,catalunya,Montmeló,4.657,14,mick_schumacher,German,haas,American
4,2022,silverstone,Silverstone,5.891,18,perez,Mexican,red_bull,Austrian
14,2022,silverstone,Silverstone,5.891,18,ricciardo,Australian,mclaren,British
12,2022,silverstone,Silverstone,5.891,18,bottas,Finnish,alfa,Swiss
17,2022,silverstone,Silverstone,5.891,18,kevin_magnussen,Danish,haas,American
2,2022,silverstone,Silverstone,5.891,18,max_verstappen,Dutch,red_bull,Austrian
1,2022,silverstone,Silverstone,5.891,18,sainz,Spanish,ferrari,Italian
15,2022,silverstone,Silverstone,5.891,18,ocon,French,alpine,French
20,2022,silverstone,Silverstone,5.891,18,stroll,Canadian,aston_martin,British
11,2022,silverstone,Silverstone,5.891,18,gasly,French,alphatauri,Italian
3,2022,silverstone,Silverstone,5.891,18,leclerc,Monegasque,ferrari,Italian
6,2022,silverstone,Silverstone,5.891,18,norris,British,mclaren,British
10,2022,silverstone,Silverstone,5.891,18,latifi,Canadian,williams,British
13,2022,silverstone,Silverstone,5.891,18,tsunoda,Japanese,alphatauri,Italian
19,2022,silverstone,Silverstone,5.891,18,mick_schumacher,German,haas,American
8,2022,red_bull_ring,Spielberg,4.318,10,hamilton,British,mercedes,German
19,2022,red_bull_ring,Spielberg,4.318,10,alonso,Spanish,alpine,French
18,2022,red_bull_ring,Spielberg,4.318,10,vettel,German,aston_martin,British
5,2022,red_bull_ring,Spielberg,4.318,10,perez,Mexican,red_bull,Austrian
11,2022,red_bull_ring,Spielberg,4.318,10,ricciardo,Australian,mclaren,British
0,2022,red_bull_ring,Spielberg,4.318,10,bottas,Finnish,alfa,Swiss
7,2022,red_bull_ring,Spielberg,4.318,10,kevin_magnussen,Danish,haas,American
1,2022,red_bull_ring,Spielberg,4.318,10,max_verstappen,Dutch,red_bull,Austrian
3,2022,red_bull_ring,Spielberg,4.318,10,sainz,Spanish,ferrari,Italian
6,2022,red_bull_ring,Spielberg,4.318,10,ocon,French,alpine,French
2,2022,baku,Baku,6.003,20,perez,Mexican,red_bull,Austrian
12,2022,baku,Baku,6.003,20,ricciardo,Australian,mclaren,British
15,2022,baku,Baku,6.003,20,bottas,Finnish,alfa,Swiss
16,2022,baku,Baku,6.003,20,kevin_magnussen,Danish,haas,American
3,2022,baku,Baku,6.003,20,max_verstappen,Dutch,red_bull,Austrian
4,2022,baku,Baku,6.003,20,sainz,Spanish,ferrari,Italian
13,2022,baku,Baku,6.003,20,ocon,French,alpine,French
19,2022,baku,Baku,6.003,20,stroll,Canadian,aston_martin,British
9,2022,red_bull_ring,Spielberg,4.318,10,mick_schumacher,German,haas,American
13,2022,red_bull_ring,Spielberg,4.318,10,zhou,Chinese,alfa,Swiss
4,2022,ricard,Le Castellet,5.842,15,hamilton,British,mercedes,German
7,2022,ricard,Le Castellet,5.842,15,alonso,Spanish,alpine,French
12,2022,ricard,Le Castellet,5.842,15,vettel,German,aston_martin,British
3,2022,ricard,Le Castellet,5.842,15,perez,Mexican,red_bull,Austrian
9,2022,ricard,Le Castellet,5.842,15,ricciardo,Australian,mclaren,British
11,2022,ricard,Le Castellet,5.842,15,bottas,Finnish,alfa,Swiss
20,2022,ricard,Le Castellet,5.842,15,kevin_magnussen,Danish,haas,American
2,2022,ricard,Le Castellet,5.842,15,max_verstappen,Dutch,red_bull,Austrian
19,2022,ricard,Le Castellet,5.842,15,sainz,Spanish,ferrari,Italian
10,2022,ricard,Le Castellet,5.842,15,ocon,French,alpine,French
15,2022,ricard,Le Castellet,5.842,15,stroll,Canadian,aston_martin,British
14,2022,ricard,Le Castellet,5.842,15,gasly,French,alphatauri,Italian
1,2022,ricard,Le Castellet,5.842,15,leclerc,Monegasque,ferrari,Italian
5,2022,ricard,Le Castellet,5.842,15,norris,British,mclaren,British
6,2022,ricard,Le Castellet,5.842,15,russell,British,mercedes,German
13,2022,ricard,Le Castellet,5.842,15,albon,Thai,williams,British
18,2022,ricard,Le Castellet,5.842,15,latifi,Canadian,williams,British
8,2022,ricard,Le Castellet,5.842,15,tsunoda,Japanese,alphatauri,Italian
17,2022,ricard,Le Castellet,5.842,15,mick_schumacher,German,haas,American
16,2022,ricard,Le Castellet,5.842,15,zhou,Chinese,alfa,Swiss
7,2022,hungaroring,Budapest,4.381,14,hamilton,British,mercedes,German
6,2022,hungaroring,Budapest,4.381,14,alonso,Spanish,alpine,French
12,2022,villeneuve,Montreal,4.361,14,albon,Thai,williams,British
18,2022,villeneuve,Montreal,4.361,14,latifi,Canadian,williams,British
20,2022,villeneuve,Montreal,4.361,14,tsunoda,Japanese,alphatauri,Italian
6,2022,villeneuve,Montreal,4.361,14,mick_schumacher,German,haas,American
10,2022,villeneuve,Montreal,4.361,14,zhou,Chinese,alfa,Swiss
5,2022,silverstone,Silverstone,5.891,18,hamilton,British,mercedes,German
7,2022,silverstone,Silverstone,5.891,18,alonso,Spanish,alpine,French
18,2022,silverstone,Silverstone,5.891,18,vettel,German,aston_martin,British
14,2022,hungaroring,Budapest,4.381,14,stroll,Canadian,aston_martin,British
0,2022,hungaroring,Budapest,4.381,14,gasly,French,alphatauri,Italian
3,2022,hungaroring,Budapest,4.381,14,leclerc,Monegasque,ferrari,Italian
4,2022,hungaroring,Budapest,4.381,14,norris,British,mclaren,British
1,2022,hungaroring,Budapest,4.381,14,russell,British,mercedes,German
17,2022,hungaroring,Budapest,4.381,14,albon,Thai,williams,British
19,2022,hungaroring,Budapest,4.381,14,latifi,Canadian,williams,British
16,2022,hungaroring,Budapest,4.381,14,tsunoda,Japanese,alphatauri,Italian
15,2022,hungaroring,Budapest,4.381,14,mick_schumacher,German,haas,American
12,2022,hungaroring,Budapest,4.381,14,zhou,Chinese,alfa,Swiss
3,2022,spa,Spa,7.004,20,alonso,Spanish,alpine,French
10,2022,spa,Spa,7.004,20,vettel,German,aston_martin,British
2,2022,spa,Spa,7.004,20,perez,Mexican,red_bull,Austrian
7,2022,spa,Spa,7.004,20,ricciardo,Australian,mclaren,British
13,2022,spa,Spa,7.004,20,bottas,Finnish,alfa,Swiss
12,2022,spa,Spa,7.004,20,kevin_magnussen,Danish,haas,American
14,2022,spa,Spa,7.004,20,max_verstappen,Dutch,red_bull,Austrian
1,2022,spa,Spa,7.004,20,sainz,Spanish,ferrari,Italian
16,2022,spa,Spa,7.004,20,ocon,French,alpine,French
9,2022,spa,Spa,7.004,20,stroll,Canadian,aston_martin,British
0,2022,spa,Spa,7.004,20,gasly,French,alphatauri,Italian
15,2022,spa,Spa,7.004,20,leclerc,Monegasque,ferrari,Italian
17,2022,spa,Spa,7.004,20,norris,British,mclaren,British
5,2022,spa,Spa,7.004,20,russell,British,mercedes,German
12,2022,red_bull_ring,Spielberg,4.318,10,stroll,Canadian,aston_martin,British
14,2022,red_bull_ring,Spielberg,4.318,10,gasly,French,alphatauri,Italian
2,2022,red_bull_ring,Spielberg,4.318,10,leclerc,Monegasque,ferrari,Italian
10,2022,red_bull_ring,Spielberg,4.318,10,norris,British,mclaren,British
4,2022,red_bull_ring,Spielberg,4.318,10,russell,British,mercedes,German
15,2022,red_bull_ring,Spielberg,4.318,10,albon,Thai,williams,British
17,2022,red_bull_ring,Spielberg,4.318,10,latifi,Canadian,williams,British
16,2022,red_bull_ring,Spielberg,4.318,10,tsunoda,Japanese,alphatauri,Italian
5,2022,zandvoort,Zandvoort,4.259,14,perez,Mexican,red_bull,Austrian
17,2022,zandvoort,Zandvoort,4.259,14,ricciardo,Australian,mclaren,British
16,2022,zandvoort,Zandvoort,4.259,14,bottas,Finnish,alfa,Swiss
18,2022,zandvoort,Zandvoort,4.259,14,kevin_magnussen,Danish,haas,American
1,2022,zandvoort,Zandvoort,4.259,14,max_verstappen,Dutch,red_bull,Austrian
3,2022,zandvoort,Zandvoort,4.259,14,sainz,Spanish,ferrari,Italian
12,2022,zandvoort,Zandvoort,4.259,14,ocon,French,alpine,French
10,2022,zandvoort,Zandvoort,4.259,14,stroll,Canadian,aston_martin,British
11,2022,zandvoort,Zandvoort,4.259,14,gasly,French,alphatauri,Italian
2,2022,zandvoort,Zandvoort,4.259,14,leclerc,Monegasque,ferrari,Italian
7,2022,zandvoort,Zandvoort,4.259,14,norris,British,mclaren,British
6,2022,zandvoort,Zandvoort,4.259,14,russell,British,mercedes,German
15,2022,zandvoort,Zandvoort,4.259,14,albon,Thai,williams,British
20,2022,zandvoort,Zandvoort,4.259,14,latifi,Canadian,williams,British
9,2022,zandvoort,Zandvoort,4.259,14,tsunoda,Japanese,alphatauri,Italian
8,2022,zandvoort,Zandvoort,4.259,14,mick_schumacher,German,haas,American
14,2022,zandvoort,Zandvoort,4.259,14,zhou,Chinese,alfa,Swiss
19,2022,monza,Monza,5.793,11,hamilton,British,mercedes,German
6,2022,monza,Monza,5.793,11,alonso,Spanish,alpine,French
11,2022,monza,Monza,5.793,11,vettel,German,aston_martin,British
13,2022,monza,Monza,5.793,11,perez,Mexican,red_bull,Austrian
4,2022,monza,Monza,5.793,11,ricciardo,Australian,mclaren,British
15,2022,monza,Monza,5.793,11,bottas,Finnish,alfa,Swiss
16,2022,monza,Monza,5.793,11,kevin_magnussen,Danish,haas,American
18,2022,hungaroring,Budapest,4.381,14,vettel,German,aston_martin,British
11,2022,hungaroring,Budapest,4.381,14,perez,Mexican,red_bull,Austrian
9,2022,hungaroring,Budapest,4.381,14,ricciardo,Australian,mclaren,British
8,2022,hungaroring,Budapest,4.381,14,bottas,Finnish,alfa,Swiss
13,2022,hungaroring,Budapest,4.381,14,kevin_magnussen,Danish,haas,American
10,2022,hungaroring,Budapest,4.381,14,max_verstappen,Dutch,red_bull,Austrian
2,2022,hungaroring,Budapest,4.381,14,sainz,Spanish,ferrari,Italian
5,2022,hungaroring,Budapest,4.381,14,ocon,French,alpine,French
10,2022,monza,Monza,5.793,11,latifi,Canadian,williams,British
20,2022,monza,Monza,5.793,11,tsunoda,Japanese,alphatauri,Italian
17,2022,monza,Monza,5.793,11,mick_schumacher,German,haas,American
9,2022,monza,Monza,5.793,11,zhou,Chinese,alfa,Swiss
8,2022,monza,Monza,5.793,11,de_vries,Dutch,williams,British
3,2022,marina_bay,Marina Bay,4.94,19,hamilton,British,mercedes,German
5,2022,marina_bay,Marina Bay,4.94,19,alonso,Spanish,alpine,French
13,2022,marina_bay,Marina Bay,4.94,19,vettel,German,aston_martin,British
2,2022,marina_bay,Marina Bay,4.94,19,perez,Mexican,red_bull,Austrian
16,2022,marina_bay,Marina Bay,4.94,19,ricciardo,Australian,mclaren,British
15,2022,marina_bay,Marina Bay,4.94,19,bottas,Finnish,alfa,Swiss
9,2022,marina_bay,Marina Bay,4.94,19,kevin_magnussen,Danish,haas,American
8,2022,marina_bay,Marina Bay,4.94,19,max_verstappen,Dutch,red_bull,Austrian
4,2022,marina_bay,Marina Bay,4.94,19,sainz,Spanish,ferrari,Italian
17,2022,marina_bay,Marina Bay,4.94,19,ocon,French,alpine,French
11,2022,marina_bay,Marina Bay,4.94,19,stroll,Canadian,aston_martin,British
7,2022,marina_bay,Marina Bay,4.94,19,gasly,French,alphatauri,Italian
1,2022,marina_bay,Marina Bay,4.94,19,leclerc,Monegasque,ferrari,Italian
6,2022,marina_bay,Marina Bay,4.94,19,norris,British,mclaren,British
0,2022,marina_bay,Marina Bay,4.94,19,russell,British,mercedes,German
18,2022,marina_bay,Marina Bay,4.94,19,albon,Thai,williams,British
19,2022,marina_bay,Marina Bay,4.94,19,latifi,Canadian,williams,British
10,2022,marina_bay,Marina Bay,4.94,19,tsunoda,Japanese,alphatauri,Italian
12,2022,marina_bay,Marina Bay,4.94,19,mick_schumacher,German,haas,American
6,2022,spa,Spa,7.004,20,albon,Thai,williams,British
11,2022,spa,Spa,7.004,20,latifi,Canadian,williams,British
0,2022,spa,Spa,7.004,20,tsunoda,Japanese,alphatauri,Italian
19,2022,spa,Spa,7.004,20,mick_schumacher,German,haas,American
18,2022,spa,Spa,7.004,20,zhou,Chinese,alfa,Swiss
4,2022,zandvoort,Zandvoort,4.259,14,hamilton,British,mercedes,German
13,2022,zandvoort,Zandvoort,4.259,14,alonso,Spanish,alpine,French
19,2022,zandvoort,Zandvoort,4.259,14,vettel,German,aston_martin,British
1,2022,suzuka,Suzuka,5.807,18,max_verstappen,Dutch,red_bull,Austrian
5,2022,suzuka,Suzuka,5.807,18,ocon,French,alpine,French
19,2022,suzuka,Suzuka,5.807,18,stroll,Canadian,aston_martin,British
17,2022,suzuka,Suzuka,5.807,18,gasly,French,alphatauri,Italian
2,2022,suzuka,Suzuka,5.807,18,leclerc,Monegasque,ferrari,Italian
10,2022,suzuka,Suzuka,5.807,18,norris,British,mclaren,British
8,2022,suzuka,Suzuka,5.807,18,russell,British,mercedes,German
20,2022,suzuka,Suzuka,5.807,18,latifi,Canadian,williams,British
13,2022,suzuka,Suzuka,5.807,18,tsunoda,Japanese,alphatauri,Italian
15,2022,suzuka,Suzuka,5.807,18,mick_schumacher,German,haas,American
14,2022,suzuka,Suzuka,5.807,18,zhou,Chinese,alfa,Swiss
3,2022,americas,Austin,5.513,20,hamilton,British,mercedes,German
14,2022,americas,Austin,5.513,20,alonso,Spanish,alpine,French
10,2022,americas,Austin,5.513,20,vettel,German,aston_martin,British
9,2022,americas,Austin,5.513,20,perez,Mexican,red_bull,Austrian
15,2022,americas,Austin,5.513,20,ricciardo,Australian,mclaren,British
7,2022,americas,Austin,5.513,20,bottas,Finnish,alfa,Swiss
13,2022,americas,Austin,5.513,20,kevin_magnussen,Danish,haas,American
2,2022,americas,Austin,5.513,20,max_verstappen,Dutch,red_bull,Austrian
1,2022,americas,Austin,5.513,20,sainz,Spanish,ferrari,Italian
0,2022,americas,Austin,5.513,20,ocon,French,alpine,French
5,2022,americas,Austin,5.513,20,stroll,Canadian,aston_martin,British
11,2022,americas,Austin,5.513,20,gasly,French,alphatauri,Italian
12,2022,americas,Austin,5.513,20,leclerc,Monegasque,ferrari,Italian
7,2022,monza,Monza,5.793,11,max_verstappen,Dutch,red_bull,Austrian
18,2022,monza,Monza,5.793,11,sainz,Spanish,ferrari,Italian
14,2022,monza,Monza,5.793,11,ocon,French,alpine,French
12,2022,monza,Monza,5.793,11,stroll,Canadian,aston_martin,British
5,2022,monza,Monza,5.793,11,gasly,French,alphatauri,Italian
1,2022,monza,Monza,5.793,11,leclerc,Monegasque,ferrari,Italian
3,2022,monza,Monza,5.793,11,norris,British,mclaren,British
2,2022,monza,Monza,5.793,11,russell,British,mercedes,German
9,2022,rodriguez,Mexico City,4.304,17,alonso,Spanish,alpine,French
16,2022,rodriguez,Mexico City,4.304,17,vettel,German,aston_martin,British
4,2022,rodriguez,Mexico City,4.304,17,perez,Mexican,red_bull,Austrian
11,2022,rodriguez,Mexico City,4.304,17,ricciardo,Australian,mclaren,British
6,2022,rodriguez,Mexico City,4.304,17,bottas,Finnish,alfa,Swiss
19,2022,rodriguez,Mexico City,4.304,17,kevin_magnussen,Danish,haas,American
1,2022,rodriguez,Mexico City,4.304,17,max_verstappen,Dutch,red_bull,Austrian
5,2022,rodriguez,Mexico City,4.304,17,sainz,Spanish,ferrari,Italian
10,2022,rodriguez,Mexico City,4.304,17,ocon,French,alpine,French
20,2022,rodriguez,Mexico City,4.304,17,stroll,Canadian,aston_martin,British
14,2022,rodriguez,Mexico City,4.304,17,gasly,French,alphatauri,Italian
7,2022,rodriguez,Mexico City,4.304,17,leclerc,Monegasque,ferrari,Italian
8,2022,rodriguez,Mexico City,4.304,17,norris,British,mclaren,British
2,2022,rodriguez,Mexico City,4.304,17,russell,British,mercedes,German
17,2022,rodriguez,Mexico City,4.304,17,albon,Thai,williams,British
18,2022,rodriguez,Mexico City,4.304,17,latifi,Canadian,williams,British
13,2022,rodriguez,Mexico City,4.304,17,tsunoda,Japanese,alphatauri,Italian
15,2022,rodriguez,Mexico City,4.304,17,mick_schumacher,German,haas,American
12,2022,rodriguez,Mexico City,4.304,17,zhou,Chinese,alfa,Swiss
2,2022,interlagos,São Paulo,4.309,15,hamilton,British,mercedes,German
17,2022,interlagos,São Paulo,4.309,15,alonso,Spanish,alpine,French
9,2022,interlagos,São Paulo,4.309,15,vettel,German,aston_martin,British
4,2022,interlagos,São Paulo,4.309,15,perez,Mexican,red_bull,Austrian
14,2022,interlagos,São Paulo,4.309,15,bottas,Finnish,alfa,Swiss
14,2022,marina_bay,Marina Bay,4.94,19,zhou,Chinese,alfa,Swiss
6,2022,suzuka,Suzuka,5.807,18,hamilton,British,mercedes,German
7,2022,suzuka,Suzuka,5.807,18,alonso,Spanish,alpine,French
9,2022,suzuka,Suzuka,5.807,18,vettel,German,aston_martin,British
4,2022,suzuka,Suzuka,5.807,18,perez,Mexican,red_bull,Austrian
11,2022,suzuka,Suzuka,5.807,18,ricciardo,Australian,mclaren,British
12,2022,suzuka,Suzuka,5.807,18,bottas,Finnish,alfa,Swiss
18,2022,suzuka,Suzuka,5.807,18,kevin_magnussen,Danish,haas,American
19,2022,interlagos,São Paulo,4.309,15,albon,Thai,williams,British
18,2022,interlagos,São Paulo,4.309,15,latifi,Canadian,williams,British
0,2022,interlagos,São Paulo,4.309,15,tsunoda,Japanese,alphatauri,Italian
12,2022,interlagos,São Paulo,4.309,15,mick_schumacher,German,haas,American
13,2022,interlagos,São Paulo,4.309,15,zhou,Chinese,alfa,Swiss
5,2022,yas_marina,Abu Dhabi,5.281,16,hamilton,British,mercedes,German
10,2022,yas_marina,Abu Dhabi,5.281,16,alonso,Spanish,alpine,French
9,2022,yas_marina,Abu Dhabi,5.281,16,vettel,German,aston_martin,British
2,2022,yas_marina,Abu Dhabi,5.281,16,perez,Mexican,red_bull,Austrian
13,2022,yas_marina,Abu Dhabi,5.281,16,ricciardo,Australian,mclaren,British
18,2022,yas_marina,Abu Dhabi,5.281,16,bottas,Finnish,alfa,Swiss
16,2022,yas_marina,Abu Dhabi,5.281,16,kevin_magnussen,Danish,haas,American
1,2022,yas_marina,Abu Dhabi,5.281,16,max_verstappen,Dutch,red_bull,Austrian
4,2022,yas_marina,Abu Dhabi,5.281,16,sainz,Spanish,ferrari,Italian
8,2022,yas_marina,Abu Dhabi,5.281,16,ocon,French,alpine,French
14,2022,yas_marina,Abu Dhabi,5.281,16,stroll,Canadian,aston_martin,British
17,2022,yas_marina,Abu Dhabi,5.281,16,gasly,French,alphatauri,Italian
3,2022,yas_marina,Abu Dhabi,5.281,16,leclerc,Monegasque,ferrari,Italian
7,2022,yas_marina,Abu Dhabi,5.281,16,norris,British,mclaren,British
6,2022,yas_marina,Abu Dhabi,5.281,16,russell,British,mercedes,German
19,2022,yas_marina,Abu Dhabi,5.281,16,albon,Thai,williams,British
20,2022,yas_marina,Abu Dhabi,5.281,16,latifi,Canadian,williams,British
11,2022,yas_marina,Abu Dhabi,5.281,16,tsunoda,Japanese,alphatauri,Italian
12,2022,yas_marina,Abu Dhabi,5.281,16,mick_schumacher,German,haas,American
6,2022,americas,Austin,5.513,20,norris,British,mclaren,British
4,2022,americas,Austin,5.513,20,russell,British,mercedes,German
8,2022,americas,Austin,5.513,20,albon,Thai,williams,British
17,2022,americas,Austin,5.513,20,latifi,Canadian,williams,British
19,2022,americas,Austin,5.513,20,tsunoda,Japanese,alphatauri,Italian
16,2022,americas,Austin,5.513,20,mick_schumacher,German,haas,American
18,2022,americas,Austin,5.513,20,zhou,Chinese,alfa,Swiss
3,2022,rodriguez,Mexico City,4.304,17,hamilton,British,mercedes,German
5,2022,bahrain,Sakhir,5.412,15,hamilton,British,mercedes,German
8,2022,bahrain,Sakhir,5.412,15,alonso,Spanish,alpine,French
17,2022,bahrain,Sakhir,5.412,15,hulkenberg,German,aston_martin,British
4,2022,bahrain,Sakhir,5.412,15,perez,Mexican,red_bull,Austrian
18,2022,bahrain,Sakhir,5.412,15,ricciardo,Australian,mclaren,British
6,2022,bahrain,Sakhir,5.412,15,bottas,Finnish,alfa,Swiss
7,2022,bahrain,Sakhir,5.412,15,kevin_magnussen,Danish,haas,American
2,2022,bahrain,Sakhir,5.412,15,max_verstappen,Dutch,red_bull,Austrian
3,2022,bahrain,Sakhir,5.412,15,sainz,Spanish,ferrari,Italian
11,2022,bahrain,Sakhir,5.412,15,ocon,French,alpine,French
19,2022,bahrain,Sakhir,5.412,15,stroll,Canadian,aston_martin,British
10,2022,bahrain,Sakhir,5.412,15,gasly,French,alphatauri,Italian
